Time(s),Torque,signal_0,signal_1,signal_2
0.0,-0.0073260074,-1.8,-0.30000000000000004,18.400000000000002
0.0,-0.0073260074,1.7000000000000002,-0.30000000000000004,18.400000000000002
0.0,-0.0073260074,1.7000000000000002,-0.30000000000000004,18.400000000000002
0.01,0.0024420025,1.7000000000000002,-0.30000000000000004,18.400000000000002
0.01,0.012210012,-1.9000000000000001,0.1,20.1
0.01,0.021978023,-1.9000000000000001,0.1,20.1
0.01,0.041514043,-1.9000000000000001,0.1,20.1
0.01,0.06105006,-1.9000000000000001,0.1,20.1
0.01,0.070818074,-1.9000000000000001,0.1,20.1
0.01,0.105006106,-1.9000000000000001,0.1,20.1
0.02,0.12942614,-1.9000000000000001,0.1,20.1
0.02,0.14896215,-1.9000000000000001,0.1,20.1
0.02,0.17826618,-1.9000000000000001,0.1,20.1
0.02,0.1978022,-1.9000000000000001,0.1,20.1
0.02,0.22222222,-1.9000000000000001,0.2,20.1
0.02,0.22710623,-1.9000000000000001,0.2,20.1
0.03,0.24664225,-1.9000000000000001,0.2,20.1
0.03,0.25152627,-1.9000000000000001,0.2,20.1
0.03,0.26617828,-1.9000000000000001,0.2,20.1
0.03,0.27106228,-1.9000000000000001,0.2,20.1
0.03,0.2759463,-1.9000000000000001,0.2,20.1
0.03,0.2759463,-1.9000000000000001,0.2,20.1
0.03,0.2808303,-1.9000000000000001,0.2,20.1
0.03,0.2759463,-1.9000000000000001,0.2,20.1
0.04,0.2759463,-1.9000000000000001,0.1,20.200000000000003
0.04,0.2759463,-1.9000000000000001,0.1,20.200000000000003
0.04,0.27106228,-1.9000000000000001,0.1,20.200000000000003
0.04,0.26617828,-1.9000000000000001,0.1,20.200000000000003
0.04,0.26129428,-1.9000000000000001,0.1,20.200000000000003
0.04,0.25152627,-1.9000000000000001,0.1,20.200000000000003
0.04,0.24175824,-1.9000000000000001,0.1,20.200000000000003
0.04,0.23199023,-1.9000000000000001,0.1,20.200000000000003
0.05,0.22222222,-1.9000000000000001,0.1,20.200000000000003
0.05,0.2026862,-1.9000000000000001,0.1,20.200000000000003
0.05,0.1978022,-1.9000000000000001,0.2,20.200000000000003
0.05,0.18803419,-1.9000000000000001,0.2,20.200000000000003
0.05,0.18315019,-1.9000000000000001,0.2,20.200000000000003
0.05,0.16849817,-1.9000000000000001,0.2,20.200000000000003
0.05,0.15384616,-1.9000000000000001,0.2,20.200000000000003
0.05,0.14407815,-1.9000000000000001,0.2,20.200000000000003
0.06,0.12942614,-1.9000000000000001,0.2,20.200000000000003
0.06,0.10989011,-1.9000000000000001,0.2,20.200000000000003
0.06,0.0952381,-1.9000000000000001,0.2,20.200000000000003
0.06,0.07570208,-1.9000000000000001,0.2,20.200000000000003
0.06,0.070818074,-1.9000000000000001,0.2,20.200000000000003
0.06,0.06105006,-1.9000000000000001,0.2,20.200000000000003
0.06,0.051282052,-1.9000000000000001,0.2,20.200000000000003
0.07,0.031746034,-1.9000000000000001,0.2,20.200000000000003
0.07,0.026862027,-1.9000000000000001,0.2,20.200000000000003
0.07,0.017094018,-1.9000000000000001,0.2,20.200000000000003
0.07,0.017094018,-1.9000000000000001,0.2,20.200000000000003
0.07,0.0024420025,-1.9000000000000001,0.2,20.200000000000003
0.07,0.0024420025,-1.9000000000000001,0.2,20.200000000000003
0.07,-0.0024420025,-1.9000000000000001,0.2,20.200000000000003
0.07,-0.012210012,-2.0,0.2,20.200000000000003
0.08,-0.021978023,-2.0,0.2,20.200000000000003
0.08,-0.021978023,-2.0,0.2,20.200000000000003
0.08,-0.031746034,-2.0,0.2,20.200000000000003
0.08,-0.046398047,-2.0,0.2,20.200000000000003
0.08,-0.046398047,-2.0,0.2,20.200000000000003
0.08,-0.046398047,-2.0,0.2,20.200000000000003
0.08,-0.051282052,-2.0,0.2,20.200000000000003
0.08,-0.06593407,-2.0,0.2,20.200000000000003
0.09,-0.06593407,-2.0,0.2,20.200000000000003
0.09,-0.06593407,-2.0,0.2,20.200000000000003
0.09,-0.07570208,-2.0,0.2,20.200000000000003
0.09,-0.07570208,-2.0,0.2,20.200000000000003
0.09,-0.07570208,-2.0,0.2,20.200000000000003
0.09,-0.08058608,-2.0,0.2,20.200000000000003
0.09,-0.08547009,-2.0,0.2,20.200000000000003
0.1,-0.08058608,-2.0,0.2,20.200000000000003
0.1,-0.08058608,-2.0,0.2,20.200000000000003
0.1,-0.08058608,-2.0,0.2,20.200000000000003
0.1,-0.08058608,-2.0,0.2,20.200000000000003
0.1,-0.08058608,-2.0,0.2,20.200000000000003
0.1,-0.07570208,-2.0,0.2,20.1
0.1,-0.07570208,-2.0,0.2,20.1
0.1,-0.07570208,-2.0,0.2,20.1
0.11,-0.08058608,-2.0,0.2,20.1
0.11,-0.06105006,-2.0,0.2,20.1
0.11,-0.06593407,-2.0,0.2,20.1
0.11,-0.06105006,-2.0,0.2,20.1
0.11,-0.056166057,-2.0,0.2,20.1
0.11,-0.046398047,-2.0,0.2,20.1
0.11,-0.046398047,-2.0,0.2,20.1
0.11,-0.041514043,-2.0,0.2,20.200000000000003
0.11,-0.03663004,-2.0,0.2,20.200000000000003
0.11,-0.031746034,-2.0,0.2,20.200000000000003
0.12,-0.026862027,-2.0,0.2,20.200000000000003
0.12,-0.026862027,-2.0,0.2,20.200000000000003
0.12,-0.017094018,-2.0,0.2,20.200000000000003
0.12,-0.012210012,-2.0,0.2,20.200000000000003
0.12,-0.0073260074,-2.0,0.2,20.200000000000003
0.12,-0.0024420025,-2.0,0.2,20.200000000000003
0.12,0.0024420025,-2.0,0.2,20.200000000000003
0.13,0.0073260074,-2.0,0.2,20.200000000000003
0.13,0.012210012,-2.0,0.2,20.200000000000003
0.13,0.021978023,-2.0,0.2,20.200000000000003
0.13,0.026862027,-2.0,0.2,20.200000000000003
0.13,0.031746034,-2.0,0.2,20.200000000000003
0.13,0.031746034,-2.0,0.2,20.200000000000003
0.14,0.03663004,-2.0,0.2,20.200000000000003
0.14,0.03663004,-2.0,0.2,20.200000000000003
0.14,0.046398047,-2.0,0.2,20.200000000000003
0.14,0.051282052,-2.0,0.2,20.200000000000003
0.14,0.06105006,-2.0,0.2,20.200000000000003
0.14,0.06593407,-2.0,0.2,20.200000000000003
0.14,0.08547009,-2.0,0.2,20.200000000000003
0.14,0.08547009,-2.0,0.2,20.200000000000003
0.15,0.08547009,-2.0,0.2,20.200000000000003
0.15,0.09035409,-2.0,0.2,20.200000000000003
0.15,0.1001221,-2.0,0.2,20.200000000000003
0.15,0.1001221,-2.0,0.2,20.200000000000003
0.15,0.1001221,-2.0,0.2,20.200000000000003
0.15,0.114774115,-2.0,0.2,20.200000000000003
0.15,0.114774115,-2.0,0.2,20.200000000000003
0.16,0.114774115,-2.0,0.2,20.200000000000003
0.16,0.11965812,-2.0,0.2,20.200000000000003
0.16,0.11965812,-2.0,0.2,20.200000000000003
0.16,0.124542125,-2.0,0.2,20.200000000000003
0.16,0.11965812,-2.0,0.2,20.200000000000003
0.16,0.124542125,-2.0,0.2,20.200000000000003
0.16,0.11965812,-2.0,0.2,20.200000000000003
0.17,0.11965812,-2.0,0.2,20.200000000000003
0.17,0.10989011,-2.0,0.2,20.200000000000003
0.17,0.114774115,-2.0,0.2,20.200000000000003
0.17,0.10989011,-2.0,0.2,20.200000000000003
0.17,0.114774115,-2.0,0.2,20.200000000000003
0.17,0.10989011,-2.0,0.2,20.200000000000003
0.18,0.1001221,-2.0,0.2,20.200000000000003
0.18,0.105006106,-2.0,0.2,20.200000000000003
0.18,0.1001221,-2.0,0.2,20.200000000000003
0.18,0.0952381,-2.0,0.2,20.3
0.18,0.09035409,-2.0,0.2,20.3
0.18,0.08547009,-2.0,0.2,20.3
0.18,0.08058608,-2.0,0.2,20.3
0.18,0.08058608,-2.0,0.2,20.3
0.19,0.07570208,-2.0,0.2,20.3
0.19,0.070818074,-2.0,0.2,20.3
0.19,0.06593407,-2.0,0.2,20.3
0.19,0.06105006,-2.0,0.2,20.3
0.19,0.06105006,-2.0,0.2,20.200000000000003
0.19,0.056166057,-2.0,0.2,20.200000000000003
0.19,0.051282052,-2.0,0.2,20.200000000000003
0.2,0.056166057,-2.0,0.2,20.200000000000003
0.2,0.041514043,-2.0,0.2,20.200000000000003
0.2,0.041514043,-2.0,0.2,20.200000000000003
0.2,0.03663004,-2.0,0.2,20.200000000000003
0.2,0.03663004,-2.0,0.2,20.200000000000003
0.2,0.03663004,-2.0,0.2,20.200000000000003
0.2,0.031746034,-2.0,0.2,20.3
0.21,0.031746034,-2.0,0.2,20.3
0.21,0.031746034,-2.0,0.2,20.3
0.21,0.031746034,-2.0,0.2,20.3
0.21,0.026862027,-2.0,0.2,20.3
0.21,0.026862027,-2.0,0.2,20.3
0.21,0.026862027,-2.0,0.2,20.3
0.21,0.021978023,-2.0,0.2,20.3
0.22,0.017094018,-2.0,0.2,20.3
0.22,0.017094018,-2.0,0.2,20.3
0.22,0.026862027,-2.0,0.2,20.3
0.22,0.021978023,-2.0,0.2,20.3
0.22,0.021978023,-2.0,0.2,20.3
0.22,0.021978023,-2.0,0.2,20.3
0.22,0.017094018,-2.0,0.2,20.3
0.22,0.017094018,-2.0,0.2,20.3
0.23,0.021978023,-2.0,0.2,20.3
0.23,0.017094018,-2.0,0.2,20.3
0.23,0.021978023,-2.0,0.2,20.3
0.23,0.017094018,-2.0,0.2,20.400000000000002
0.23,0.017094018,-2.0,0.2,20.400000000000002
0.23,0.026862027,-2.0,0.2,20.400000000000002
0.23,0.026862027,-2.0,0.2,20.400000000000002
0.24,0.031746034,-2.0,0.2,20.400000000000002
0.24,0.026862027,-2.0,0.2,20.400000000000002
0.24,0.026862027,-2.0,0.2,20.400000000000002
0.24,0.031746034,-2.0,0.2,20.400000000000002
0.24,0.031746034,-2.0,0.2,20.400000000000002
0.24,0.031746034,-2.0,0.2,20.400000000000002
0.24,0.03663004,-1.9000000000000001,0.2,20.400000000000002
0.24,0.03663004,-1.9000000000000001,0.2,20.400000000000002
0.25,0.041514043,-1.9000000000000001,0.2,20.400000000000002
0.25,0.041514043,-1.9000000000000001,0.2,20.400000000000002
0.25,0.046398047,-1.9000000000000001,0.2,20.400000000000002
0.25,0.046398047,-1.9000000000000001,0.2,20.400000000000002
0.25,0.046398047,-1.9000000000000001,0.2,20.400000000000002
0.25,0.041514043,-1.9000000000000001,0.2,20.400000000000002
0.25,0.051282052,-1.9000000000000001,0.2,20.400000000000002
0.26,0.051282052,-1.9000000000000001,0.2,20.400000000000002
0.26,0.051282052,-1.9000000000000001,0.2,20.400000000000002
0.26,0.056166057,-1.9000000000000001,0.2,20.400000000000002
0.26,0.056166057,-1.9000000000000001,0.2,20.400000000000002
0.26,0.06105006,-1.9000000000000001,0.2,20.400000000000002
0.26,0.06593407,-1.9000000000000001,0.2,20.400000000000002
0.26,0.070818074,-1.9000000000000001,0.2,20.400000000000002
0.27,0.07570208,-1.9000000000000001,0.2,20.400000000000002
0.27,0.07570208,-1.9000000000000001,0.2,20.400000000000002
0.27,0.08547009,-1.9000000000000001,0.2,20.400000000000002
0.27,0.09035409,-1.9000000000000001,0.2,20.400000000000002
0.27,0.08547009,-1.9000000000000001,0.2,20.400000000000002
0.27,0.09035409,1.7000000000000002,0.2,20.400000000000002
0.28,0.09035409,1.7000000000000002,0.2,20.400000000000002
0.28,0.0952381,1.7000000000000002,0.2,20.400000000000002
0.28,0.09035409,1.7000000000000002,0.2,20.400000000000002
0.28,0.1001221,-1.9000000000000001,0.2,20.400000000000002
0.28,0.0952381,-1.9000000000000001,0.2,20.400000000000002
0.28,0.0952381,-1.9000000000000001,0.2,20.400000000000002
0.29,0.0952381,-1.9000000000000001,0.2,20.400000000000002
0.29,0.1001221,-1.9000000000000001,0.2,20.400000000000002
0.29,0.09035409,-1.9000000000000001,0.2,20.400000000000002
0.29,0.09035409,-1.9000000000000001,0.2,20.400000000000002
0.29,0.0952381,-1.9000000000000001,0.2,20.400000000000002
0.29,0.09035409,-1.9000000000000001,0.2,20.400000000000002
0.29,0.09035409,-1.9000000000000001,0.2,20.400000000000002
0.29,0.09035409,-1.9000000000000001,0.2,20.3
0.3,0.08547009,-1.9000000000000001,0.2,20.3
0.3,0.08547009,-1.9000000000000001,0.2,20.3
0.3,0.08547009,-1.9000000000000001,0.2,20.3
0.3,0.08058608,-1.9000000000000001,0.2,20.3
0.3,0.07570208,-1.9000000000000001,0.2,20.3
0.3,0.07570208,-1.9000000000000001,0.2,20.3
0.3,0.07570208,-1.9000000000000001,0.2,20.3
0.3,0.08058608,-1.9000000000000001,0.2,20.3
0.3,0.07570208,-1.9000000000000001,0.2,20.3
0.31,0.070818074,-1.9000000000000001,0.2,20.3
0.31,0.070818074,-1.9000000000000001,0.2,20.3
0.31,0.070818074,-1.9000000000000001,0.2,20.400000000000002
0.31,0.070818074,-1.9000000000000001,0.2,20.400000000000002
0.31,0.06593407,-1.9000000000000001,0.2,20.400000000000002
0.31,0.06593407,-1.9000000000000001,0.2,20.400000000000002
0.31,0.06105006,-1.9000000000000001,0.2,20.400000000000002
0.31,0.06105006,-1.9000000000000001,0.2,20.400000000000002
0.31,0.06105006,-1.9000000000000001,0.2,20.400000000000002
0.31,0.06105006,-1.9000000000000001,0.2,20.400000000000002
0.32,0.06593407,-1.9000000000000001,0.2,20.400000000000002
0.32,0.06105006,-1.9000000000000001,0.2,20.400000000000002
0.32,0.06105006,-1.9000000000000001,0.2,20.400000000000002
0.32,0.051282052,-1.9000000000000001,0.2,20.400000000000002
0.32,0.056166057,-1.9000000000000001,0.2,20.400000000000002
0.32,0.056166057,-1.9000000000000001,0.2,20.400000000000002
0.32,0.051282052,-1.9000000000000001,0.2,20.400000000000002
0.32,0.046398047,-1.9000000000000001,0.2,20.400000000000002
0.33,0.046398047,-1.9000000000000001,0.2,20.400000000000002
0.33,0.046398047,-1.9000000000000001,0.2,20.400000000000002
0.33,0.046398047,-1.9000000000000001,0.2,20.400000000000002
0.33,0.041514043,-1.9000000000000001,0.2,20.400000000000002
0.33,0.046398047,-1.9000000000000001,0.2,20.400000000000002
0.33,0.041514043,-1.9000000000000001,0.2,20.400000000000002
0.33,0.03663004,-1.9000000000000001,0.2,20.400000000000002
0.33,0.03663004,-1.9000000000000001,0.2,20.400000000000002
0.33,0.031746034,-1.9000000000000001,0.2,20.400000000000002
0.33,0.026862027,-1.9000000000000001,0.2,20.400000000000002
0.34,0.031746034,-1.9000000000000001,0.2,20.400000000000002
0.34,0.031746034,-1.9000000000000001,0.2,20.400000000000002
0.34,0.03663004,-1.9000000000000001,0.2,20.400000000000002
0.34,0.031746034,-1.9000000000000001,0.2,20.400000000000002
0.34,0.021978023,-1.9000000000000001,0.2,20.400000000000002
0.34,0.021978023,-1.9000000000000001,0.2,20.400000000000002
0.34,0.026862027,-1.9000000000000001,0.2,20.400000000000002
0.34,0.026862027,-1.9000000000000001,0.2,20.400000000000002
0.34,0.021978023,-1.9000000000000001,0.2,20.400000000000002
0.35,0.021978023,-1.9000000000000001,0.2,20.400000000000002
0.35,0.026862027,-1.9000000000000001,0.2,20.400000000000002
0.35,0.026862027,-1.9000000000000001,0.2,20.3
0.35,0.021978023,-1.9000000000000001,0.2,20.3
0.35,0.021978023,-1.9000000000000001,0.2,20.3
0.35,0.021978023,-1.9000000000000001,0.2,20.3
0.35,0.026862027,-1.9000000000000001,0.2,20.3
0.35,0.026862027,-1.9000000000000001,0.2,20.3
0.35,0.026862027,-1.9000000000000001,0.2,20.3
0.36,0.026862027,-1.9000000000000001,0.2,20.3
0.36,0.03663004,-1.9000000000000001,0.2,20.3
0.36,0.026862027,-1.9000000000000001,0.2,20.3
0.36,0.026862027,-1.9000000000000001,0.2,20.3
0.36,0.031746034,-1.9000000000000001,0.2,20.3
0.36,0.031746034,-1.9000000000000001,0.2,20.3
0.36,0.031746034,-1.9000000000000001,0.2,20.3
0.36,0.031746034,-1.9000000000000001,0.2,20.3
0.36,0.031746034,-1.9000000000000001,0.2,20.3
0.36,0.031746034,-1.9000000000000001,0.2,20.3
0.37,0.03663004,-1.9000000000000001,0.2,20.3
0.37,0.031746034,-1.9000000000000001,0.2,20.3
0.37,0.031746034,-1.9000000000000001,0.2,20.3
0.37,0.031746034,-1.9000000000000001,0.2,20.3
0.37,0.031746034,-1.9000000000000001,0.2,20.3
0.37,0.03663004,-1.9000000000000001,0.2,20.3
0.37,0.03663004,-1.9000000000000001,0.2,20.200000000000003
0.38,0.041514043,-1.9000000000000001,0.2,20.200000000000003
0.38,0.041514043,-1.9000000000000001,0.2,20.200000000000003
0.38,0.041514043,-1.9000000000000001,0.2,20.200000000000003
0.38,0.041514043,-1.9000000000000001,0.2,20.200000000000003
0.38,0.03663004,-1.9000000000000001,0.2,20.200000000000003
0.38,0.041514043,-1.9000000000000001,0.2,20.200000000000003
0.38,0.03663004,-1.9000000000000001,0.2,20.200000000000003
0.38,0.041514043,-1.9000000000000001,0.2,20.200000000000003
0.39,0.046398047,-1.9000000000000001,0.2,20.200000000000003
0.39,0.046398047,-1.9000000000000001,0.2,20.3
0.39,0.046398047,-1.9000000000000001,0.2,20.3
0.39,0.046398047,-1.9000000000000001,0.2,20.3
0.39,0.046398047,-1.9000000000000001,0.2,20.3
0.39,0.051282052,-1.9000000000000001,0.2,20.3
0.39,0.051282052,-1.9000000000000001,0.2,20.3
0.4,0.051282052,-1.9000000000000001,0.2,20.3
0.4,0.046398047,-1.9000000000000001,0.2,20.3
0.4,0.056166057,-1.9000000000000001,0.2,20.3
0.4,0.056166057,-1.9000000000000001,0.2,20.3
0.4,0.056166057,-1.9000000000000001,0.2,20.3
0.4,0.06105006,-1.9000000000000001,0.2,20.3
0.4,0.056166057,-1.9000000000000001,0.2,20.3
0.41,0.056166057,-1.9000000000000001,0.2,20.3
0.41,0.06105006,-1.9000000000000001,0.2,20.3
0.41,0.056166057,-1.9000000000000001,0.2,20.3
0.41,0.051282052,-1.9000000000000001,0.2,20.3
0.41,0.051282052,-1.9000000000000001,0.2,20.3
0.41,0.051282052,-1.9000000000000001,0.2,20.3
0.41,0.056166057,-1.9000000000000001,0.2,20.3
0.42,0.051282052,-1.9000000000000001,0.2,20.3
0.42,0.046398047,-1.9000000000000001,0.2,20.3
0.42,0.051282052,-1.9000000000000001,0.2,20.3
0.42,0.051282052,-1.9000000000000001,0.2,20.3
0.42,0.051282052,-1.9000000000000001,0.2,20.3
0.42,0.046398047,-1.9000000000000001,0.2,20.3
0.42,0.046398047,-1.9000000000000001,0.2,20.3
0.43,0.041514043,-1.9000000000000001,0.2,20.3
0.43,0.041514043,-1.9000000000000001,0.2,20.3
0.43,0.041514043,-1.9000000000000001,0.2,20.3
0.43,0.041514043,-1.9000000000000001,0.2,20.3
0.43,0.041514043,-1.9000000000000001,0.2,20.3
0.43,0.03663004,-1.9000000000000001,0.2,20.3
0.43,0.041514043,-1.9000000000000001,0.2,20.3
0.44,0.041514043,-1.9000000000000001,0.2,20.3
0.44,0.041514043,-1.9000000000000001,0.2,20.3
0.44,0.03663004,-1.9000000000000001,0.2,20.400000000000002
0.44,0.03663004,-1.9000000000000001,0.2,20.400000000000002
0.44,0.03663004,-1.9000000000000001,0.2,20.400000000000002
0.44,0.041514043,-1.9000000000000001,0.2,20.400000000000002
0.44,0.041514043,-1.9000000000000001,0.2,20.400000000000002
0.45,0.041514043,-1.9000000000000001,0.2,20.400000000000002
0.45,0.041514043,-1.9000000000000001,0.2,20.400000000000002
0.45,0.051282052,-1.9000000000000001,0.2,20.400000000000002
0.45,0.056166057,-1.9000000000000001,0.2,20.400000000000002
0.45,0.06105006,-2.0,0.2,20.400000000000002
0.45,0.06593407,-2.0,0.2,20.400000000000002
0.45,0.070818074,-2.0,0.2,20.400000000000002
0.46,0.07570208,1.7000000000000002,0.2,20.400000000000002
0.46,0.07570208,1.7000000000000002,0.2,20.400000000000002
0.46,0.08547009,1.7000000000000002,0.2,20.400000000000002
0.46,0.08547009,1.7000000000000002,0.2,20.400000000000002
0.46,0.0952381,-2.0,0.2,20.400000000000002
0.46,0.0952381,-2.0,0.2,20.400000000000002
0.47,0.10989011,-1.9000000000000001,0.2,20.3
0.47,0.10989011,-1.9000000000000001,0.2,20.3
0.47,0.10989011,-1.9000000000000001,0.2,20.3
0.47,0.10989011,-1.9000000000000001,0.2,20.3
0.47,0.105006106,-1.9000000000000001,0.2,20.3
0.47,0.10989011,-1.9000000000000001,0.2,20.3
0.48,0.105006106,-1.9000000000000001,0.2,20.3
0.48,0.105006106,-1.9000000000000001,0.2,20.3
0.48,0.1001221,-2.0,0.2,20.5
0.48,0.1001221,-2.0,0.2,20.5
0.48,0.09035409,-2.0,0.2,20.5
0.48,0.08547009,-2.0,0.2,20.5
0.48,0.08547009,-2.0,0.2,20.5
0.49,0.08058608,-2.0,0.2,20.5
0.49,0.07570208,-2.0,0.2,20.5
0.49,0.070818074,-2.0,0.2,20.5
0.49,0.06105006,-2.0,0.2,20.5
0.49,0.06105006,-2.0,0.2,20.400000000000002
0.49,0.06105006,-2.0,0.2,20.400000000000002
0.49,0.051282052,-2.0,0.2,20.400000000000002
0.49,0.046398047,-2.0,0.2,20.400000000000002
0.5,0.041514043,-2.0,0.2,20.400000000000002
0.5,0.041514043,-2.0,0.2,20.400000000000002
0.5,0.03663004,-2.0,0.2,20.400000000000002
0.5,0.03663004,-2.0,0.2,20.400000000000002
0.5,0.031746034,-2.0,0.2,20.400000000000002
0.5,0.026862027,-2.0,0.2,20.400000000000002
0.5,0.031746034,-1.9000000000000001,0.2,20.400000000000002
0.5,0.031746034,-1.9000000000000001,0.2,20.400000000000002
0.51,0.026862027,-1.9000000000000001,0.2,20.400000000000002
0.51,0.026862027,-1.9000000000000001,0.2,20.400000000000002
0.51,0.021978023,-1.9000000000000001,0.2,20.400000000000002
0.51,0.021978023,-1.9000000000000001,0.2,20.400000000000002
0.51,0.026862027,-1.9000000000000001,0.2,20.400000000000002
0.51,0.021978023,-1.9000000000000001,0.2,20.400000000000002
0.51,0.012210012,-1.9000000000000001,0.2,20.400000000000002
0.52,0.012210012,-1.9000000000000001,0.2,20.400000000000002
0.52,0.017094018,-1.9000000000000001,0.2,20.3
0.52,0.017094018,-1.9000000000000001,0.2,20.3
0.52,0.017094018,-1.9000000000000001,0.2,20.3
0.52,0.012210012,-1.9000000000000001,0.2,20.3
0.52,0.0073260074,-1.9000000000000001,0.2,20.3
0.52,0.012210012,-1.9000000000000001,0.2,20.3
0.53,0.017094018,-1.9000000000000001,0.2,20.3
0.53,0.017094018,-1.9000000000000001,0.2,20.3
0.53,0.017094018,-1.9000000000000001,0.2,20.3
0.53,0.017094018,-2.0,0.2,20.3
0.53,0.017094018,-2.0,0.2,20.3
0.53,0.026862027,-2.0,0.2,20.3
0.53,0.026862027,-2.0,0.2,20.3
0.53,0.021978023,-2.0,0.2,20.3
0.53,0.021978023,-2.0,0.2,20.3
0.54,0.021978023,-2.0,0.2,20.3
0.54,0.026862027,-2.0,0.2,20.3
0.54,0.031746034,-2.0,0.2,20.3
0.54,0.03663004,-2.0,0.2,20.3
0.54,0.03663004,-2.0,0.2,20.3
0.54,0.031746034,-2.0,0.2,20.3
0.54,0.03663004,-1.9000000000000001,0.2,20.200000000000003
0.54,0.03663004,-1.9000000000000001,0.2,20.200000000000003
0.54,0.031746034,-1.9000000000000001,0.2,20.200000000000003
0.54,0.041514043,-1.9000000000000001,0.2,20.200000000000003
0.55,0.041514043,-1.9000000000000001,0.2,20.200000000000003
0.55,0.03663004,-1.9000000000000001,0.2,20.200000000000003
0.55,0.03663004,-1.9000000000000001,0.2,20.200000000000003
0.55,0.03663004,-1.9000000000000001,0.2,20.200000000000003
0.55,0.03663004,-1.9000000000000001,0.2,20.200000000000003
0.55,0.041514043,-1.9000000000000001,0.2,20.200000000000003
0.55,0.046398047,-1.9000000000000001,0.2,20.200000000000003
0.55,0.051282052,-1.9000000000000001,0.2,20.200000000000003
0.56,0.056166057,-1.9000000000000001,0.2,20.200000000000003
0.56,0.056166057,-1.9000000000000001,0.2,20.200000000000003
0.56,0.056166057,-1.9000000000000001,0.2,20.200000000000003
0.56,0.06105006,-1.9000000000000001,0.2,20.200000000000003
0.56,0.06105006,-1.9000000000000001,0.2,20.200000000000003
0.56,0.06593407,-1.9000000000000001,0.2,20.200000000000003
0.56,0.070818074,-1.9000000000000001,0.2,20.200000000000003
0.56,0.06593407,-1.9000000000000001,0.2,20.200000000000003
0.56,0.070818074,-1.9000000000000001,0.2,20.200000000000003
0.56,0.070818074,-1.9000000000000001,0.2,20.200000000000003
0.57,0.070818074,-1.9000000000000001,0.2,20.200000000000003
0.57,0.070818074,-1.9000000000000001,0.2,20.200000000000003
0.57,0.08058608,-1.9000000000000001,0.2,20.200000000000003
0.57,0.08058608,-2.0,0.2,20.200000000000003
0.57,0.07570208,-2.0,0.2,20.200000000000003
0.57,0.08058608,-2.0,0.2,20.200000000000003
0.57,0.07570208,-2.0,0.2,20.200000000000003
0.57,0.07570208,-2.0,0.2,20.200000000000003
0.57,0.08058608,-2.0,0.2,20.200000000000003
0.57,0.08058608,-2.0,0.2,20.200000000000003
0.58,0.08058608,-2.0,0.2,20.200000000000003
0.58,0.08058608,-2.0,0.2,20.200000000000003
0.58,0.08547009,-2.0,0.2,20.200000000000003
0.58,0.08058608,-2.0,0.2,20.200000000000003
0.58,0.08058608,-2.0,0.2,20.200000000000003
0.58,0.08058608,-2.0,0.2,20.3
0.58,0.08058608,-2.0,0.2,20.3
0.58,0.08547009,-2.0,0.2,20.3
0.58,0.08058608,-2.0,0.2,20.3
0.59,0.08547009,-2.0,0.2,20.3
0.59,0.08058608,-2.0,0.2,20.3
0.59,0.08058608,-2.0,0.2,20.3
0.59,0.08058608,-2.0,0.2,20.3
0.59,0.08547009,-2.0,0.2,20.3
0.59,0.08547009,-2.0,0.2,20.3
0.59,0.08058608,-2.0,0.2,20.3
0.59,0.08547009,-2.0,0.2,20.3
0.59,0.08058608,-1.9000000000000001,0.2,20.400000000000002
0.6,0.08058608,-1.9000000000000001,0.2,20.400000000000002
0.6,0.08058608,-1.9000000000000001,0.2,20.400000000000002
0.6,0.08547009,-1.9000000000000001,0.2,20.400000000000002
0.6,0.08547009,-1.9000000000000001,0.2,20.400000000000002
0.6,0.08547009,-1.9000000000000001,0.2,20.400000000000002
0.6,0.08547009,-1.9000000000000001,0.2,20.400000000000002
0.6,0.09035409,-1.9000000000000001,0.2,20.400000000000002
0.6,0.0952381,-1.9000000000000001,0.2,20.400000000000002
0.6,0.0952381,-1.9000000000000001,0.2,20.400000000000002
0.61,0.0952381,-1.9000000000000001,0.2,20.400000000000002
0.61,0.09035409,-1.9000000000000001,0.2,20.400000000000002
0.61,0.09035409,-2.0,0.2,20.400000000000002
0.61,0.09035409,-2.0,0.2,20.400000000000002
0.61,0.09035409,-2.0,0.2,20.400000000000002
0.61,0.09035409,-2.0,0.2,20.400000000000002
0.61,0.08547009,-2.0,0.2,20.400000000000002
0.61,0.08058608,-2.0,0.2,20.400000000000002
0.61,0.08547009,-2.0,0.2,20.400000000000002
0.62,0.07570208,-2.0,0.2,20.400000000000002
0.62,0.070818074,-2.0,0.2,20.400000000000002
0.62,0.06593407,-2.0,0.2,20.400000000000002
0.62,0.056166057,-2.0,0.2,20.400000000000002
0.62,0.046398047,-2.0,0.2,20.400000000000002
0.62,0.041514043,-2.0,0.2,20.400000000000002
0.62,0.03663004,-2.0,0.2,20.400000000000002
0.62,0.031746034,-2.0,0.2,20.400000000000002
0.62,0.026862027,-2.0,0.2,20.400000000000002
0.62,0.017094018,-2.0,0.2,20.400000000000002
0.63,0.012210012,-2.0,0.2,20.400000000000002
0.63,0.0073260074,-2.0,0.2,20.400000000000002
0.63,0.0073260074,-2.0,0.2,20.400000000000002
0.63,0.0024420025,-2.0,0.2,20.400000000000002
0.63,-0.0024420025,-2.0,0.2,20.400000000000002
0.63,-0.0073260074,-2.0,0.2,20.400000000000002
0.63,-0.012210012,-2.0,0.2,20.400000000000002
0.63,-0.017094018,-2.0,0.2,20.400000000000002
0.63,-0.012210012,-2.0,0.2,20.3
0.64,-0.021978023,-2.0,0.2,20.3
0.64,-0.021978023,-2.0,0.2,20.3
0.64,-0.026862027,-2.0,0.2,20.3
0.64,-0.026862027,-2.0,0.2,20.3
0.64,-0.031746034,-2.0,0.2,20.3
0.64,-0.03663004,-2.0,0.2,20.3
0.64,-0.031746034,-2.0,0.2,20.3
0.64,-0.03663004,-2.0,0.2,20.3
0.64,-0.03663004,-2.0,0.2,20.3
0.65,-0.03663004,-2.0,0.2,20.3
0.65,-0.031746034,-2.0,0.2,20.3
0.65,-0.031746034,-1.9000000000000001,0.2,20.3
0.65,-0.031746034,-1.9000000000000001,0.2,20.3
0.65,-0.031746034,-1.9000000000000001,0.2,20.3
0.65,-0.026862027,-1.9000000000000001,0.2,20.3
0.65,-0.026862027,-1.9000000000000001,0.2,20.3
0.65,-0.021978023,-1.9000000000000001,0.2,20.3
0.65,-0.017094018,-1.9000000000000001,0.2,20.3
0.66,-0.017094018,-1.9000000000000001,0.2,20.3
0.66,-0.012210012,-1.9000000000000001,0.2,20.3
0.66,-0.0024420025,-1.9000000000000001,0.2,20.3
0.66,-0.0024420025,-1.9000000000000001,0.2,20.3
0.66,0.0024420025,-1.9000000000000001,0.30000000000000004,20.200000000000003
0.66,0.0024420025,-1.9000000000000001,0.30000000000000004,20.200000000000003
0.66,0.0073260074,-1.9000000000000001,0.30000000000000004,20.200000000000003
0.66,0.0073260074,-1.9000000000000001,0.30000000000000004,20.200000000000003
0.66,0.012210012,-1.9000000000000001,0.30000000000000004,20.200000000000003
0.66,0.017094018,-1.9000000000000001,0.30000000000000004,20.200000000000003
0.67,0.017094018,-1.9000000000000001,0.30000000000000004,20.200000000000003
0.67,0.021978023,-1.9000000000000001,0.30000000000000004,20.200000000000003
0.67,0.026862027,-1.9000000000000001,0.30000000000000004,20.200000000000003
0.67,0.031746034,-1.9000000000000001,0.30000000000000004,20.200000000000003
0.67,0.031746034,-1.9000000000000001,0.30000000000000004,20.200000000000003
0.67,0.03663004,-1.9000000000000001,0.30000000000000004,20.200000000000003
0.67,0.03663004,-1.9000000000000001,0.30000000000000004,20.1
0.67,0.041514043,-1.9000000000000001,0.30000000000000004,20.1
0.67,0.046398047,-1.9000000000000001,0.30000000000000004,20.1
0.67,0.046398047,-1.9000000000000001,0.30000000000000004,20.1
0.68,0.046398047,-1.9000000000000001,0.30000000000000004,20.1
0.68,0.051282052,-1.9000000000000001,0.30000000000000004,20.1
0.68,0.06593407,-1.9000000000000001,0.30000000000000004,20.1
0.68,0.06593407,-1.9000000000000001,0.30000000000000004,20.1
0.68,0.07570208,-1.9000000000000001,0.30000000000000004,20.1
0.68,0.09035409,-1.9000000000000001,0.30000000000000004,20.1
0.68,0.09035409,-1.9000000000000001,0.30000000000000004,20.1
0.68,0.0952381,-1.9000000000000001,0.30000000000000004,20.1
0.69,0.1001221,-1.9000000000000001,0.30000000000000004,20.1
0.69,0.105006106,-1.9000000000000001,0.30000000000000004,20.1
0.69,0.10989011,-1.9000000000000001,0.30000000000000004,20.1
0.69,0.10989011,-1.9000000000000001,0.30000000000000004,20.1
0.69,0.114774115,-1.9000000000000001,0.30000000000000004,20.1
0.69,0.11965812,-1.9000000000000001,0.30000000000000004,20.1
0.69,0.124542125,-1.9000000000000001,0.30000000000000004,20.1
0.69,0.124542125,-1.9000000000000001,0.30000000000000004,20.1
0.69,0.124542125,-1.9000000000000001,0.30000000000000004,20.1
0.69,0.12942614,-1.9000000000000001,0.30000000000000004,20.1
0.7,0.13431014,-1.9000000000000001,0.30000000000000004,20.1
0.7,0.12942614,-1.9000000000000001,0.30000000000000004,20.1
0.7,0.13431014,-1.9000000000000001,0.30000000000000004,20.1
0.7,0.13919415,-1.9000000000000001,0.30000000000000004,20.1
0.7,0.14407815,-1.9000000000000001,0.30000000000000004,20.1
0.7,0.14407815,-1.9000000000000001,0.30000000000000004,20.1
0.7,0.14407815,-1.9000000000000001,0.30000000000000004,20.1
0.7,0.14407815,-1.9000000000000001,0.30000000000000004,20.1
0.71,0.14896215,-1.9000000000000001,0.30000000000000004,20.1
0.71,0.14896215,-1.9000000000000001,0.30000000000000004,20.1
0.71,0.14896215,-1.9000000000000001,0.30000000000000004,20.1
0.71,0.14896215,-1.9000000000000001,0.30000000000000004,20.1
0.71,0.15384616,-1.9000000000000001,0.30000000000000004,20.200000000000003
0.71,0.14407815,-1.9000000000000001,0.30000000000000004,20.200000000000003
0.71,0.14896215,-1.9000000000000001,0.30000000000000004,20.200000000000003
0.72,0.15384616,-1.9000000000000001,0.30000000000000004,20.200000000000003
0.72,0.14896215,-1.9000000000000001,0.30000000000000004,20.200000000000003
0.72,0.15384616,-1.9000000000000001,0.30000000000000004,20.200000000000003
0.72,0.14896215,-1.9000000000000001,0.30000000000000004,20.200000000000003
0.72,0.15384616,-1.9000000000000001,0.30000000000000004,20.200000000000003
0.72,0.14896215,-1.9000000000000001,0.30000000000000004,20.200000000000003
0.72,0.14896215,-1.9000000000000001,0.30000000000000004,20.200000000000003
0.72,0.14407815,-1.9000000000000001,0.30000000000000004,20.3
0.73,0.14407815,-1.9000000000000001,0.30000000000000004,20.3
0.73,0.13919415,-1.9000000000000001,0.30000000000000004,20.3
0.73,0.13431014,-1.9000000000000001,0.30000000000000004,20.3
0.73,0.124542125,-1.9000000000000001,0.30000000000000004,20.3
0.73,0.11965812,-1.9000000000000001,0.30000000000000004,20.3
0.73,0.10989011,-1.9000000000000001,0.30000000000000004,20.3
0.73,0.0952381,-1.9000000000000001,0.30000000000000004,20.3
0.74,0.08058608,-1.9000000000000001,0.30000000000000004,20.3
0.74,0.06105006,-1.9000000000000001,0.30000000000000004,20.3
0.74,0.046398047,-1.9000000000000001,0.30000000000000004,20.3
0.74,0.03663004,-1.9000000000000001,0.30000000000000004,20.3
0.74,0.021978023,-1.9000000000000001,0.30000000000000004,20.3
0.74,0.0024420025,-1.9000000000000001,0.30000000000000004,20.3
0.74,0.0024420025,-1.9000000000000001,0.30000000000000004,20.3
0.75,-0.0073260074,-1.9000000000000001,0.30000000000000004,20.3
0.75,-0.017094018,-1.9000000000000001,0.30000000000000004,20.3
0.75,-0.021978023,-1.9000000000000001,0.30000000000000004,20.3
0.75,-0.041514043,-1.9000000000000001,0.30000000000000004,20.400000000000002
0.75,-0.041514043,-1.9000000000000001,0.30000000000000004,20.400000000000002
0.75,-0.051282052,-1.9000000000000001,0.30000000000000004,20.400000000000002
0.75,-0.06105006,-1.9000000000000001,0.30000000000000004,20.400000000000002
0.76,-0.06105006,-1.9000000000000001,0.30000000000000004,20.400000000000002
0.76,-0.06593407,-1.9000000000000001,0.30000000000000004,20.400000000000002
0.76,-0.070818074,-1.9000000000000001,0.30000000000000004,20.400000000000002
0.76,-0.070818074,-1.9000000000000001,0.30000000000000004,20.400000000000002
0.76,-0.070818074,-1.9000000000000001,0.30000000000000004,20.400000000000002
0.76,-0.07570208,-1.9000000000000001,0.30000000000000004,20.400000000000002
0.76,-0.07570208,-1.9000000000000001,0.30000000000000004,20.400000000000002
0.77,-0.07570208,-1.9000000000000001,0.30000000000000004,20.400000000000002
0.77,-0.06593407,-1.9000000000000001,0.30000000000000004,20.400000000000002
0.77,-0.06105006,-1.9000000000000001,0.30000000000000004,20.400000000000002
0.77,-0.06105006,-1.9000000000000001,0.30000000000000004,20.400000000000002
0.77,-0.06105006,-1.9000000000000001,0.30000000000000004,20.400000000000002
0.77,-0.051282052,-1.9000000000000001,0.30000000000000004,20.400000000000002
0.77,-0.051282052,-1.9000000000000001,0.30000000000000004,20.400000000000002
0.78,-0.03663004,-1.9000000000000001,0.30000000000000004,20.400000000000002
0.78,-0.031746034,-1.9000000000000001,0.30000000000000004,20.400000000000002
0.78,-0.021978023,-1.9000000000000001,0.30000000000000004,20.400000000000002
0.78,-0.021978023,-1.9000000000000001,0.30000000000000004,20.400000000000002
0.78,-0.012210012,-1.9000000000000001,0.30000000000000004,20.400000000000002
0.78,-0.0073260074,-1.9000000000000001,0.30000000000000004,20.400000000000002
0.78,-0.0024420025,-1.9000000000000001,0.30000000000000004,20.400000000000002
0.78,0.0024420025,-1.9000000000000001,0.30000000000000004,20.400000000000002
0.79,0.0073260074,-1.9000000000000001,0.30000000000000004,20.400000000000002
0.79,0.012210012,-1.9000000000000001,0.30000000000000004,20.400000000000002
0.79,0.021978023,-1.9000000000000001,0.30000000000000004,20.400000000000002
0.79,0.026862027,-1.9000000000000001,0.30000000000000004,20.400000000000002
0.79,0.031746034,-1.9000000000000001,0.30000000000000004,20.400000000000002
0.79,0.041514043,-1.9000000000000001,0.30000000000000004,20.400000000000002
0.8,0.041514043,-1.9000000000000001,0.30000000000000004,20.400000000000002
0.8,0.046398047,-1.9000000000000001,0.30000000000000004,20.400000000000002
0.8,0.056166057,-1.9000000000000001,0.30000000000000004,20.400000000000002
0.8,0.06593407,-1.9000000000000001,0.30000000000000004,20.400000000000002
0.8,0.08547009,-1.9000000000000001,0.30000000000000004,20.400000000000002
0.8,0.08547009,-1.9000000000000001,0.30000000000000004,20.400000000000002
0.81,0.1001221,-1.9000000000000001,0.30000000000000004,20.400000000000002
0.81,0.105006106,-1.9000000000000001,0.30000000000000004,20.400000000000002
0.81,0.114774115,-1.9000000000000001,0.30000000000000004,20.400000000000002
0.81,0.114774115,-1.9000000000000001,0.30000000000000004,20.400000000000002
0.81,0.12942614,-1.9000000000000001,0.30000000000000004,20.400000000000002
0.81,0.13431014,-1.9000000000000001,0.30000000000000004,20.400000000000002
0.81,0.13919415,-1.9000000000000001,0.30000000000000004,20.400000000000002
0.81,0.13919415,-1.9000000000000001,0.30000000000000004,20.400000000000002
0.82,0.13919415,-1.9000000000000001,0.30000000000000004,20.400000000000002
0.82,0.13919415,-1.9000000000000001,0.30000000000000004,20.400000000000002
0.82,0.13919415,-1.9000000000000001,0.30000000000000004,20.400000000000002
0.82,0.14407815,-1.9000000000000001,0.30000000000000004,20.400000000000002
0.82,0.14407815,-1.9000000000000001,0.30000000000000004,20.400000000000002
0.82,0.13919415,-1.9000000000000001,0.30000000000000004,20.400000000000002
0.82,0.13919415,-1.9000000000000001,0.30000000000000004,20.400000000000002
0.83,0.13919415,-1.9000000000000001,0.30000000000000004,20.400000000000002
0.83,0.13431014,-1.9000000000000001,0.30000000000000004,20.400000000000002
0.83,0.12942614,-1.9000000000000001,0.30000000000000004,20.400000000000002
0.83,0.124542125,-1.9000000000000001,0.30000000000000004,20.400000000000002
0.83,0.124542125,-1.9000000000000001,0.30000000000000004,20.400000000000002
0.83,0.124542125,-1.9000000000000001,0.30000000000000004,20.400000000000002
0.83,0.114774115,-1.9000000000000001,0.30000000000000004,20.400000000000002
0.84,0.10989011,-1.9000000000000001,0.30000000000000004,20.400000000000002
0.84,0.105006106,-1.9000000000000001,0.30000000000000004,20.400000000000002
0.84,0.10989011,-1.9000000000000001,0.30000000000000004,20.400000000000002
0.84,0.1001221,-1.9000000000000001,0.30000000000000004,20.400000000000002
0.84,0.09035409,-2.0,0.30000000000000004,20.400000000000002
0.84,0.09035409,-2.0,0.30000000000000004,20.400000000000002
0.84,0.08547009,-2.0,0.30000000000000004,20.400000000000002
0.84,0.08058608,-2.0,0.30000000000000004,20.400000000000002
0.85,0.07570208,-2.0,0.30000000000000004,20.400000000000002
0.85,0.06593407,-2.0,0.30000000000000004,20.400000000000002
0.85,0.06593407,-2.0,0.30000000000000004,20.400000000000002
0.85,0.06593407,-2.0,0.30000000000000004,20.400000000000002
0.85,0.056166057,-2.0,0.30000000000000004,20.400000000000002
0.85,0.051282052,-2.0,0.30000000000000004,20.400000000000002
0.85,0.051282052,-2.0,0.30000000000000004,20.400000000000002
0.85,0.041514043,-2.0,0.30000000000000004,20.400000000000002
0.86,0.041514043,-2.0,0.30000000000000004,20.400000000000002
0.86,0.03663004,-2.0,0.30000000000000004,20.400000000000002
0.86,0.031746034,-2.0,0.30000000000000004,20.400000000000002
0.86,0.031746034,-2.0,0.30000000000000004,20.400000000000002
0.86,0.031746034,-2.0,0.30000000000000004,20.400000000000002
0.86,0.026862027,-2.0,0.30000000000000004,20.400000000000002
0.86,0.026862027,-2.0,0.30000000000000004,20.400000000000002
0.86,0.021978023,-2.0,0.30000000000000004,20.400000000000002
0.86,0.021978023,-2.0,0.30000000000000004,20.400000000000002
0.87,0.021978023,-2.0,0.30000000000000004,20.400000000000002
0.87,0.021978023,-2.0,0.30000000000000004,20.400000000000002
0.87,0.021978023,-2.0,0.30000000000000004,20.5
0.87,0.017094018,-2.0,0.30000000000000004,20.5
0.87,0.021978023,-2.0,0.30000000000000004,20.5
0.87,0.021978023,-2.0,0.30000000000000004,20.5
0.87,0.026862027,-2.0,0.30000000000000004,20.5
0.87,0.026862027,-2.0,0.30000000000000004,20.5
0.87,0.021978023,-2.0,0.30000000000000004,20.5
0.87,0.021978023,-2.0,0.30000000000000004,20.5
0.88,0.017094018,-2.0,0.30000000000000004,20.5
0.88,0.017094018,-2.0,0.30000000000000004,20.5
0.88,0.021978023,-2.0,0.30000000000000004,20.5
0.88,0.021978023,-2.0,0.30000000000000004,20.5
0.88,0.021978023,-1.9000000000000001,0.30000000000000004,20.400000000000002
0.88,0.021978023,-1.9000000000000001,0.30000000000000004,20.400000000000002
0.88,0.017094018,-1.9000000000000001,0.30000000000000004,20.400000000000002
0.88,0.021978023,-1.9000000000000001,0.30000000000000004,20.400000000000002
0.88,0.021978023,-1.9000000000000001,0.30000000000000004,20.400000000000002
0.89,0.021978023,-1.9000000000000001,0.30000000000000004,20.400000000000002
0.89,0.026862027,-1.9000000000000001,0.30000000000000004,20.400000000000002
0.89,0.031746034,-1.9000000000000001,0.30000000000000004,20.400000000000002
0.89,0.026862027,-1.9000000000000001,0.30000000000000004,20.400000000000002
0.89,0.026862027,-1.9000000000000001,0.30000000000000004,20.400000000000002
0.89,0.026862027,-1.9000000000000001,0.30000000000000004,20.400000000000002
0.89,0.03663004,-1.9000000000000001,0.30000000000000004,20.400000000000002
0.89,0.03663004,-1.9000000000000001,0.30000000000000004,20.400000000000002
0.89,0.041514043,-1.9000000000000001,0.30000000000000004,20.400000000000002
0.9,0.041514043,-1.9000000000000001,0.30000000000000004,20.400000000000002
0.9,0.03663004,-1.9000000000000001,0.30000000000000004,20.400000000000002
0.9,0.041514043,-1.9000000000000001,0.30000000000000004,20.400000000000002
0.9,0.041514043,-1.9000000000000001,0.30000000000000004,20.400000000000002
0.9,0.041514043,-1.9000000000000001,0.30000000000000004,20.400000000000002
0.9,0.041514043,-1.9000000000000001,0.30000000000000004,20.400000000000002
0.9,0.046398047,-1.9000000000000001,0.30000000000000004,20.400000000000002
0.9,0.046398047,-1.9000000000000001,0.30000000000000004,20.400000000000002
0.9,0.046398047,-1.9000000000000001,0.30000000000000004,20.400000000000002
0.9,0.051282052,-1.9000000000000001,0.30000000000000004,20.400000000000002
0.91,0.056166057,-1.9000000000000001,0.30000000000000004,20.400000000000002
0.91,0.056166057,-1.9000000000000001,0.30000000000000004,20.400000000000002
0.91,0.06105006,-1.9000000000000001,0.30000000000000004,20.400000000000002
0.91,0.06593407,-1.9000000000000001,0.30000000000000004,20.400000000000002
0.91,0.070818074,-1.9000000000000001,0.30000000000000004,20.400000000000002
0.91,0.070818074,-1.9000000000000001,0.30000000000000004,20.400000000000002
0.91,0.06593407,-1.9000000000000001,0.30000000000000004,20.400000000000002
0.91,0.07570208,-1.9000000000000001,0.30000000000000004,20.400000000000002
0.91,0.08058608,-1.9000000000000001,0.30000000000000004,20.400000000000002
0.91,0.07570208,-1.9000000000000001,0.30000000000000004,20.400000000000002
0.92,0.08058608,-1.9000000000000001,0.30000000000000004,20.400000000000002
0.92,0.08547009,-1.9000000000000001,0.30000000000000004,20.400000000000002
0.92,0.08547009,-1.9000000000000001,0.30000000000000004,20.400000000000002
0.92,0.09035409,-1.9000000000000001,0.30000000000000004,20.3
0.92,0.0952381,-1.9000000000000001,0.30000000000000004,20.3
0.92,0.0952381,-1.9000000000000001,0.30000000000000004,20.3
0.92,0.0952381,-1.9000000000000001,0.30000000000000004,20.3
0.92,0.09035409,-1.9000000000000001,0.30000000000000004,20.3
0.93,0.0952381,-1.9000000000000001,0.30000000000000004,20.3
0.93,0.0952381,-1.9000000000000001,0.30000000000000004,20.3
0.93,0.09035409,-1.9000000000000001,0.30000000000000004,20.3
0.93,0.0952381,-1.9000000000000001,0.30000000000000004,20.3
0.93,0.09035409,-1.9000000000000001,0.30000000000000004,20.3
0.93,0.09035409,-1.9000000000000001,0.30000000000000004,20.3
0.93,0.0952381,-1.9000000000000001,0.30000000000000004,20.3
0.93,0.0952381,-1.8,0.4,20.200000000000003
0.93,0.09035409,-1.8,0.4,20.200000000000003
0.93,0.09035409,-1.8,0.4,20.200000000000003
0.94,0.08547009,-1.8,0.4,20.200000000000003
0.94,0.09035409,-1.8,0.4,20.200000000000003
0.94,0.0952381,-1.8,0.4,20.200000000000003
0.94,0.08547009,-1.8,0.4,20.200000000000003
0.94,0.08547009,-1.8,0.4,20.200000000000003
0.94,0.08547009,-1.8,0.4,20.200000000000003
0.94,0.08058608,-1.8,0.4,20.200000000000003
0.94,0.08058608,-1.8,0.4,20.200000000000003
0.94,0.07570208,-1.8,0.4,20.200000000000003
0.95,0.08058608,-1.8,0.4,20.200000000000003
0.95,0.07570208,-1.8,0.4,20.200000000000003
0.95,0.07570208,-1.8,0.4,20.200000000000003
0.95,0.07570208,-1.8,0.4,20.200000000000003
0.95,0.07570208,-1.8,0.4,20.200000000000003
0.95,0.08058608,-1.8,0.4,20.200000000000003
0.95,0.070818074,-1.8,0.4,20.200000000000003
0.95,0.070818074,-1.8,0.4,20.200000000000003
0.96,0.070818074,-1.8,0.4,20.200000000000003
0.96,0.070818074,-1.8,0.4,20.200000000000003
0.96,0.070818074,-1.8,0.4,20.200000000000003
0.96,0.07570208,-1.8,0.4,20.1
0.96,0.06593407,-1.8,0.4,20.1
0.96,0.06593407,-1.8,0.4,20.1
0.96,0.06593407,-1.8,0.4,20.1
0.96,0.070818074,-1.8,0.4,20.1
0.96,0.06593407,-1.8,0.4,20.1
0.97,0.06593407,-1.8,0.4,20.1
0.97,0.06593407,-1.8,0.4,20.1
0.97,0.06593407,-1.8,0.4,20.1
0.97,0.06593407,-1.8,0.4,20.1
0.97,0.06593407,-1.8,0.4,20.1
0.97,0.070818074,-1.8,0.4,20.1
0.97,0.06593407,-1.8,0.4,20.1
0.97,0.06593407,-1.8,0.4,20.1
0.97,0.06593407,-1.8,0.4,20.1
0.97,0.06105006,-1.8,0.4,20.1
0.98,0.06593407,-1.8,0.4,20.1
0.98,0.06593407,-1.8,0.4,20.1
0.98,0.06593407,-1.8,0.4,20.1
0.98,0.06593407,-1.8,0.4,20.1
0.98,0.070818074,-1.8,0.4,20.1
0.98,0.06105006,-1.8,0.4,20.1
0.98,0.06593407,-1.8,0.4,20.1
0.98,0.06593407,-1.8,0.4,20.1
0.98,0.070818074,-1.8,0.4,20.1
0.99,0.06593407,-1.8,0.4,20.1
0.99,0.070818074,-1.8,0.4,20.1
0.99,0.06593407,-1.8,0.4,20.1
0.99,0.06593407,-1.8,0.4,20.1
0.99,0.070818074,-1.8,0.4,20.1
0.99,0.06105006,-1.8,0.4,20.1
0.99,0.06105006,-1.8,0.4,20.1
0.99,0.06593407,-1.8,0.4,20.1
0.99,0.06593407,-1.8,0.4,20.1
1.0,0.06593407,-1.8,0.4,20.1
1.0,0.070818074,-1.8,0.4,20.1
1.0,0.070818074,-1.8,0.4,20.200000000000003
1.0,0.06593407,-1.8,0.4,20.200000000000003
1.0,0.06593407,-1.8,0.4,20.200000000000003
1.0,0.06593407,-1.8,0.4,20.200000000000003
1.0,0.06593407,-1.8,0.4,20.200000000000003
1.0,0.06593407,-1.8,0.4,20.200000000000003
1.0,0.070818074,-1.8,0.4,20.200000000000003
1.01,0.06105006,-1.8,0.4,20.200000000000003
1.01,0.06105006,-1.8,0.4,20.200000000000003
1.01,0.06593407,-1.8,0.4,20.200000000000003
1.01,0.06593407,-1.8,0.4,20.200000000000003
1.01,0.06105006,-1.8,0.4,20.200000000000003
1.01,0.06105006,-1.8,0.4,20.200000000000003
1.01,0.056166057,-1.8,0.4,20.200000000000003
1.01,0.056166057,-1.8,0.4,20.200000000000003
1.01,0.056166057,-1.8,0.4,20.200000000000003
1.02,0.06105006,-1.8,0.4,20.200000000000003
1.02,0.056166057,-1.8,0.4,20.200000000000003
1.02,0.056166057,-1.8,0.4,20.200000000000003
1.02,0.051282052,-1.8,0.4,20.200000000000003
1.02,0.051282052,-1.8,0.4,20.200000000000003
1.02,0.056166057,-1.8,0.4,20.200000000000003
1.02,0.056166057,-1.8,0.4,20.200000000000003
1.02,0.06105006,-1.8,0.4,20.200000000000003
1.02,0.056166057,-1.8,0.4,20.200000000000003
1.02,0.056166057,-1.8,0.4,20.200000000000003
1.03,0.056166057,-1.8,0.4,20.200000000000003
1.03,0.056166057,-1.8,0.4,20.200000000000003
1.03,0.056166057,-1.8,0.4,20.200000000000003
1.03,0.06105006,-1.8,0.4,20.200000000000003
1.03,0.06105006,-1.8,0.4,20.200000000000003
1.03,0.056166057,-1.8,0.4,20.200000000000003
1.03,0.056166057,-1.8,0.4,20.200000000000003
1.03,0.056166057,-1.8,0.4,20.200000000000003
1.04,0.056166057,-1.8,0.4,20.200000000000003
1.04,0.056166057,-1.8,0.4,20.200000000000003
1.04,0.06105006,-1.8,0.4,20.1
1.04,0.06105006,-1.8,0.4,20.1
1.04,0.06105006,-1.8,0.4,20.1
1.04,0.06105006,-1.8,0.4,20.1
1.04,0.06105006,-1.8,0.4,20.1
1.04,0.06593407,-1.8,0.4,20.1
1.04,0.06105006,-1.8,0.4,20.1
1.05,0.06593407,-1.8,0.4,20.1
1.05,0.06593407,-1.8,0.4,20.1
1.05,0.06593407,-1.8,0.4,20.1
1.05,0.06593407,-1.8,0.4,20.1
1.05,0.06593407,-1.8,0.4,20.1
1.05,0.06593407,-1.8,0.4,20.1
1.05,0.06593407,-1.8,0.4,20.1
1.05,0.070818074,-1.8,0.4,20.1
1.05,0.070818074,-1.8,0.4,20.1
1.05,0.070818074,-1.8,0.4,20.1
1.06,0.070818074,-1.8,0.4,20.1
1.06,0.070818074,-1.8,0.4,20.1
1.06,0.07570208,-1.8,0.4,20.1
1.06,0.07570208,-1.8,0.4,20.1
1.06,0.07570208,-1.8,0.4,20.1
1.06,0.070818074,-1.8,0.4,20.0
1.06,0.08058608,-1.8,0.4,20.0
1.06,0.07570208,-1.8,0.4,20.0
1.07,0.08058608,-1.8,0.4,20.0
1.07,0.08058608,-1.8,0.4,20.0
1.07,0.08058608,-1.8,0.4,20.0
1.07,0.08547009,-1.8,0.4,20.0
1.07,0.08058608,-1.8,0.4,20.0
1.07,0.08058608,-1.8,0.4,20.0
1.08,0.08058608,-1.8,0.4,20.0
1.08,0.08547009,-1.8,0.4,20.0
1.08,0.08547009,-1.8,0.4,20.0
1.08,0.08547009,-1.8,0.4,20.0
1.08,0.08058608,-1.8,0.4,20.0
1.08,0.08547009,-1.8,0.4,20.0
1.08,0.08547009,-1.8,0.4,20.0
1.08,0.08547009,-1.8,0.4,20.0
1.08,0.08058608,-1.8,0.4,20.0
1.09,0.08547009,-1.8,0.4,20.0
1.09,0.08547009,-1.8,0.4,20.0
1.09,0.08058608,-1.8,0.4,20.0
1.09,0.08058608,-1.7000000000000002,0.4,19.900000000000002
1.09,0.08547009,-1.7000000000000002,0.4,19.900000000000002
1.09,0.08058608,-1.7000000000000002,0.4,19.900000000000002
1.09,0.08058608,-1.7000000000000002,0.4,19.900000000000002
1.09,0.08058608,-1.7000000000000002,0.4,19.900000000000002
1.09,0.08547009,-1.7000000000000002,0.4,19.900000000000002
1.1,0.08058608,-1.7000000000000002,0.4,19.900000000000002
1.1,0.08058608,-1.7000000000000002,0.4,19.900000000000002
1.1,0.08547009,-1.7000000000000002,0.4,19.900000000000002
1.1,0.08547009,-1.7000000000000002,0.4,19.900000000000002
1.1,0.08058608,-1.7000000000000002,0.4,19.900000000000002
1.1,0.08058608,-1.7000000000000002,0.4,19.900000000000002
1.1,0.08058608,-1.7000000000000002,0.4,19.900000000000002
1.11,0.08058608,-1.7000000000000002,0.4,19.900000000000002
1.11,0.08547009,-1.7000000000000002,0.4,19.900000000000002
1.11,0.08058608,-1.7000000000000002,0.4,19.900000000000002
1.11,0.08058608,-1.7000000000000002,0.4,19.900000000000002
1.11,0.08547009,-1.7000000000000002,0.4,19.900000000000002
1.11,0.08547009,-1.7000000000000002,0.4,19.900000000000002
1.11,0.08547009,-1.7000000000000002,0.4,19.900000000000002
1.11,0.08058608,-1.7000000000000002,0.4,19.900000000000002
1.12,0.08058608,-1.7000000000000002,0.4,19.8
1.12,0.08058608,-1.7000000000000002,0.4,19.8
1.12,0.08058608,-1.7000000000000002,0.4,19.8
1.12,0.07570208,-1.7000000000000002,0.4,19.8
1.12,0.07570208,-1.7000000000000002,0.4,19.8
1.12,0.08058608,-1.7000000000000002,0.4,19.8
1.12,0.08058608,-1.7000000000000002,0.4,19.8
1.12,0.070818074,-1.7000000000000002,0.4,19.8
1.13,0.07570208,-1.7000000000000002,0.4,19.8
1.13,0.07570208,-1.6,0.5,19.8
1.13,0.07570208,-1.6,0.5,19.8
1.13,0.07570208,-1.6,0.5,19.8
1.13,0.070818074,-1.6,0.5,19.8
1.13,0.070818074,-1.6,0.5,19.8
1.13,0.07570208,-1.6,0.5,19.8
1.14,0.07570208,-1.6,0.5,19.8
1.14,0.070818074,-1.6,0.5,19.8
1.14,0.070818074,-1.6,0.5,19.8
1.14,0.07570208,-1.6,0.5,19.700000000000003
1.14,0.07570208,-1.6,0.5,19.700000000000003
1.14,0.070818074,-1.6,0.5,19.700000000000003
1.14,0.06593407,-1.6,0.5,19.700000000000003
1.15,0.06593407,-1.6,0.5,19.700000000000003
1.15,0.070818074,-1.6,0.5,19.700000000000003
1.15,0.070818074,-1.6,0.5,19.700000000000003
1.15,0.06593407,-1.6,0.5,19.700000000000003
1.15,0.06593407,-1.6,0.5,19.700000000000003
1.15,0.06105006,-1.6,0.5,19.700000000000003
1.15,0.070818074,-1.6,0.5,19.700000000000003
1.15,0.070818074,-1.6,0.5,19.700000000000003
1.16,0.06593407,-1.6,0.5,19.700000000000003
1.16,0.06593407,-1.6,0.5,19.700000000000003
1.16,0.06593407,-1.6,0.5,19.700000000000003
1.16,0.070818074,-1.6,0.5,19.700000000000003
1.16,0.08058608,-1.6,0.5,19.700000000000003
1.16,0.070818074,-1.6,0.5,19.700000000000003
1.16,0.07570208,-1.6,0.5,19.700000000000003
1.17,0.070818074,-1.6,0.5,19.700000000000003
1.17,0.07570208,-1.6,0.5,19.6
1.17,0.07570208,-1.6,0.5,19.6
1.17,0.08058608,-1.6,0.5,19.6
1.17,0.08058608,-1.6,0.5,19.6
1.17,0.07570208,-1.6,0.5,19.6
1.17,0.08058608,-1.6,0.5,19.6
1.18,0.08058608,-1.6,0.5,19.6
1.18,0.08058608,-1.6,0.5,19.6
1.18,0.07570208,-1.6,0.5,19.6
1.18,0.09035409,-1.6,0.5,19.6
1.18,0.08547009,-1.6,0.5,19.6
1.18,0.08547009,-1.6,0.5,19.6
1.18,0.08547009,-1.6,0.5,19.6
1.19,0.08547009,-1.6,0.5,19.6
1.19,0.08547009,-1.6,0.5,19.6
1.19,0.09035409,-1.6,0.5,19.6
1.19,0.08547009,-1.6,0.5,19.6
1.19,0.09035409,-1.6,0.5,19.6
1.19,0.08547009,-1.6,0.5,19.6
1.19,0.09035409,-1.6,0.5,19.700000000000003
1.19,0.09035409,-1.6,0.5,19.700000000000003
1.2,0.09035409,-1.6,0.5,19.700000000000003
1.2,0.09035409,-1.6,0.5,19.700000000000003
1.2,0.08058608,-1.6,0.5,19.700000000000003
1.2,0.08547009,-1.6,0.5,19.700000000000003
1.2,0.08547009,-1.6,0.5,19.700000000000003
1.2,0.08547009,-1.6,0.5,19.700000000000003
1.2,0.08058608,-1.6,0.5,19.700000000000003
1.2,0.08058608,-1.6,0.5,19.700000000000003
1.21,0.07570208,-1.6,0.5,19.6
1.21,0.08058608,-1.6,0.5,19.6
1.21,0.08547009,-1.6,0.5,19.6
1.21,0.07570208,-1.6,0.5,19.6
1.21,0.07570208,-1.6,0.5,19.6
1.21,0.07570208,-1.6,0.5,19.6
1.21,0.07570208,-1.6,0.5,19.6
1.21,0.07570208,-1.6,0.5,19.6
1.22,0.07570208,-1.6,0.5,19.6
1.22,0.070818074,-1.6,0.5,19.6
1.22,0.070818074,-1.6,0.5,19.700000000000003
1.22,0.070818074,-1.6,0.5,19.700000000000003
1.22,0.070818074,-1.6,0.5,19.700000000000003
1.22,0.070818074,-1.6,0.5,19.700000000000003
1.22,0.06593407,-1.6,0.5,19.700000000000003
1.22,0.06593407,-1.6,0.5,19.700000000000003
1.23,0.06593407,-1.6,0.5,19.700000000000003
1.23,0.06593407,-1.6,0.5,19.700000000000003
1.23,0.06105006,-1.6,0.5,19.700000000000003
1.23,0.06593407,-1.6,0.5,19.700000000000003
1.23,0.06593407,-1.6,0.5,19.700000000000003
1.23,0.06593407,-1.6,0.5,19.700000000000003
1.23,0.06105006,-1.6,0.5,19.700000000000003
1.23,0.06593407,-1.6,0.5,19.700000000000003
1.24,0.070818074,-1.6,0.5,19.700000000000003
1.24,0.070818074,-1.6,0.5,19.700000000000003
1.24,0.070818074,-1.6,0.5,19.700000000000003
1.24,0.07570208,-1.6,0.5,19.700000000000003
1.24,0.07570208,-1.6,0.5,19.700000000000003
1.24,0.08058608,-1.6,0.5,19.700000000000003
1.24,0.08547009,-1.6,0.5,19.700000000000003
1.25,0.0952381,-1.6,0.5,19.700000000000003
1.25,0.0952381,-1.6,0.5,19.700000000000003
1.25,0.1001221,-1.6,0.5,19.700000000000003
1.25,0.105006106,-1.6,0.5,19.700000000000003
1.25,0.105006106,-1.6,0.5,19.700000000000003
1.25,0.105006106,-1.6,0.5,19.700000000000003
1.25,0.114774115,-1.6,0.5,19.700000000000003
1.25,0.10989011,-1.6,0.5,19.700000000000003
1.26,0.114774115,-1.6,0.5,19.700000000000003
1.26,0.11965812,-1.6,0.5,19.700000000000003
1.26,0.11965812,-1.6,0.5,19.6
1.26,0.11965812,-1.6,0.5,19.6
1.26,0.114774115,-1.6,0.5,19.6
1.26,0.11965812,-1.6,0.5,19.6
1.26,0.11965812,-1.6,0.5,19.6
1.26,0.114774115,-1.6,0.5,19.6
1.26,0.11965812,-1.6,0.5,19.6
1.27,0.10989011,-1.6,0.5,19.6
1.27,0.10989011,-1.6,0.5,19.6
1.27,0.10989011,-1.6,0.5,19.6
1.27,0.105006106,-1.6,0.5,19.6
1.27,0.105006106,-1.6,0.5,19.6
1.27,0.1001221,-1.6,0.5,19.6
1.27,0.09035409,-1.6,0.5,19.6
1.27,0.09035409,-1.6,0.5,19.6
1.27,0.08547009,-1.6,0.5,19.6
1.28,0.08547009,-1.6,0.5,19.6
1.28,0.07570208,-1.6,0.5,19.6
1.28,0.07570208,-1.6,0.5,19.6
1.28,0.06593407,-1.6,0.5,19.6
1.28,0.06105006,-1.6,0.5,19.6
1.28,0.06105006,-1.6,0.5,19.6
1.28,0.046398047,-1.6,0.5,19.6
1.29,0.051282052,-1.6,0.5,19.6
1.29,0.051282052,-1.6,0.5,19.6
1.29,0.041514043,-1.6,0.5,19.6
1.29,0.041514043,-1.6,0.5,19.6
1.29,0.03663004,-1.6,0.5,19.6
1.29,0.031746034,-1.6,0.5,19.6
1.29,0.03663004,-1.6,0.5,19.6
1.29,0.031746034,-1.6,0.5,19.6
1.3,0.031746034,-1.6,0.5,19.6
1.3,0.026862027,-1.6,0.5,19.700000000000003
1.3,0.026862027,-1.6,0.5,19.700000000000003
1.3,0.026862027,-1.6,0.5,19.700000000000003
1.3,0.021978023,-1.6,0.5,19.700000000000003
1.3,0.026862027,-1.6,0.5,19.700000000000003
1.3,0.021978023,-1.6,0.5,19.700000000000003
1.3,0.021978023,-1.6,0.5,19.700000000000003
1.31,0.026862027,-1.6,0.5,19.700000000000003
1.31,0.026862027,-1.6,0.5,19.700000000000003
1.31,0.026862027,-1.6,0.5,19.700000000000003
1.31,0.026862027,-1.6,0.5,19.6
1.31,0.026862027,-1.6,0.5,19.6
1.31,0.03663004,-1.6,0.5,19.6
1.31,0.03663004,-1.6,0.5,19.6
1.31,0.03663004,-1.6,0.5,19.6
1.32,0.03663004,-1.6,0.5,19.6
1.32,0.041514043,-1.6,0.5,19.6
1.32,0.041514043,-1.6,0.5,19.6
1.32,0.046398047,-1.6,0.5,19.6
1.32,0.051282052,-1.6,0.5,19.6
1.32,0.051282052,-1.6,0.5,19.6
1.32,0.06105006,-1.6,0.5,19.6
1.33,0.056166057,-1.6,0.5,19.700000000000003
1.34,0.09035409,-1.5,0.4,19.8
1.34,0.0952381,-1.5,0.4,19.8
1.34,0.1001221,-1.5,0.4,19.8
1.34,0.1001221,-1.5,0.4,19.8
1.34,0.105006106,-1.5,0.4,19.8
1.34,0.1001221,-1.5,0.4,19.8
1.34,0.105006106,-1.5,0.4,19.8
1.34,0.10989011,-1.5,0.4,19.8
1.34,0.10989011,-1.5,0.4,19.8
1.35,0.10989011,-1.5,0.4,19.8
1.35,0.10989011,-1.5,0.4,19.8
1.35,0.10989011,-1.5,0.4,19.8
1.35,0.114774115,-1.5,0.4,19.700000000000003
1.35,0.114774115,-1.5,0.4,19.700000000000003
1.35,0.114774115,-1.5,0.4,19.700000000000003
1.35,0.114774115,-1.5,0.4,19.700000000000003
1.35,0.11965812,-1.5,0.4,19.700000000000003
1.35,0.124542125,-1.5,0.4,19.700000000000003
1.35,0.11965812,-1.5,0.4,19.700000000000003
1.36,0.11965812,-1.5,0.4,19.700000000000003
1.36,0.11965812,-1.5,0.4,19.700000000000003
1.36,0.124542125,-1.5,0.4,19.700000000000003
1.36,0.11965812,-1.5,0.4,19.700000000000003
1.36,0.11965812,-1.5,0.4,19.700000000000003
1.36,0.11965812,-1.5,0.4,19.700000000000003
1.36,0.11965812,-1.5,0.4,19.700000000000003
1.36,0.11965812,-1.5,0.4,19.700000000000003
1.36,0.11965812,-1.5,0.4,19.700000000000003
1.37,0.11965812,-1.5,0.4,19.700000000000003
1.37,0.11965812,-1.5,0.4,19.700000000000003
1.37,0.11965812,-1.5,0.4,19.700000000000003
1.37,0.11965812,-1.5,0.4,19.700000000000003
1.37,0.114774115,-1.5,0.4,19.700000000000003
1.37,0.11965812,-1.5,0.4,19.700000000000003
1.37,0.11965812,-1.5,0.4,19.700000000000003
1.37,0.114774115,-1.5,0.4,19.700000000000003
1.37,0.11965812,-1.5,0.4,19.8
1.38,0.11965812,-1.5,0.4,19.8
1.38,0.114774115,-1.5,0.4,19.8
1.38,0.114774115,-1.5,0.4,19.8
1.38,0.114774115,-1.5,0.4,19.8
1.38,0.11965812,-1.5,0.4,19.8
1.38,0.11965812,-1.5,0.4,19.8
1.38,0.124542125,-1.5,0.4,19.8
1.38,0.11965812,-1.5,0.4,19.8
1.38,0.11965812,-1.5,0.4,19.8
1.39,0.124542125,-1.5,0.4,19.8
1.39,0.11965812,-1.5,0.4,19.8
1.39,0.124542125,-1.5,0.4,19.700000000000003
1.39,0.124542125,-1.5,0.4,19.700000000000003
1.39,0.11965812,-1.5,0.4,19.700000000000003
1.39,0.124542125,-1.5,0.4,19.700000000000003
1.39,0.12942614,-1.5,0.4,19.700000000000003
1.39,0.12942614,-1.5,0.4,19.700000000000003
1.4,0.12942614,-1.5,0.4,19.700000000000003
1.4,0.12942614,-1.5,0.4,19.700000000000003
1.4,0.12942614,-1.5,0.4,19.700000000000003
1.4,0.12942614,-1.5,0.4,19.700000000000003
1.4,0.124542125,-1.5,0.4,19.700000000000003
1.4,0.12942614,-1.5,0.5,19.6
1.4,0.124542125,-1.5,0.5,19.6
1.4,0.114774115,-1.5,0.5,19.6
1.4,0.114774115,-1.5,0.5,19.6
1.4,0.10989011,-1.5,0.5,19.6
1.41,0.105006106,-1.5,0.5,19.6
1.41,0.1001221,-1.5,0.5,19.6
1.41,0.09035409,-1.5,0.5,19.6
1.41,0.08547009,-1.5,0.5,19.6
1.41,0.08058608,-1.5,0.5,19.6
1.41,0.070818074,-1.5,0.5,19.6
1.41,0.070818074,-1.5,0.5,19.6
1.41,0.06593407,-1.5,0.5,19.6
1.41,0.056166057,-1.5,0.5,19.6
1.42,0.046398047,-1.5,0.5,19.6
1.42,0.041514043,-1.5,0.5,19.6
1.42,0.041514043,-1.5,0.5,19.6
1.42,0.031746034,-1.5,0.5,19.6
1.42,0.031746034,-1.5,0.5,19.6
1.42,0.03663004,-1.5,0.5,19.6
1.43,0.03663004,-1.5,0.5,19.6
1.43,0.03663004,-1.5,0.5,19.6
1.43,0.031746034,-1.5,0.5,19.6
1.43,0.031746034,-1.5,0.5,19.6
1.43,0.03663004,-1.5,0.5,19.6
1.43,0.041514043,-1.5,0.5,19.6
1.43,0.03663004,-1.5,0.5,19.6
1.43,0.041514043,-1.5,0.5,19.6
1.43,0.041514043,-1.5,0.5,19.6
1.43,0.046398047,-1.5,0.5,19.6
1.44,0.051282052,-1.5,0.5,19.6
1.44,0.056166057,-1.5,0.5,19.6
1.44,0.056166057,-1.5,0.5,19.6
1.44,0.06105006,-1.5,0.5,19.6
1.44,0.070818074,-1.5,0.5,19.6
1.44,0.07570208,-1.5,0.5,19.6
1.44,0.08058608,-1.5,0.5,19.6
1.44,0.08058608,-1.5,0.5,19.6
1.44,0.08547009,-1.5,0.5,19.6
1.45,0.09035409,-1.5,0.5,19.6
1.45,0.09035409,-1.5,0.5,19.6
1.45,0.0952381,-1.5,0.5,19.6
1.45,0.105006106,-1.5,0.5,19.6
1.45,0.10989011,-1.5,0.5,19.6
1.45,0.114774115,-1.5,0.5,19.700000000000003
1.45,0.114774115,-1.5,0.5,19.700000000000003
1.45,0.124542125,-1.5,0.5,19.700000000000003
1.45,0.13431014,-1.5,0.5,19.700000000000003
1.46,0.13919415,-1.5,0.5,19.700000000000003
1.46,0.14896215,-1.5,0.5,19.700000000000003
1.46,0.15873016,-1.5,0.5,19.700000000000003
1.46,0.16361417,-1.5,0.5,19.700000000000003
1.46,0.16849817,-1.5,0.5,19.700000000000003
1.46,0.17826618,-1.5,0.5,19.700000000000003
1.46,0.1929182,-1.5,0.5,19.700000000000003
1.47,0.2026862,-1.5,0.5,19.700000000000003
1.47,0.21245421,-1.5,0.5,19.700000000000003
1.47,0.21245421,-1.5,0.5,19.700000000000003
1.47,0.21733822,-1.5,0.5,19.700000000000003
1.47,0.22222222,-1.5,0.5,19.700000000000003
1.47,0.22710623,-1.5,0.5,19.700000000000003
1.47,0.23199023,-1.5,0.5,19.700000000000003
1.47,0.23687424,-1.5,0.5,19.700000000000003
1.47,0.24175824,-1.5,0.5,19.700000000000003
1.48,0.24175824,-1.5,0.5,19.700000000000003
1.48,0.25152627,-1.5,0.5,19.700000000000003
1.48,0.25152627,-1.5,0.5,19.700000000000003
1.48,0.25152627,-1.5,0.5,19.8
1.48,0.25152627,-1.5,0.5,19.8
1.48,0.25641027,-1.5,0.5,19.8
1.48,0.25641027,-1.5,0.5,19.8
1.48,0.26129428,-1.5,0.5,19.8
1.48,0.26129428,-1.5,0.5,19.8
1.48,0.26617828,-1.5,0.5,19.8
1.49,0.26129428,-1.5,0.5,19.8
1.49,0.26129428,-1.5,0.5,19.8
1.49,0.26617828,-1.5,0.5,19.8
1.49,0.26129428,-1.5,0.5,19.8
1.49,0.27106228,-1.5,0.5,19.8
1.49,0.26617828,-1.5,0.5,19.8
1.49,0.26617828,-1.5,0.5,19.900000000000002
1.49,0.27106228,-1.5,0.5,19.900000000000002
1.5,0.26617828,-1.5,0.5,19.900000000000002
1.5,0.26129428,-1.5,0.5,19.900000000000002
1.5,0.26617828,-1.5,0.5,19.900000000000002
1.5,0.26617828,-1.5,0.5,19.900000000000002
1.5,0.26129428,-1.5,0.5,19.900000000000002
1.5,0.26617828,-1.5,0.5,19.900000000000002
1.5,0.26617828,-1.5,0.5,19.900000000000002
1.5,0.26617828,-1.5,0.5,19.900000000000002
1.5,0.26617828,-1.5,0.5,19.8
1.5,0.26617828,-1.5,0.5,19.8
1.51,0.26617828,-1.5,0.5,19.8
1.51,0.26617828,-1.5,0.5,19.8
1.51,0.27106228,-1.5,0.5,19.8
1.51,0.2759463,-1.5,0.5,19.8
1.51,0.27106228,-1.5,0.5,19.8
1.51,0.2808303,-1.5,0.5,19.8
1.51,0.2808303,-1.5,0.5,19.8
1.51,0.2759463,-1.5,0.5,19.8
1.52,0.2808303,-1.5,0.5,19.8
1.52,0.2759463,-1.5,0.5,19.900000000000002
1.52,0.2759463,-1.5,0.5,19.900000000000002
1.52,0.2808303,-1.5,0.5,19.900000000000002
1.52,0.2857143,-1.5,0.5,19.900000000000002
1.52,0.27106228,-1.5,0.5,19.900000000000002
1.52,0.27106228,-1.5,0.5,19.900000000000002
1.52,0.26617828,-1.5,0.5,19.900000000000002
1.53,0.26129428,-1.5,0.5,19.900000000000002
1.53,0.25152627,-1.5,0.5,19.900000000000002
1.53,0.24664225,-1.5,0.5,19.900000000000002
1.53,0.24175824,-1.5,0.5,19.900000000000002
1.53,0.23199023,-1.5,0.4,19.900000000000002
1.53,0.21245421,-1.5,0.4,19.900000000000002
1.53,0.20757021,-1.5,0.4,19.900000000000002
1.54,0.1978022,-1.5,0.4,19.900000000000002
1.54,0.18315019,-1.5,0.4,19.900000000000002
1.54,0.17826618,-1.5,0.4,19.900000000000002
1.54,0.17826618,-1.5,0.4,19.900000000000002
1.54,0.16849817,-1.5,0.4,19.900000000000002
1.54,0.16361417,-1.5,0.4,19.900000000000002
1.54,0.16361417,-1.5,0.4,19.900000000000002
1.54,0.15873016,-1.5,0.4,19.900000000000002
1.55,0.15384616,-1.5,0.4,19.900000000000002
1.55,0.14896215,-1.5,0.4,19.900000000000002
1.55,0.14407815,-1.5,0.4,19.900000000000002
1.55,0.14407815,-1.5,0.4,19.900000000000002
1.55,0.13919415,-1.5,0.4,19.900000000000002
1.55,0.13919415,-1.5,0.4,19.900000000000002
1.55,0.12942614,-1.5,0.4,19.900000000000002
1.56,0.12942614,-1.5,0.4,19.900000000000002
1.56,0.124542125,-1.5,0.4,19.900000000000002
1.56,0.11965812,-1.5,0.4,19.900000000000002
1.56,0.11965812,-1.5,0.4,19.900000000000002
1.56,0.11965812,-1.5,0.4,19.900000000000002
1.56,0.11965812,-1.5,0.4,19.900000000000002
1.56,0.124542125,-1.5,0.4,19.900000000000002
1.57,0.124542125,-1.5,0.4,19.900000000000002
1.57,0.12942614,-1.5,0.4,19.900000000000002
1.57,0.13919415,-1.5,0.4,19.900000000000002
1.57,0.13431014,-1.5,0.4,19.900000000000002
1.57,0.13919415,-1.5,0.4,19.900000000000002
1.57,0.14407815,-1.5,0.4,19.900000000000002
1.57,0.14896215,-1.5,0.4,19.900000000000002
1.58,0.15384616,-1.5,0.4,19.900000000000002
1.58,0.15384616,-1.5,0.4,19.900000000000002
1.58,0.15873016,-1.5,0.4,19.900000000000002
1.58,0.16849817,-1.5,0.4,19.900000000000002
1.58,0.16849817,-1.5,0.4,19.900000000000002
1.58,0.17338218,-1.5,0.4,19.900000000000002
1.58,0.17826618,-1.5,0.4,19.900000000000002
1.59,0.18803419,-1.5,0.4,19.900000000000002
1.59,0.18803419,-1.5,0.4,19.900000000000002
1.59,0.18803419,-1.5,0.4,19.900000000000002
1.59,0.1978022,-1.5,0.4,19.900000000000002
1.59,0.2026862,-1.5,0.4,19.900000000000002
1.59,0.20757021,-1.5,0.4,19.900000000000002
1.59,0.20757021,-1.5,0.4,19.900000000000002
1.6,0.20757021,-1.5,0.4,19.900000000000002
1.6,0.20757021,-1.6,0.4,19.900000000000002
1.6,0.21245421,-1.6,0.4,19.900000000000002
1.6,0.21245421,-1.6,0.4,19.900000000000002
1.6,0.21733822,-1.6,0.4,19.900000000000002
1.6,0.21733822,-1.6,0.4,19.900000000000002
1.6,0.21733822,-1.6,0.4,19.900000000000002
1.6,0.21733822,-1.6,0.4,19.900000000000002
1.61,0.21245421,-1.6,0.4,19.900000000000002
1.61,0.21245421,-1.6,0.4,19.900000000000002
1.61,0.21733822,-1.6,0.4,19.900000000000002
1.61,0.21245421,-1.6,0.4,19.900000000000002
1.61,0.20757021,-1.6,0.4,19.900000000000002
1.61,0.2026862,-1.6,0.4,19.900000000000002
1.61,0.20757021,-1.6,0.4,19.900000000000002
1.61,0.20757021,-1.6,0.4,19.900000000000002
1.62,0.20757021,-1.6,0.4,19.900000000000002
1.62,0.1978022,-1.6,0.4,19.900000000000002
1.62,0.1978022,-1.6,0.4,19.900000000000002
1.62,0.1978022,-1.6,0.4,19.900000000000002
1.62,0.1978022,-1.6,0.4,19.900000000000002
1.62,0.1929182,-1.6,0.4,19.900000000000002
1.62,0.1929182,-1.6,0.4,19.900000000000002
1.62,0.18803419,-1.6,0.4,19.900000000000002
1.63,0.18315019,-1.6,0.4,19.900000000000002
1.63,0.18803419,-1.6,0.4,19.900000000000002
1.63,0.17826618,-1.6,0.4,19.900000000000002
1.63,0.17338218,-1.6,0.4,19.900000000000002
1.63,0.16849817,-1.6,0.4,19.900000000000002
1.63,0.16849817,-1.6,0.4,19.900000000000002
1.63,0.16849817,-1.6,0.4,19.900000000000002
1.63,0.16361417,-1.6,0.4,19.900000000000002
1.64,0.16361417,-1.6,0.4,19.900000000000002
1.64,0.14896215,-1.6,0.4,19.900000000000002
1.64,0.15384616,-1.6,0.4,19.900000000000002
1.64,0.14896215,-1.6,0.4,19.900000000000002
1.64,0.13919415,-1.6,0.4,19.900000000000002
1.64,0.13431014,-1.6,0.4,19.900000000000002
1.64,0.13431014,-1.6,0.4,19.900000000000002
1.65,0.13431014,-1.6,0.4,19.900000000000002
1.65,0.12942614,-1.6,0.4,19.900000000000002
1.65,0.124542125,-1.6,0.4,19.900000000000002
1.65,0.11965812,-1.6,0.4,19.900000000000002
1.65,0.11965812,-1.6,0.4,19.900000000000002
1.65,0.11965812,-1.6,0.4,19.900000000000002
1.65,0.11965812,-1.6,0.4,19.900000000000002
1.65,0.114774115,-1.6,0.4,19.900000000000002
1.65,0.114774115,-1.6,0.4,19.900000000000002
1.66,0.114774115,-1.6,0.4,19.900000000000002
1.66,0.11965812,-1.6,0.4,19.900000000000002
1.66,0.114774115,-1.6,0.4,19.900000000000002
1.66,0.124542125,-1.6,0.4,19.900000000000002
1.66,0.11965812,-1.6,0.4,19.900000000000002
1.66,0.124542125,-1.6,0.4,19.900000000000002
1.66,0.11965812,-1.6,0.4,19.900000000000002
1.67,0.124542125,-1.6,0.4,19.900000000000002
1.67,0.124542125,-1.6,0.4,19.900000000000002
1.67,0.12942614,-1.6,0.4,19.900000000000002
1.67,0.12942614,-1.6,0.4,19.900000000000002
1.67,0.12942614,-1.6,0.4,19.900000000000002
1.67,0.12942614,-1.6,0.4,19.900000000000002
1.67,0.12942614,-1.6,0.4,20.0
1.67,0.12942614,-1.6,0.4,20.0
1.67,0.13431014,-1.6,0.4,20.0
1.68,0.14407815,-1.6,0.4,20.0
1.68,0.13919415,-1.6,0.4,20.0
1.68,0.13431014,-1.6,0.4,20.0
1.68,0.14407815,-1.6,0.4,20.0
1.68,0.14407815,-1.6,0.4,20.0
1.68,0.15384616,-1.6,0.4,20.0
1.68,0.15384616,-1.6,0.4,20.0
1.69,0.15873016,-1.6,0.4,20.0
1.69,0.15873016,-1.6,0.4,20.0
1.69,0.15873016,-1.6,0.4,20.0
1.69,0.16849817,-1.6,0.4,20.0
1.69,0.16849817,-1.6,0.4,20.0
1.69,0.16849817,-1.6,0.4,20.0
1.69,0.16849817,-1.6,0.4,20.0
1.69,0.17338218,-1.6,0.4,20.0
1.69,0.17826618,-1.6,0.4,20.0
1.7,0.17826618,-1.6,0.4,20.0
1.7,0.18315019,-1.6,0.4,20.0
1.7,0.18803419,-1.6,0.4,20.0
1.7,0.18803419,-1.6,0.30000000000000004,20.200000000000003
1.7,0.18803419,-1.6,0.30000000000000004,20.200000000000003
1.7,0.1978022,-1.6,0.30000000000000004,20.200000000000003
1.7,0.1978022,-1.6,0.30000000000000004,20.200000000000003
1.7,0.1929182,-1.6,0.30000000000000004,20.200000000000003
1.7,0.2026862,-1.6,0.30000000000000004,20.200000000000003
1.7,0.2026862,-1.6,0.30000000000000004,20.200000000000003
1.71,0.2026862,-1.6,0.30000000000000004,20.200000000000003
1.71,0.20757021,-1.6,0.30000000000000004,20.200000000000003
1.71,0.21245421,-1.6,0.30000000000000004,20.200000000000003
1.71,0.21733822,-1.6,0.30000000000000004,20.200000000000003
1.71,0.21733822,-1.6,0.30000000000000004,20.200000000000003
1.71,0.22222222,-1.6,0.30000000000000004,20.200000000000003
1.71,0.22222222,-1.6,0.30000000000000004,20.3
1.71,0.22710623,-1.6,0.30000000000000004,20.3
1.71,0.22222222,-1.6,0.30000000000000004,20.3
1.72,0.22710623,-1.6,0.30000000000000004,20.3
1.72,0.23199023,-1.6,0.30000000000000004,20.3
1.72,0.22710623,-1.6,0.30000000000000004,20.3
1.72,0.22710623,-1.6,0.30000000000000004,20.3
1.72,0.22710623,-1.6,0.30000000000000004,20.3
1.72,0.22222222,-1.6,0.30000000000000004,20.3
1.72,0.23199023,-1.6,0.30000000000000004,20.3
1.72,0.22710623,-1.6,0.30000000000000004,20.3
1.72,0.22710623,-1.6,0.30000000000000004,20.3
1.73,0.22222222,-1.7000000000000002,0.30000000000000004,20.400000000000002
1.73,0.23199023,-1.7000000000000002,0.30000000000000004,20.400000000000002
1.73,0.21733822,-1.7000000000000002,0.30000000000000004,20.400000000000002
1.73,0.21733822,-1.7000000000000002,0.30000000000000004,20.400000000000002
1.73,0.21733822,-1.7000000000000002,0.30000000000000004,20.400000000000002
1.73,0.21245421,-1.7000000000000002,0.30000000000000004,20.400000000000002
1.73,0.20757021,-1.7000000000000002,0.30000000000000004,20.400000000000002
1.73,0.20757021,-1.7000000000000002,0.30000000000000004,20.400000000000002
1.73,0.2026862,-1.7000000000000002,0.30000000000000004,20.400000000000002
1.74,0.1978022,-1.7000000000000002,0.30000000000000004,20.400000000000002
1.74,0.1978022,-1.7000000000000002,0.30000000000000004,20.400000000000002
1.74,0.1929182,-1.7000000000000002,0.30000000000000004,20.400000000000002
1.74,0.1929182,-1.7000000000000002,0.30000000000000004,20.400000000000002
1.74,0.1929182,-1.7000000000000002,0.30000000000000004,20.400000000000002
1.74,0.18803419,-1.7000000000000002,0.30000000000000004,20.400000000000002
1.74,0.18803419,-1.7000000000000002,0.30000000000000004,20.400000000000002
1.74,0.18315019,-1.7000000000000002,0.30000000000000004,20.400000000000002
1.75,0.17338218,-1.7000000000000002,0.30000000000000004,20.400000000000002
1.75,0.17338218,-1.7000000000000002,0.30000000000000004,20.400000000000002
1.75,0.16849817,-1.7000000000000002,0.30000000000000004,20.400000000000002
1.75,0.16361417,-1.7000000000000002,0.30000000000000004,20.400000000000002
1.75,0.15873016,-1.7000000000000002,0.30000000000000004,20.400000000000002
1.75,0.15384616,-1.7000000000000002,0.30000000000000004,20.400000000000002
1.75,0.15384616,-1.7000000000000002,0.30000000000000004,20.400000000000002
1.75,0.14896215,-1.7000000000000002,0.30000000000000004,20.400000000000002
1.75,0.14896215,-1.7000000000000002,0.30000000000000004,20.400000000000002
1.76,0.14896215,-1.7000000000000002,0.30000000000000004,20.400000000000002
1.76,0.14407815,-1.7000000000000002,0.30000000000000004,20.400000000000002
1.76,0.14407815,-1.7000000000000002,0.30000000000000004,20.400000000000002
1.76,0.13431014,-1.7000000000000002,0.30000000000000004,20.400000000000002
1.76,0.13431014,-1.7000000000000002,0.30000000000000004,20.400000000000002
1.76,0.12942614,-1.7000000000000002,0.30000000000000004,20.400000000000002
1.76,0.124542125,-1.7000000000000002,0.30000000000000004,20.400000000000002
1.76,0.11965812,-1.7000000000000002,0.30000000000000004,20.400000000000002
1.77,0.11965812,-1.7000000000000002,0.30000000000000004,20.400000000000002
1.77,0.114774115,-1.7000000000000002,0.30000000000000004,20.400000000000002
1.77,0.10989011,-1.7000000000000002,0.30000000000000004,20.400000000000002
1.77,0.10989011,-1.7000000000000002,0.30000000000000004,20.400000000000002
1.77,0.105006106,-1.7000000000000002,0.30000000000000004,20.400000000000002
1.77,0.105006106,-1.7000000000000002,0.30000000000000004,20.400000000000002
1.77,0.1001221,-1.7000000000000002,0.30000000000000004,20.400000000000002
1.77,0.1001221,-1.7000000000000002,0.30000000000000004,20.400000000000002
1.78,0.1001221,-1.7000000000000002,0.30000000000000004,20.400000000000002
1.78,0.0952381,-1.7000000000000002,0.30000000000000004,20.400000000000002
1.78,0.0952381,-1.7000000000000002,0.30000000000000004,20.400000000000002
1.78,0.08547009,-1.7000000000000002,0.30000000000000004,20.400000000000002
1.78,0.08547009,-1.7000000000000002,0.30000000000000004,20.400000000000002
1.78,0.08547009,-1.7000000000000002,0.30000000000000004,20.400000000000002
1.78,0.08547009,-1.7000000000000002,0.30000000000000004,20.400000000000002
1.78,0.08547009,-1.7000000000000002,0.30000000000000004,20.400000000000002
1.78,0.08058608,-1.7000000000000002,0.30000000000000004,20.400000000000002
1.79,0.07570208,-1.7000000000000002,0.30000000000000004,20.400000000000002
1.79,0.07570208,-1.7000000000000002,0.30000000000000004,20.400000000000002
1.79,0.07570208,-1.7000000000000002,0.30000000000000004,20.400000000000002
1.79,0.08058608,-1.7000000000000002,0.30000000000000004,20.400000000000002
1.79,0.07570208,-1.7000000000000002,0.30000000000000004,20.3
1.79,0.07570208,-1.7000000000000002,0.30000000000000004,20.3
1.79,0.070818074,-1.7000000000000002,0.30000000000000004,20.3
1.79,0.07570208,-1.7000000000000002,0.30000000000000004,20.3
1.8,0.070818074,-1.7000000000000002,0.30000000000000004,20.3
1.8,0.070818074,-1.7000000000000002,0.30000000000000004,20.3
1.8,0.070818074,-1.7000000000000002,0.30000000000000004,20.3
1.8,0.070818074,-1.7000000000000002,0.30000000000000004,20.3
1.8,0.070818074,-1.7000000000000002,0.30000000000000004,20.3
1.8,0.08058608,-1.7000000000000002,0.30000000000000004,20.3
1.8,0.08058608,-1.7000000000000002,0.30000000000000004,20.3
1.8,0.08058608,-1.7000000000000002,0.30000000000000004,20.3
1.8,0.07570208,-1.7000000000000002,0.30000000000000004,20.3
1.81,0.07570208,-1.7000000000000002,0.30000000000000004,20.3
1.81,0.08058608,-1.7000000000000002,0.30000000000000004,20.3
1.81,0.08058608,-1.7000000000000002,0.30000000000000004,20.3
1.81,0.09035409,-1.7000000000000002,0.30000000000000004,20.3
1.81,0.09035409,-1.7000000000000002,0.30000000000000004,20.3
1.81,0.08547009,-1.7000000000000002,0.30000000000000004,20.3
1.81,0.09035409,-1.7000000000000002,0.30000000000000004,20.3
1.81,0.09035409,-1.7000000000000002,0.30000000000000004,20.3
1.81,0.08547009,-1.7000000000000002,0.30000000000000004,20.3
1.82,0.09035409,-1.7000000000000002,0.30000000000000004,20.3
1.82,0.0952381,-1.8,0.30000000000000004,20.3
1.82,0.0952381,-1.8,0.30000000000000004,20.3
1.82,0.0952381,-1.8,0.30000000000000004,20.3
1.82,0.0952381,-1.8,0.30000000000000004,20.3
1.82,0.0952381,-1.8,0.30000000000000004,20.3
1.82,0.0952381,-1.8,0.30000000000000004,20.3
1.82,0.09035409,-1.8,0.30000000000000004,20.3
1.82,0.1001221,-1.8,0.30000000000000004,20.3
1.83,0.1001221,-1.8,0.30000000000000004,20.3
1.83,0.105006106,-1.8,0.30000000000000004,20.3
1.83,0.1001221,-1.8,0.30000000000000004,20.3
1.83,0.105006106,-1.8,0.30000000000000004,20.3
1.83,0.105006106,-1.8,0.30000000000000004,20.3
1.83,0.114774115,-1.8,0.30000000000000004,20.3
1.83,0.10989011,-1.8,0.30000000000000004,20.3
1.83,0.10989011,-1.8,0.30000000000000004,20.3
1.83,0.11965812,-1.8,0.30000000000000004,20.3
1.84,0.114774115,-1.8,0.30000000000000004,20.3
1.84,0.11965812,-1.8,0.30000000000000004,20.3
1.84,0.124542125,-1.8,0.30000000000000004,20.3
1.84,0.11965812,-1.8,0.30000000000000004,20.3
1.84,0.124542125,-1.8,0.30000000000000004,20.3
1.84,0.124542125,-1.8,0.30000000000000004,20.3
1.84,0.124542125,-1.8,0.30000000000000004,20.200000000000003
1.84,0.124542125,-1.8,0.30000000000000004,20.200000000000003
1.85,0.124542125,-1.8,0.30000000000000004,20.200000000000003
1.85,0.124542125,-1.8,0.30000000000000004,20.200000000000003
1.85,0.12942614,-1.8,0.30000000000000004,20.200000000000003
1.85,0.13431014,-1.8,0.30000000000000004,20.200000000000003
1.85,0.124542125,-1.8,0.30000000000000004,20.200000000000003
1.85,0.13431014,-1.8,0.30000000000000004,20.200000000000003
1.85,0.12942614,-1.8,0.30000000000000004,20.200000000000003
1.85,0.124542125,-1.8,0.30000000000000004,20.200000000000003
1.85,0.12942614,-1.8,0.30000000000000004,20.200000000000003
1.86,0.12942614,-1.7000000000000002,0.30000000000000004,20.200000000000003
1.86,0.124542125,-1.7000000000000002,0.30000000000000004,20.200000000000003
1.86,0.124542125,-1.7000000000000002,0.30000000000000004,20.200000000000003
1.86,0.124542125,-1.7000000000000002,0.30000000000000004,20.200000000000003
1.86,0.124542125,-1.7000000000000002,0.30000000000000004,20.200000000000003
1.86,0.11965812,-1.7000000000000002,0.30000000000000004,20.200000000000003
1.86,0.11965812,-1.7000000000000002,0.30000000000000004,20.200000000000003
1.86,0.114774115,-1.7000000000000002,0.30000000000000004,20.200000000000003
1.86,0.11965812,-1.7000000000000002,0.30000000000000004,20.200000000000003
1.86,0.114774115,-1.7000000000000002,0.30000000000000004,20.200000000000003
1.87,0.114774115,-1.7000000000000002,0.30000000000000004,20.200000000000003
1.87,0.10989011,-1.7000000000000002,0.30000000000000004,20.200000000000003
1.87,0.10989011,-1.7000000000000002,0.30000000000000004,20.200000000000003
1.87,0.105006106,-1.7000000000000002,0.30000000000000004,20.200000000000003
1.87,0.1001221,-1.7000000000000002,0.30000000000000004,20.200000000000003
1.87,0.1001221,-1.7000000000000002,0.30000000000000004,20.200000000000003
1.87,0.1001221,-1.7000000000000002,0.30000000000000004,20.200000000000003
1.87,0.1001221,-1.7000000000000002,0.30000000000000004,20.200000000000003
1.87,0.0952381,-1.7000000000000002,0.30000000000000004,20.200000000000003
1.87,0.09035409,-1.7000000000000002,0.30000000000000004,20.200000000000003
1.88,0.09035409,-1.7000000000000002,0.30000000000000004,20.200000000000003
1.88,0.09035409,-1.7000000000000002,0.30000000000000004,20.200000000000003
1.88,0.09035409,-1.7000000000000002,0.30000000000000004,20.200000000000003
1.88,0.09035409,-1.7000000000000002,0.30000000000000004,20.200000000000003
1.88,0.08547009,-1.7000000000000002,0.30000000000000004,20.200000000000003
1.88,0.08058608,-1.7000000000000002,0.30000000000000004,20.200000000000003
1.88,0.08547009,-1.7000000000000002,0.30000000000000004,20.200000000000003
1.88,0.08058608,-1.7000000000000002,0.30000000000000004,20.200000000000003
1.88,0.07570208,-1.7000000000000002,0.30000000000000004,20.200000000000003
1.89,0.07570208,-1.7000000000000002,0.30000000000000004,20.200000000000003
1.89,0.08058608,-1.7000000000000002,0.30000000000000004,20.200000000000003
1.89,0.07570208,-1.7000000000000002,0.30000000000000004,20.200000000000003
1.89,0.070818074,-1.7000000000000002,0.30000000000000004,20.200000000000003
1.89,0.07570208,-1.7000000000000002,0.30000000000000004,20.200000000000003
1.89,0.070818074,-1.7000000000000002,0.30000000000000004,20.200000000000003
1.89,0.06593407,-1.7000000000000002,0.30000000000000004,20.200000000000003
1.89,0.07570208,-1.7000000000000002,0.30000000000000004,20.200000000000003
1.89,0.070818074,-1.7000000000000002,0.30000000000000004,20.3
1.9,0.06593407,-1.7000000000000002,0.30000000000000004,20.3
1.9,0.06593407,-1.7000000000000002,0.30000000000000004,20.3
1.9,0.06593407,-1.7000000000000002,0.30000000000000004,20.3
1.9,0.06593407,-1.7000000000000002,0.30000000000000004,20.3
1.9,0.06105006,-1.7000000000000002,0.30000000000000004,20.3
1.9,0.06593407,-1.7000000000000002,0.30000000000000004,20.3
1.9,0.06105006,-1.7000000000000002,0.30000000000000004,20.3
1.9,0.06593407,-1.7000000000000002,0.30000000000000004,20.3
1.91,0.06105006,-1.7000000000000002,0.30000000000000004,20.3
1.91,0.056166057,-1.7000000000000002,0.30000000000000004,20.3
1.91,0.06105006,-1.7000000000000002,0.30000000000000004,20.3
1.91,0.051282052,-1.7000000000000002,0.30000000000000004,20.200000000000003
1.91,0.056166057,-1.7000000000000002,0.30000000000000004,20.200000000000003
1.91,0.056166057,-1.7000000000000002,0.30000000000000004,20.200000000000003
1.91,0.051282052,-1.7000000000000002,0.30000000000000004,20.200000000000003
1.91,0.056166057,-1.7000000000000002,0.30000000000000004,20.200000000000003
1.91,0.056166057,-1.7000000000000002,0.30000000000000004,20.200000000000003
1.91,0.046398047,-1.7000000000000002,0.30000000000000004,20.200000000000003
1.92,0.041514043,-1.7000000000000002,0.30000000000000004,20.200000000000003
1.92,0.051282052,-1.7000000000000002,0.30000000000000004,20.200000000000003
1.92,0.051282052,-1.7000000000000002,0.30000000000000004,20.200000000000003
1.92,0.051282052,-1.7000000000000002,0.30000000000000004,20.200000000000003
1.92,0.051282052,-1.7000000000000002,0.30000000000000004,20.3
1.92,0.051282052,-1.7000000000000002,0.30000000000000004,20.3
1.92,0.046398047,-1.7000000000000002,0.30000000000000004,20.3
1.92,0.051282052,-1.7000000000000002,0.30000000000000004,20.3
1.92,0.046398047,-1.7000000000000002,0.30000000000000004,20.3
1.93,0.051282052,-1.7000000000000002,0.30000000000000004,20.3
1.93,0.046398047,-1.7000000000000002,0.30000000000000004,20.3
1.93,0.046398047,-1.7000000000000002,0.30000000000000004,20.3
1.93,0.051282052,-1.7000000000000002,0.30000000000000004,20.3
1.93,0.046398047,-1.7000000000000002,0.30000000000000004,20.3
1.93,0.051282052,-1.7000000000000002,0.30000000000000004,20.3
1.93,0.046398047,-1.7000000000000002,0.30000000000000004,20.3
1.93,0.051282052,-1.7000000000000002,0.30000000000000004,20.3
1.93,0.046398047,-1.7000000000000002,0.30000000000000004,20.3
1.93,0.051282052,-1.7000000000000002,0.30000000000000004,20.3
1.94,0.046398047,-1.7000000000000002,0.30000000000000004,20.3
1.94,0.051282052,-1.7000000000000002,0.30000000000000004,20.3
1.94,0.056166057,-1.7000000000000002,0.30000000000000004,20.3
1.94,0.06105006,-1.7000000000000002,0.30000000000000004,20.3
1.94,0.056166057,-1.7000000000000002,0.30000000000000004,20.3
1.94,0.051282052,-1.7000000000000002,0.30000000000000004,20.3
1.94,0.056166057,-1.7000000000000002,0.30000000000000004,20.3
1.94,0.06105006,-1.7000000000000002,0.30000000000000004,20.3
1.94,0.06105006,-1.7000000000000002,0.30000000000000004,20.3
1.95,0.06593407,-1.7000000000000002,0.30000000000000004,20.3
1.95,0.06593407,-1.7000000000000002,0.30000000000000004,20.3
1.95,0.06593407,-1.7000000000000002,0.30000000000000004,20.3
1.95,0.06593407,-1.7000000000000002,0.30000000000000004,20.3
1.95,0.07570208,-1.7000000000000002,0.30000000000000004,20.3
1.95,0.07570208,-1.7000000000000002,0.30000000000000004,20.3
1.95,0.070818074,-1.7000000000000002,0.30000000000000004,20.3
1.96,0.07570208,-1.7000000000000002,0.30000000000000004,20.3
1.96,0.07570208,-1.7000000000000002,0.30000000000000004,20.3
1.96,0.08058608,-1.7000000000000002,0.30000000000000004,20.3
1.96,0.07570208,-1.7000000000000002,0.30000000000000004,20.3
1.96,0.08547009,-1.7000000000000002,0.30000000000000004,20.3
1.96,0.09035409,-1.7000000000000002,0.30000000000000004,20.3
1.96,0.08547009,-1.7000000000000002,0.30000000000000004,20.3
1.96,0.08058608,-1.7000000000000002,0.30000000000000004,20.3
1.96,0.08547009,-1.7000000000000002,0.30000000000000004,20.3
1.96,0.09035409,-1.7000000000000002,0.30000000000000004,20.3
1.97,0.08547009,-1.7000000000000002,0.30000000000000004,20.3
1.97,0.09035409,-1.7000000000000002,0.30000000000000004,20.3
1.97,0.0952381,-1.7000000000000002,0.30000000000000004,20.3
1.97,0.09035409,-1.7000000000000002,0.30000000000000004,20.3
1.97,0.09035409,-1.7000000000000002,0.30000000000000004,20.3
1.97,0.09035409,-1.7000000000000002,0.30000000000000004,20.3
1.97,0.0952381,-1.7000000000000002,0.30000000000000004,20.3
1.97,0.0952381,-1.7000000000000002,0.30000000000000004,20.3
1.97,0.1001221,-1.7000000000000002,0.30000000000000004,20.3
1.98,0.1001221,-1.7000000000000002,0.30000000000000004,20.3
1.98,0.1001221,-1.7000000000000002,0.30000000000000004,20.3
1.98,0.1001221,-1.7000000000000002,0.30000000000000004,20.3
1.98,0.1001221,-1.7000000000000002,0.30000000000000004,20.3
1.98,0.105006106,-1.7000000000000002,0.30000000000000004,20.3
1.98,0.105006106,-1.7000000000000002,0.30000000000000004,20.3
1.98,0.105006106,-1.7000000000000002,0.30000000000000004,20.3
1.98,0.105006106,-1.7000000000000002,0.30000000000000004,20.3
1.99,0.10989011,-1.7000000000000002,0.4,20.200000000000003
1.99,0.105006106,-1.7000000000000002,0.4,20.200000000000003
1.99,0.105006106,-1.7000000000000002,0.4,20.200000000000003
1.99,0.105006106,-1.7000000000000002,0.4,20.200000000000003
1.99,0.10989011,-1.7000000000000002,0.4,20.200000000000003
1.99,0.105006106,-1.7000000000000002,0.4,20.200000000000003
1.99,0.1001221,-1.7000000000000002,0.4,20.200000000000003
1.99,0.105006106,-1.7000000000000002,0.4,20.200000000000003
1.99,0.105006106,-1.7000000000000002,0.4,20.200000000000003
2.0,0.10989011,-1.7000000000000002,0.4,20.200000000000003
2.0,0.105006106,-1.7000000000000002,0.4,20.200000000000003
2.0,0.1001221,-1.7000000000000002,0.4,20.200000000000003
2.0,0.1001221,-1.7000000000000002,0.4,20.200000000000003
2.0,0.1001221,-1.7000000000000002,0.4,20.200000000000003
2.0,0.105006106,-1.7000000000000002,0.4,20.200000000000003
2.0,0.1001221,-1.7000000000000002,0.4,20.200000000000003
2.0,0.1001221,-1.7000000000000002,0.4,20.200000000000003
2.0,0.0952381,-1.7000000000000002,0.4,20.200000000000003
2.0,0.09035409,-1.7000000000000002,0.4,20.200000000000003
2.01,0.09035409,-1.7000000000000002,0.4,20.200000000000003
2.01,0.09035409,-1.7000000000000002,0.4,20.200000000000003
2.01,0.09035409,-1.7000000000000002,0.4,20.200000000000003
2.01,0.08547009,-1.7000000000000002,0.4,20.200000000000003
2.01,0.08058608,-1.6,0.4,20.1
2.01,0.07570208,-1.6,0.4,20.1
2.01,0.08058608,-1.6,0.4,20.1
2.01,0.08058608,-1.6,0.4,20.1
2.02,0.08058608,-1.6,0.4,20.1
2.02,0.08058608,-1.6,0.4,20.1
2.02,0.08058608,-1.6,0.4,20.1
2.02,0.07570208,-1.6,0.4,20.1
2.02,0.08058608,-1.6,0.4,20.1
2.02,0.08058608,-1.6,0.4,20.1
2.02,0.07570208,-1.6,0.4,20.1
2.02,0.09035409,-1.6,0.4,20.1
2.03,0.08547009,-1.6,0.4,20.1
2.03,0.09035409,-1.6,0.4,20.1
2.03,0.0952381,-1.6,0.4,20.1
2.03,0.105006106,-1.6,0.4,20.1
2.03,0.105006106,-1.6,0.4,20.1
2.03,0.11965812,-1.6,0.4,20.1
2.03,0.114774115,-1.6,0.4,20.1
2.04,0.11965812,-1.6,0.4,20.1
2.04,0.12942614,-1.6,0.4,20.200000000000003
2.04,0.13919415,-1.6,0.4,20.200000000000003
2.04,0.14407815,-1.6,0.4,20.200000000000003
2.04,0.14407815,-1.6,0.4,20.200000000000003
2.04,0.14896215,-1.6,0.4,20.200000000000003
2.05,0.15384616,-1.6,0.4,20.200000000000003
2.05,0.14407815,-1.6,0.4,20.200000000000003
2.05,0.15384616,-1.6,0.4,20.200000000000003
2.05,0.15384616,-1.6,0.4,20.200000000000003
2.05,0.14896215,-1.6,0.4,20.200000000000003
2.05,0.15384616,-1.6,0.4,20.200000000000003
2.05,0.14896215,-1.6,0.4,20.200000000000003
2.06,0.14407815,-1.6,0.4,20.200000000000003
2.06,0.14407815,-1.6,0.4,20.200000000000003
2.06,0.13919415,-1.6,0.4,20.200000000000003
2.06,0.13431014,-1.6,0.4,20.200000000000003
2.06,0.124542125,-1.6,0.4,20.200000000000003
2.06,0.11965812,-1.6,0.4,20.1
2.07,0.11965812,-1.6,0.4,20.1
2.07,0.10989011,-1.6,0.4,20.1
2.07,0.10989011,-1.6,0.4,20.1
2.07,0.105006106,-1.6,0.4,20.1
2.07,0.1001221,-1.6,0.4,20.1
2.07,0.0952381,-1.6,0.4,20.1
2.07,0.09035409,-1.6,0.4,20.1
2.07,0.0952381,-1.6,0.4,20.1
2.08,0.09035409,-1.6,0.5,20.1
2.08,0.08058608,-1.6,0.5,20.1
2.08,0.07570208,-1.6,0.5,20.1
2.08,0.07570208,-1.6,0.5,20.1
2.08,0.070818074,-1.6,0.5,20.1
2.08,0.070818074,-1.6,0.5,20.1
2.08,0.06593407,-1.6,0.5,20.1
2.09,0.06105006,-1.6,0.5,20.1
2.09,0.06105006,-1.6,0.5,20.1
2.09,0.056166057,-1.6,0.5,20.1
2.09,0.06105006,-1.6,0.5,20.0
2.09,0.056166057,-1.6,0.5,20.0
2.09,0.056166057,-1.6,0.5,20.0
2.09,0.056166057,-1.6,0.5,20.0
2.09,0.051282052,-1.6,0.5,20.0
2.1,0.056166057,-1.6,0.5,20.0
2.1,0.056166057,-1.6,0.5,20.0
2.1,0.056166057,-1.6,0.5,20.0
2.1,0.056166057,-1.6,0.5,20.0
2.1,0.06105006,-1.5,0.5,20.0
2.1,0.06593407,-1.5,0.5,20.0
2.1,0.06105006,-1.5,0.5,20.0
2.11,0.06105006,-1.5,0.5,20.0
2.11,0.06593407,-1.5,0.5,20.0
2.11,0.070818074,-1.5,0.5,20.0
2.11,0.06593407,-1.5,0.5,20.0
2.11,0.070818074,-1.5,0.5,20.0
2.11,0.070818074,-1.5,0.5,20.0
2.11,0.07570208,-1.5,0.5,20.0
2.11,0.070818074,-1.5,0.5,20.0
2.12,0.070818074,-1.5,0.5,20.0
2.12,0.08058608,-1.5,0.5,20.0
2.12,0.08058608,-1.5,0.5,20.0
2.12,0.08058608,-1.5,0.5,20.0
2.12,0.08058608,-1.5,0.5,20.0
2.12,0.08547009,-1.5,0.5,20.0
2.12,0.08547009,-1.5,0.5,20.0
2.13,0.08547009,-1.5,0.5,20.0
2.13,0.08547009,-1.5,0.5,20.0
2.13,0.08547009,-1.5,0.5,20.0
2.13,0.0952381,-1.5,0.5,20.0
2.13,0.0952381,-1.5,0.5,20.0
2.13,0.09035409,-1.5,0.5,20.0
2.13,0.0952381,-1.5,0.5,20.0
2.13,0.1001221,-1.5,0.5,20.0
2.14,0.0952381,-1.5,0.5,20.0
2.14,0.1001221,-1.5,0.5,20.0
2.14,0.0952381,-1.5,0.5,20.0
2.14,0.1001221,-1.5,0.5,20.0
2.14,0.0952381,-1.6,0.5,20.0
2.14,0.1001221,-1.6,0.5,20.0
2.15,0.0952381,-1.6,0.5,20.0
2.15,0.1001221,-1.6,0.5,20.0
2.15,0.0952381,-1.6,0.5,20.0
2.15,0.0952381,-1.6,0.5,20.0
2.15,0.0952381,-1.6,0.5,20.0
2.15,0.0952381,-1.6,0.5,20.0
2.15,0.0952381,-1.6,0.5,20.0
2.15,0.0952381,-1.6,0.5,20.0
2.16,0.0952381,-1.6,0.5,20.0
2.16,0.09035409,-1.6,0.5,20.0
2.16,0.09035409,-1.6,0.5,20.0
2.16,0.0952381,-1.6,0.5,20.0
2.16,0.09035409,-1.6,0.5,20.0
2.16,0.0952381,-1.6,0.5,20.0
2.16,0.0952381,-1.6,0.5,20.0
2.16,0.0952381,-1.6,0.5,20.0
2.17,0.0952381,-1.6,0.5,20.0
2.17,0.1001221,-1.6,0.5,20.0
2.17,0.0952381,-1.6,0.5,20.0
2.17,0.0952381,-1.6,0.5,20.0
2.17,0.0952381,-1.6,0.5,20.0
2.17,0.1001221,-1.6,0.5,20.0
2.17,0.1001221,-1.6,0.5,20.0
2.17,0.1001221,-1.6,0.5,20.0
2.17,0.105006106,-1.6,0.5,20.0
2.18,0.105006106,-1.6,0.5,20.0
2.18,0.105006106,-1.6,0.5,20.0
2.18,0.105006106,-1.6,0.5,20.0
2.18,0.105006106,-1.6,0.5,20.0
2.18,0.105006106,-1.6,0.5,20.0
2.18,0.105006106,-1.6,0.5,20.0
2.18,0.1001221,-1.6,0.5,20.0
2.18,0.1001221,-1.6,0.5,20.0
2.19,0.0952381,-1.6,0.5,20.0
2.19,0.09035409,-1.6,0.5,20.0
2.19,0.08547009,-1.6,0.5,20.0
2.19,0.08058608,-1.6,0.5,20.0
2.19,0.07570208,-1.6,0.5,20.0
2.19,0.07570208,-1.6,0.5,20.0
2.19,0.06593407,-1.6,0.5,20.0
2.19,0.056166057,-1.6,0.5,19.900000000000002
2.2,0.046398047,-1.6,0.5,19.900000000000002
2.2,0.041514043,-1.6,0.5,19.900000000000002
2.2,0.031746034,-1.6,0.5,19.900000000000002
2.2,0.026862027,-1.6,0.5,19.900000000000002
2.2,0.026862027,-1.6,0.5,19.900000000000002
2.2,0.026862027,-1.6,0.5,19.900000000000002
2.2,0.021978023,-1.6,0.5,19.900000000000002
2.2,0.017094018,-1.6,0.5,19.900000000000002
2.2,0.012210012,-1.6,0.5,19.900000000000002
2.2,0.012210012,-1.6,0.5,19.900000000000002
2.21,0.012210012,-1.6,0.5,19.900000000000002
2.21,0.0073260074,-1.6,0.5,20.0
2.21,0.0024420025,-1.6,0.5,20.0
2.21,0.0024420025,-1.6,0.5,20.0
2.21,0.0073260074,-1.6,0.5,20.0
2.21,0.0073260074,-1.6,0.5,20.0
2.21,-0.0024420025,-1.6,0.5,20.0
2.21,-0.0024420025,-1.6,0.5,20.0
2.21,-0.0024420025,-1.6,0.5,20.0
2.22,0.0024420025,-1.6,0.5,20.0
2.22,-0.0024420025,-1.6,0.5,20.0
2.22,-0.0024420025,-1.6,0.5,20.0
2.22,0.0024420025,-1.6,0.5,20.0
2.22,0.0024420025,-1.6,0.5,19.900000000000002
2.22,0.0073260074,-1.6,0.5,19.900000000000002
2.22,0.0073260074,-1.6,0.5,19.900000000000002
2.22,0.0073260074,-1.6,0.5,19.900000000000002
2.22,0.012210012,-1.6,0.5,19.900000000000002
2.22,0.012210012,-1.6,0.5,19.900000000000002
2.23,0.017094018,-1.6,0.5,19.900000000000002
2.23,0.017094018,-1.6,0.5,19.900000000000002
2.23,0.021978023,-1.6,0.5,19.900000000000002
2.23,0.026862027,-1.6,0.5,19.900000000000002
2.23,0.026862027,-1.6,0.5,19.900000000000002
2.23,0.03663004,-1.6,0.5,19.900000000000002
2.23,0.03663004,-1.6,0.5,19.900000000000002
2.23,0.031746034,-1.6,0.5,20.0
2.23,0.03663004,-1.6,0.5,20.0
2.24,0.041514043,-1.6,0.5,20.0
2.24,0.041514043,-1.6,0.5,20.0
2.24,0.041514043,-1.6,0.5,20.0
2.24,0.046398047,-1.6,0.5,20.0
2.24,0.051282052,-1.6,0.5,20.0
2.24,0.051282052,-1.6,0.5,20.0
2.24,0.056166057,-1.6,0.5,20.0
2.24,0.06105006,-1.6,0.5,20.0
2.24,0.070818074,-1.6,0.5,20.0
2.24,0.07570208,-1.6,0.5,20.0
2.25,0.08058608,-1.6,0.5,20.0
2.25,0.08547009,-1.6,0.5,20.0
2.25,0.09035409,-1.6,0.5,20.0
2.25,0.09035409,-1.6,0.5,20.0
2.25,0.0952381,-1.6,0.5,20.0
2.25,0.1001221,-1.6,0.5,20.0
2.25,0.105006106,-1.6,0.5,20.0
2.25,0.105006106,-1.6,0.5,20.0
2.25,0.114774115,-1.6,0.5,20.0
2.26,0.11965812,-1.6,0.5,20.0
2.26,0.124542125,-1.6,0.5,20.0
2.26,0.124542125,-1.6,0.5,20.0
2.26,0.124542125,-1.6,0.5,19.900000000000002
2.26,0.124542125,-1.6,0.5,19.900000000000002
2.26,0.12942614,-1.6,0.5,19.900000000000002
2.26,0.12942614,-1.6,0.5,19.900000000000002
2.26,0.12942614,-1.6,0.5,19.900000000000002
2.26,0.13431014,-1.6,0.5,19.900000000000002
2.26,0.13919415,-1.6,0.5,19.900000000000002
2.27,0.13431014,-1.6,0.5,19.900000000000002
2.27,0.13431014,-1.6,0.5,19.900000000000002
2.27,0.13431014,-1.6,0.5,19.900000000000002
2.27,0.13431014,-1.6,0.5,19.900000000000002
2.27,0.13919415,-1.6,0.5,19.900000000000002
2.27,0.13919415,-1.6,0.6000000000000001,19.900000000000002
2.27,0.13919415,-1.6,0.6000000000000001,19.900000000000002
2.27,0.14407815,-1.6,0.6000000000000001,19.900000000000002
2.27,0.14407815,-1.6,0.6000000000000001,19.900000000000002
2.28,0.13919415,-1.6,0.6000000000000001,19.900000000000002
2.28,0.13919415,-1.6,0.6000000000000001,19.900000000000002
2.28,0.13919415,-1.6,0.6000000000000001,19.900000000000002
2.28,0.14407815,-1.6,0.6000000000000001,19.900000000000002
2.28,0.13919415,-1.6,0.6000000000000001,19.900000000000002
2.28,0.13919415,-1.6,0.6000000000000001,19.900000000000002
2.28,0.14407815,-1.6,0.6000000000000001,19.900000000000002
2.28,0.14407815,-1.6,0.6000000000000001,19.900000000000002
2.28,0.14407815,-1.6,0.5,19.900000000000002
2.28,0.14407815,-1.6,0.5,19.900000000000002
2.29,0.14407815,-1.6,0.5,19.900000000000002
2.29,0.14407815,-1.6,0.5,19.900000000000002
2.29,0.14407815,-1.6,0.5,19.900000000000002
2.29,0.14896215,-1.6,0.5,19.900000000000002
2.29,0.13919415,-1.6,0.5,19.900000000000002
2.29,0.14407815,-1.6,0.5,19.900000000000002
2.3,0.14407815,-1.6,0.5,19.900000000000002
2.3,0.13919415,-1.6,0.5,19.900000000000002
2.3,0.13919415,-1.6,0.5,20.0
2.3,0.13431014,-1.6,0.5,20.0
2.3,0.124542125,-1.6,0.5,20.0
2.3,0.124542125,-1.6,0.5,20.0
2.3,0.114774115,-1.6,0.5,20.0
2.31,0.0952381,-1.6,0.5,20.0
2.31,0.09035409,-1.6,0.5,20.0
2.31,0.07570208,-1.6,0.5,20.0
2.31,0.06105006,-1.6,0.5,20.0
2.31,0.041514043,-1.6,0.5,20.0
2.31,0.03663004,-1.6,0.5,20.0
2.31,0.021978023,-1.6,0.5,20.0
2.32,0.012210012,-1.6,0.5,20.0
2.32,0.0073260074,-1.6,0.5,20.0
2.32,0.0024420025,-1.6,0.5,20.0
2.32,-0.0024420025,-1.6,0.5,20.0
2.32,-0.0073260074,-1.6,0.5,20.0
2.32,-0.012210012,-1.6,0.5,20.0
2.32,-0.021978023,-1.6,0.5,19.900000000000002
2.32,-0.021978023,-1.6,0.5,19.900000000000002
2.33,-0.021978023,-1.6,0.5,19.900000000000002
2.33,-0.026862027,-1.6,0.5,19.900000000000002
2.33,-0.031746034,-1.6,0.5,19.900000000000002
2.33,-0.041514043,-1.6,0.5,19.900000000000002
2.33,-0.041514043,-1.6,0.5,19.900000000000002
2.33,-0.03663004,-1.6,0.5,19.900000000000002
2.33,-0.041514043,-1.6,0.5,19.900000000000002
2.33,-0.041514043,-1.6,0.5,19.900000000000002
2.33,-0.041514043,-1.6,0.5,19.900000000000002
2.34,-0.041514043,-1.6,0.5,19.900000000000002
2.34,-0.03663004,-1.6,0.5,20.0
2.34,-0.041514043,-1.6,0.5,20.0
2.34,-0.03663004,-1.6,0.5,20.0
2.34,-0.031746034,-1.6,0.5,20.0
2.34,-0.031746034,-1.6,0.5,20.0
2.34,-0.026862027,-1.6,0.5,20.0
2.34,-0.021978023,-1.6,0.5,20.0
2.34,-0.021978023,-1.6,0.5,20.0
2.34,-0.017094018,-1.6,0.5,20.0
2.34,-0.012210012,-1.6,0.5,20.0
2.35,-0.012210012,-1.6,0.5,20.0
2.35,-0.0073260074,-1.6,0.5,20.0
2.35,-0.0024420025,-1.6,0.5,20.0
2.35,0.0024420025,-1.7000000000000002,0.5,19.900000000000002
2.35,0.0073260074,-1.7000000000000002,0.5,19.900000000000002
2.35,0.012210012,-1.7000000000000002,0.5,19.900000000000002
2.35,0.012210012,-1.7000000000000002,0.5,19.900000000000002
2.36,0.012210012,-1.7000000000000002,0.5,19.900000000000002
2.36,0.026862027,-1.7000000000000002,0.5,19.900000000000002
2.36,0.026862027,-1.7000000000000002,0.5,19.900000000000002
2.36,0.026862027,-1.7000000000000002,0.5,19.900000000000002
2.36,0.031746034,-1.7000000000000002,0.5,19.900000000000002
2.36,0.03663004,-1.7000000000000002,0.5,19.900000000000002
2.36,0.03663004,-1.7000000000000002,0.5,19.900000000000002
2.36,0.03663004,-1.7000000000000002,0.5,19.900000000000002
2.36,0.046398047,-1.7000000000000002,0.5,19.900000000000002
2.37,0.051282052,-1.7000000000000002,0.5,19.900000000000002
2.37,0.06105006,-1.7000000000000002,0.5,19.900000000000002
2.37,0.06593407,-1.7000000000000002,0.5,19.900000000000002
2.37,0.07570208,-1.7000000000000002,0.5,19.900000000000002
2.37,0.08547009,-1.7000000000000002,0.5,19.900000000000002
2.37,0.0952381,-1.7000000000000002,0.5,19.900000000000002
2.37,0.1001221,-1.7000000000000002,0.5,19.900000000000002
2.37,0.105006106,-1.7000000000000002,0.5,19.900000000000002
2.37,0.10989011,-1.7000000000000002,0.5,19.900000000000002
2.37,0.10989011,-1.7000000000000002,0.5,19.900000000000002
2.38,0.114774115,-1.7000000000000002,0.5,19.900000000000002
2.38,0.11965812,-1.7000000000000002,0.5,19.900000000000002
2.38,0.124542125,-1.7000000000000002,0.5,19.900000000000002
2.38,0.12942614,-1.7000000000000002,0.5,19.900000000000002
2.38,0.12942614,-1.7000000000000002,0.5,19.900000000000002
2.38,0.13431014,-1.7000000000000002,0.5,19.900000000000002
2.38,0.12942614,-1.7000000000000002,0.5,19.900000000000002
2.38,0.13431014,-1.7000000000000002,0.5,19.900000000000002
2.38,0.13431014,-1.7000000000000002,0.5,19.900000000000002
2.39,0.13919415,-1.7000000000000002,0.5,19.900000000000002
2.39,0.13431014,-1.7000000000000002,0.5,19.900000000000002
2.39,0.13431014,-1.7000000000000002,0.5,20.0
2.39,0.13431014,-1.7000000000000002,0.5,20.0
2.39,0.13431014,-1.7000000000000002,0.5,20.0
2.39,0.13431014,-1.7000000000000002,0.5,20.0
2.39,0.13431014,-1.7000000000000002,0.5,20.0
2.39,0.13431014,-1.7000000000000002,0.5,20.0
2.39,0.13431014,-1.7000000000000002,0.5,20.0
2.39,0.12942614,-1.7000000000000002,0.5,20.0
2.4,0.12942614,-1.7000000000000002,0.5,20.0
2.4,0.124542125,-1.7000000000000002,0.5,20.0
2.4,0.11965812,-1.7000000000000002,0.5,20.0
2.4,0.11965812,-1.7000000000000002,0.5,20.0
2.4,0.114774115,-1.7000000000000002,0.5,20.0
2.4,0.10989011,-1.7000000000000002,0.5,20.0
2.4,0.10989011,-1.7000000000000002,0.5,20.0
2.4,0.10989011,-1.7000000000000002,0.5,20.0
2.41,0.105006106,-1.7000000000000002,0.5,20.0
2.41,0.1001221,-1.7000000000000002,0.5,20.0
2.41,0.0952381,-1.7000000000000002,0.5,20.0
2.41,0.09035409,-1.7000000000000002,0.5,20.0
2.41,0.09035409,-1.7000000000000002,0.5,20.0
2.41,0.08547009,-1.7000000000000002,0.5,20.0
2.41,0.08058608,-1.7000000000000002,0.5,20.0
2.41,0.08058608,-1.7000000000000002,0.5,20.0
2.41,0.07570208,-1.7000000000000002,0.5,20.0
2.42,0.070818074,-1.7000000000000002,0.5,20.0
2.42,0.06593407,-1.7000000000000002,0.5,20.0
2.42,0.06593407,-1.7000000000000002,0.5,20.0
2.42,0.056166057,-1.7000000000000002,0.5,20.0
2.42,0.056166057,-1.7000000000000002,0.5,20.0
2.42,0.056166057,-1.7000000000000002,0.5,20.0
2.42,0.056166057,-1.7000000000000002,0.5,20.0
2.42,0.051282052,-1.7000000000000002,0.5,20.0
2.42,0.046398047,-1.7000000000000002,0.5,20.0
2.42,0.041514043,-1.7000000000000002,0.5,20.0
2.42,0.03663004,-1.7000000000000002,0.5,20.0
2.43,0.03663004,-1.7000000000000002,0.5,20.0
2.43,0.03663004,-1.7000000000000002,0.5,19.900000000000002
2.43,0.03663004,-1.7000000000000002,0.5,19.900000000000002
2.43,0.031746034,-1.7000000000000002,0.5,19.900000000000002
2.43,0.026862027,-1.7000000000000002,0.5,19.900000000000002
2.43,0.026862027,-1.7000000000000002,0.5,19.900000000000002
2.43,0.026862027,-1.7000000000000002,0.5,19.900000000000002
2.43,0.026862027,-1.7000000000000002,0.5,19.900000000000002
2.43,0.026862027,-1.7000000000000002,0.5,19.900000000000002
2.44,0.021978023,-1.7000000000000002,0.5,19.900000000000002
2.44,0.017094018,-1.7000000000000002,0.5,19.900000000000002
2.44,0.017094018,-1.7000000000000002,0.5,19.900000000000002
2.44,0.021978023,-1.7000000000000002,0.5,19.900000000000002
2.44,0.021978023,-1.7000000000000002,0.5,20.0
2.44,0.021978023,-1.7000000000000002,0.5,20.0
2.44,0.021978023,-1.7000000000000002,0.5,20.0
2.44,0.021978023,-1.7000000000000002,0.5,20.0
2.44,0.017094018,-1.7000000000000002,0.5,20.0
2.45,0.021978023,-1.7000000000000002,0.5,20.0
2.45,0.021978023,-1.7000000000000002,0.5,20.0
2.45,0.021978023,-1.7000000000000002,0.5,20.0
2.45,0.021978023,-1.7000000000000002,0.5,20.0
2.45,0.017094018,-1.7000000000000002,0.5,20.0
2.45,0.017094018,-1.7000000000000002,0.5,20.0
2.45,0.017094018,-1.7000000000000002,0.5,20.0
2.45,0.017094018,-1.7000000000000002,0.5,20.0
2.45,0.021978023,-1.7000000000000002,0.5,20.0
2.45,0.021978023,-1.7000000000000002,0.5,20.0
2.46,0.021978023,-1.7000000000000002,0.5,20.0
2.46,0.031746034,-1.7000000000000002,0.5,20.0
2.46,0.026862027,-1.7000000000000002,0.5,20.0
2.46,0.026862027,-1.7000000000000002,0.5,20.0
2.46,0.031746034,-1.7000000000000002,0.5,20.0
2.46,0.026862027,-1.7000000000000002,0.5,20.0
2.46,0.026862027,-1.7000000000000002,0.5,20.0
2.46,0.031746034,-1.7000000000000002,0.5,20.0
2.47,0.03663004,-1.7000000000000002,0.5,20.0
2.47,0.041514043,-1.8,0.4,20.0
2.47,0.03663004,-1.8,0.4,20.0
2.47,0.03663004,-1.8,0.4,20.0
2.47,0.041514043,-1.8,0.4,20.0
2.47,0.03663004,-1.8,0.4,20.0
2.47,0.03663004,-1.8,0.4,20.0
2.47,0.041514043,-1.8,0.4,20.0
2.47,0.046398047,-1.8,0.4,20.0
2.48,0.051282052,-1.8,0.4,20.0
2.48,0.051282052,-1.8,0.4,20.0
2.48,0.051282052,-1.8,0.4,20.0
2.48,0.051282052,-1.8,0.4,20.0
2.48,0.056166057,-1.8,0.4,20.0
2.48,0.06105006,-1.8,0.4,20.0
2.48,0.056166057,-1.8,0.4,20.0
2.48,0.056166057,-1.8,0.4,20.0
2.48,0.06105006,-1.8,0.4,20.0
2.48,0.06593407,-1.8,0.4,20.0
2.49,0.06593407,-1.8,0.4,20.0
2.49,0.06593407,-1.8,0.4,20.0
2.49,0.070818074,-1.8,0.4,20.0
2.49,0.070818074,-1.8,0.4,20.0
2.49,0.07570208,-1.8,0.4,20.0
2.49,0.08058608,-1.8,0.4,20.0
2.49,0.07570208,-1.8,0.4,20.1
2.49,0.07570208,-1.8,0.4,20.1
2.49,0.08058608,-1.8,0.4,20.1
2.49,0.08547009,-1.8,0.4,20.1
2.5,0.08547009,-1.8,0.4,20.1
2.5,0.08058608,-1.8,0.4,20.1
2.5,0.08058608,-1.8,0.4,20.1
2.5,0.08058608,-1.8,0.4,20.1
2.5,0.08547009,-1.8,0.4,20.1
2.5,0.09035409,-1.8,0.4,20.1
2.5,0.0952381,-1.8,0.4,20.1
2.5,0.09035409,-1.8,0.4,20.1
2.51,0.08547009,-1.8,0.4,20.1
2.51,0.09035409,-1.8,0.4,20.1
2.51,0.09035409,-1.8,0.4,20.1
2.51,0.1001221,-1.8,0.4,20.1
2.51,0.09035409,-1.8,0.4,20.1
2.51,0.0952381,-1.8,0.4,20.1
2.51,0.09035409,-1.8,0.4,20.1
2.51,0.08547009,-1.8,0.4,20.1
2.52,0.09035409,-1.8,0.4,20.1
2.52,0.09035409,-1.8,0.4,20.1
2.52,0.1001221,-1.8,0.4,20.1
2.52,0.09035409,-1.8,0.4,20.1
2.52,0.08547009,-1.8,0.4,20.1
2.52,0.08547009,-1.8,0.4,20.1
2.52,0.08547009,-1.8,0.4,20.1
2.52,0.09035409,-1.8,0.4,20.1
2.52,0.09035409,-1.8,0.4,20.1
2.52,0.09035409,-1.8,0.4,20.1
2.53,0.08547009,-1.8,0.4,20.1
2.53,0.08547009,-1.8,0.4,20.1
2.53,0.08547009,-1.8,0.4,20.1
2.53,0.08547009,-1.8,0.4,20.1
2.53,0.08058608,-1.8,0.4,20.1
2.53,0.08547009,-1.8,0.4,20.1
2.53,0.08058608,-1.7000000000000002,0.4,20.1
2.53,0.07570208,-1.7000000000000002,0.4,20.1
2.53,0.07570208,-1.7000000000000002,0.4,20.1
2.53,0.08058608,-1.7000000000000002,0.4,20.1
2.54,0.08058608,-1.7000000000000002,0.4,20.1
2.54,0.07570208,-1.7000000000000002,0.4,20.1
2.54,0.070818074,-1.7000000000000002,0.4,20.1
2.54,0.070818074,-1.7000000000000002,0.4,20.1
2.54,0.070818074,-1.7000000000000002,0.4,20.1
2.54,0.06593407,-1.7000000000000002,0.4,20.1
2.54,0.07570208,-1.7000000000000002,0.4,20.1
2.54,0.07570208,-1.7000000000000002,0.4,20.1
2.54,0.070818074,-1.7000000000000002,0.4,20.1
2.55,0.06593407,-1.7000000000000002,0.4,20.1
2.55,0.06593407,-1.7000000000000002,0.4,20.1
2.55,0.06593407,-1.7000000000000002,0.4,20.1
2.55,0.06593407,-1.7000000000000002,0.4,20.1
2.55,0.070818074,-1.7000000000000002,0.4,20.1
2.55,0.070818074,-1.7000000000000002,0.4,20.1
2.55,0.06105006,-1.7000000000000002,0.4,20.1
2.55,0.06105006,-1.7000000000000002,0.4,20.1
2.56,0.06593407,-1.7000000000000002,0.4,20.1
2.56,0.070818074,-1.7000000000000002,0.4,20.1
2.56,0.06593407,-1.7000000000000002,0.4,20.1
2.56,0.06593407,-1.7000000000000002,0.4,20.1
2.56,0.06593407,-1.7000000000000002,0.4,20.1
2.56,0.06105006,-1.7000000000000002,0.4,20.1
2.56,0.070818074,-1.7000000000000002,0.4,20.1
2.56,0.06593407,-1.7000000000000002,0.4,20.1
2.57,0.06105006,-1.7000000000000002,0.4,20.1
2.57,0.06105006,-1.7000000000000002,0.4,20.1
2.57,0.06593407,-1.7000000000000002,0.4,20.1
2.57,0.06105006,-1.7000000000000002,0.4,20.1
2.57,0.06593407,-1.7000000000000002,0.4,20.0
2.57,0.06105006,-1.7000000000000002,0.4,20.0
2.57,0.056166057,-1.7000000000000002,0.4,20.0
2.57,0.056166057,-1.7000000000000002,0.4,20.0
2.58,0.056166057,-1.7000000000000002,0.4,20.0
2.58,0.06593407,-1.7000000000000002,0.4,20.0
2.58,0.06593407,-1.7000000000000002,0.4,20.0
2.58,0.06105006,-1.7000000000000002,0.4,20.0
2.58,0.06105006,-1.7000000000000002,0.4,20.0
2.58,0.06105006,-1.7000000000000002,0.4,20.0
2.58,0.056166057,-1.7000000000000002,0.4,20.0
2.58,0.056166057,-1.7000000000000002,0.4,20.0
2.58,0.06593407,-1.7000000000000002,0.4,20.0
2.59,0.056166057,-1.7000000000000002,0.4,20.0
2.59,0.056166057,-1.7000000000000002,0.4,20.0
2.59,0.056166057,-1.7000000000000002,0.4,20.0
2.59,0.056166057,-1.7000000000000002,0.4,20.0
2.59,0.056166057,-1.7000000000000002,0.4,20.0
2.59,0.06105006,-1.7000000000000002,0.4,20.0
2.59,0.06105006,-1.7000000000000002,0.4,20.0
2.59,0.056166057,-1.7000000000000002,0.4,20.0
2.59,0.056166057,-1.7000000000000002,0.4,20.0
2.59,0.056166057,-1.7000000000000002,0.4,20.0
2.59,0.056166057,-1.7000000000000002,0.4,20.0
2.6,0.056166057,-1.7000000000000002,0.5,20.1
2.6,0.06105006,-1.7000000000000002,0.5,20.1
2.6,0.06593407,-1.7000000000000002,0.5,20.1
2.6,0.06105006,-1.7000000000000002,0.5,20.1
2.6,0.06105006,-1.7000000000000002,0.5,20.1
2.6,0.06105006,-1.7000000000000002,0.5,20.1
2.6,0.06105006,-1.7000000000000002,0.5,20.1
2.61,0.06593407,-1.7000000000000002,0.5,20.1
2.61,0.06593407,-1.7000000000000002,0.5,20.1
2.61,0.06593407,-1.7000000000000002,0.5,20.1
2.61,0.070818074,-1.7000000000000002,0.5,20.200000000000003
2.61,0.06593407,-1.7000000000000002,0.5,20.200000000000003
2.61,0.07570208,-1.7000000000000002,0.5,20.200000000000003
2.61,0.07570208,-1.7000000000000002,0.5,20.200000000000003
2.62,0.07570208,-1.7000000000000002,0.5,20.200000000000003
2.62,0.07570208,-1.7000000000000002,0.5,20.200000000000003
2.62,0.07570208,-1.7000000000000002,0.5,20.200000000000003
2.62,0.08058608,-1.7000000000000002,0.5,20.200000000000003
2.62,0.07570208,-1.7000000000000002,0.5,20.200000000000003
2.62,0.08058608,-1.8,0.4,20.200000000000003
2.62,0.07570208,-1.8,0.4,20.200000000000003
2.62,0.08058608,-1.8,0.4,20.200000000000003
2.63,0.08547009,-1.8,0.4,20.200000000000003
2.63,0.08547009,-1.8,0.4,20.200000000000003
2.63,0.09035409,-1.8,0.4,20.200000000000003
2.63,0.08547009,-1.8,0.4,20.200000000000003
2.63,0.08547009,-1.8,0.4,20.200000000000003
2.63,0.09035409,-1.8,0.4,20.200000000000003
2.63,0.0952381,-1.8,0.4,20.3
2.64,0.08547009,-1.8,0.4,20.3
2.64,0.08547009,-1.8,0.4,20.3
2.64,0.08547009,-1.8,0.4,20.3
2.64,0.09035409,-1.8,0.4,20.3
2.64,0.09035409,-1.8,0.4,20.3
2.64,0.09035409,-1.8,0.4,20.3
2.64,0.09035409,-1.8,0.4,20.3
2.65,0.08547009,-1.8,0.4,20.3
2.65,0.09035409,-1.8,0.4,20.3
2.65,0.09035409,-1.8,0.4,20.3
2.65,0.09035409,-1.8,0.4,20.3
2.65,0.09035409,-1.8,0.4,20.3
2.65,0.08547009,-1.8,0.4,20.3
2.65,0.09035409,-1.8,0.4,20.3
2.66,0.09035409,-1.8,0.4,20.3
2.66,0.08547009,-1.8,0.4,20.3
2.66,0.08547009,-1.8,0.4,20.3
2.66,0.09035409,-1.8,0.4,20.3
2.66,0.09035409,-1.8,0.4,20.3
2.66,0.0952381,-1.8,0.4,20.3
2.66,0.09035409,-1.8,0.4,20.3
2.66,0.09035409,-1.8,0.4,20.3
2.67,0.08547009,-1.8,0.4,20.3
2.67,0.09035409,-1.8,0.4,20.3
2.67,0.08547009,-1.8,0.4,20.3
2.67,0.08547009,-1.8,0.4,20.3
2.67,0.08058608,-1.8,0.4,20.3
2.67,0.07570208,-1.8,0.4,20.3
2.67,0.08058608,-1.8,0.4,20.3
2.67,0.08547009,-1.7000000000000002,0.4,20.3
2.68,0.08058608,-1.7000000000000002,0.4,20.3
2.68,0.08547009,-1.7000000000000002,0.4,20.3
2.68,0.08058608,-1.7000000000000002,0.4,20.3
2.68,0.08058608,-1.7000000000000002,0.4,20.3
2.68,0.08058608,-1.7000000000000002,0.4,20.3
2.68,0.08058608,-1.7000000000000002,0.4,20.3
2.68,0.08058608,-1.7000000000000002,0.4,20.3
2.69,0.07570208,-1.7000000000000002,0.4,20.3
2.69,0.07570208,-1.7000000000000002,0.4,20.3
2.69,0.08058608,-1.7000000000000002,0.4,20.3
2.69,0.08058608,-1.7000000000000002,0.4,20.3
2.7,0.070818074,-1.7000000000000002,0.4,20.3
2.7,0.06593407,-1.7000000000000002,0.4,20.3
2.71,0.06593407,1.7000000000000002,0.4,20.3
2.71,0.06593407,1.7000000000000002,0.4,20.3
2.71,0.070818074,1.7000000000000002,0.4,20.3
2.71,0.06105006,-1.7000000000000002,0.4,20.3
2.71,0.06105006,-1.7000000000000002,0.4,20.3
2.71,0.06593407,-1.7000000000000002,0.4,20.3
2.72,0.06593407,-1.7000000000000002,0.4,20.3
2.72,0.06593407,-1.7000000000000002,0.4,20.3
2.72,0.06105006,-1.7000000000000002,0.4,20.3
2.72,0.06105006,-1.7000000000000002,0.4,20.3
2.72,0.06105006,-1.7000000000000002,0.4,20.3
2.72,0.06593407,-1.7000000000000002,0.4,20.3
2.72,0.06105006,-1.7000000000000002,0.4,20.3
2.73,0.06593407,-1.7000000000000002,0.4,20.3
2.73,0.06593407,-1.7000000000000002,0.4,20.3
2.73,0.06593407,-1.7000000000000002,0.4,20.3
2.73,0.070818074,-1.7000000000000002,0.4,20.3
2.73,0.06593407,-1.7000000000000002,0.4,20.3
2.73,0.06593407,-1.7000000000000002,0.4,20.3
2.73,0.06105006,-1.7000000000000002,0.4,20.3
2.73,0.070818074,-1.7000000000000002,0.4,20.3
2.74,0.070818074,-1.7000000000000002,0.4,20.3
2.74,0.06593407,-1.7000000000000002,0.4,20.3
2.74,0.070818074,-1.7000000000000002,0.5,20.200000000000003
2.74,0.07570208,-1.7000000000000002,0.5,20.200000000000003
2.74,0.08058608,-1.7000000000000002,0.5,20.200000000000003
2.74,0.08058608,-1.7000000000000002,0.5,20.200000000000003
2.75,0.07570208,-1.7000000000000002,0.5,20.200000000000003
2.75,0.08058608,-1.7000000000000002,0.5,20.200000000000003
2.75,0.08547009,-1.7000000000000002,0.5,20.200000000000003
2.75,0.08058608,-1.7000000000000002,0.5,20.200000000000003
2.75,0.08547009,-1.7000000000000002,0.5,20.200000000000003
2.75,0.08058608,-1.7000000000000002,0.5,20.200000000000003
2.75,0.08547009,-1.7000000000000002,0.5,20.200000000000003
2.76,0.08547009,-1.7000000000000002,0.5,20.200000000000003
2.76,0.08547009,-1.7000000000000002,0.5,20.200000000000003
2.76,0.09035409,-1.7000000000000002,0.5,20.200000000000003
2.76,0.08547009,-1.7000000000000002,0.5,20.200000000000003
2.76,0.09035409,-1.7000000000000002,0.5,20.200000000000003
2.76,0.09035409,-1.7000000000000002,0.5,20.200000000000003
2.76,0.09035409,-1.7000000000000002,0.5,20.200000000000003
2.77,0.09035409,-1.7000000000000002,0.5,20.200000000000003
2.77,0.08547009,-1.7000000000000002,0.5,20.200000000000003
2.77,0.08058608,-1.7000000000000002,0.5,20.200000000000003
2.77,0.08547009,-1.7000000000000002,0.5,20.200000000000003
2.77,0.08547009,-1.7000000000000002,0.5,20.200000000000003
2.77,0.08547009,-1.7000000000000002,0.5,20.200000000000003
2.77,0.08547009,-1.7000000000000002,0.5,20.200000000000003
2.77,0.08547009,-1.7000000000000002,0.5,20.200000000000003
2.77,0.08058608,-1.7000000000000002,0.5,20.200000000000003
2.78,0.08058608,-1.7000000000000002,0.5,20.200000000000003
2.78,0.08547009,-1.7000000000000002,0.5,20.200000000000003
2.78,0.08547009,-1.7000000000000002,0.5,20.200000000000003
2.78,0.08058608,-1.7000000000000002,0.5,20.1
2.78,0.08058608,-1.7000000000000002,0.5,20.1
2.78,0.07570208,-1.7000000000000002,0.5,20.1
2.78,0.07570208,-1.7000000000000002,0.5,20.1
2.78,0.08058608,-1.7000000000000002,0.5,20.1
2.78,0.07570208,-1.7000000000000002,0.5,20.1
2.78,0.07570208,-1.7000000000000002,0.5,20.1
2.78,0.07570208,-1.7000000000000002,0.5,20.1
2.79,0.07570208,-1.7000000000000002,0.5,20.1
2.79,0.07570208,-1.7000000000000002,0.5,20.1
2.79,0.07570208,-1.7000000000000002,0.5,20.1
2.79,0.070818074,-1.7000000000000002,0.5,20.1
2.79,0.07570208,-1.7000000000000002,0.5,20.1
2.79,0.06593407,-1.7000000000000002,0.5,20.0
2.79,0.06593407,-1.7000000000000002,0.5,20.0
2.79,0.070818074,-1.7000000000000002,0.5,20.0
2.79,0.06593407,-1.7000000000000002,0.5,20.0
2.8,0.06593407,-1.7000000000000002,0.5,20.0
2.8,0.06593407,-1.7000000000000002,0.5,20.0
2.8,0.06593407,-1.7000000000000002,0.5,20.0
2.8,0.070818074,-1.7000000000000002,0.5,20.0
2.8,0.06593407,-1.7000000000000002,0.5,20.0
2.8,0.06593407,-1.7000000000000002,0.5,20.0
2.8,0.06105006,-1.7000000000000002,0.5,20.0
2.8,0.06105006,-1.7000000000000002,0.5,20.0
2.81,0.06593407,-1.7000000000000002,0.5,20.0
2.81,0.070818074,-1.7000000000000002,0.5,20.0
2.81,0.070818074,-1.7000000000000002,0.5,20.0
2.81,0.070818074,-1.7000000000000002,0.5,20.0
2.81,0.070818074,-1.7000000000000002,0.5,20.0
2.81,0.08058608,-1.7000000000000002,0.5,20.0
2.81,0.08058608,-1.7000000000000002,0.5,20.0
2.81,0.08547009,-1.7000000000000002,0.5,20.0
2.81,0.09035409,-1.7000000000000002,0.5,20.0
2.81,0.08547009,-1.7000000000000002,0.5,20.0
2.82,0.09035409,-1.7000000000000002,0.5,20.0
2.82,0.0952381,-1.6,0.4,20.0
2.82,0.105006106,-1.6,0.4,20.0
2.82,0.10989011,-1.6,0.4,20.0
2.82,0.10989011,-1.6,0.4,20.0
2.82,0.114774115,-1.6,0.4,20.0
2.82,0.11965812,-1.6,0.4,20.0
2.83,0.11965812,-1.6,0.4,20.0
2.83,0.124542125,-1.6,0.4,20.0
2.83,0.124542125,-1.6,0.4,20.0
2.83,0.124542125,-1.6,0.4,20.0
2.83,0.124542125,-1.6,0.4,20.0
2.83,0.124542125,-1.6,0.5,20.0
2.83,0.124542125,-1.6,0.5,20.0
2.83,0.124542125,-1.6,0.5,20.0
2.84,0.124542125,-1.6,0.5,20.0
2.84,0.114774115,-1.6,0.5,20.0
2.84,0.114774115,-1.6,0.5,20.0
2.84,0.114774115,-1.6,0.5,20.0
2.84,0.114774115,-1.6,0.5,20.0
2.84,0.10989011,-1.6,0.5,20.0
2.84,0.105006106,-1.6,0.5,20.0
2.84,0.105006106,-1.6,0.5,20.0
2.84,0.0952381,-1.6,0.5,20.0
2.84,0.09035409,-1.6,0.5,20.0
2.85,0.0952381,-1.6,0.5,20.0
2.85,0.09035409,-1.6,0.5,20.0
2.85,0.08547009,-1.6,0.5,20.0
2.85,0.08547009,-1.6,0.5,20.0
2.85,0.070818074,-1.6,0.5,20.0
2.85,0.070818074,-1.6,0.5,20.0
2.85,0.070818074,-1.6,0.5,20.0
2.85,0.06593407,-1.6,0.5,20.0
2.85,0.056166057,-1.6,0.5,20.0
2.86,0.056166057,-1.6,0.5,20.0
2.86,0.056166057,-1.6,0.5,20.1
2.86,0.056166057,-1.6,0.5,20.1
2.86,0.046398047,-1.6,0.5,20.1
2.86,0.041514043,-1.6,0.5,20.1
2.86,0.041514043,-1.6,0.5,20.1
2.86,0.03663004,-1.6,0.5,20.1
2.86,0.03663004,-1.6,0.5,20.1
2.86,0.031746034,-1.6,0.5,20.1
2.86,0.031746034,-1.6,0.5,20.1
2.87,0.031746034,-1.6,0.5,20.1
2.87,0.031746034,-1.6,0.5,20.1
2.87,0.026862027,-1.6,0.5,20.1
2.87,0.026862027,-1.6,0.5,20.1
2.87,0.026862027,-1.6,0.5,20.1
2.87,0.026862027,-1.6,0.5,20.1
2.87,0.021978023,-1.6,0.5,20.1
2.87,0.021978023,-1.6,0.5,20.1
2.87,0.026862027,-1.6,0.5,20.1
2.87,0.021978023,-1.6,0.5,20.1
2.88,0.026862027,-1.6,0.5,20.1
2.88,0.026862027,-1.6,0.5,20.1
2.88,0.021978023,-1.6,0.5,20.1
2.88,0.026862027,-1.6,0.5,20.1
2.88,0.021978023,-1.6,0.5,20.1
2.88,0.026862027,-1.6,0.5,20.0
2.88,0.031746034,-1.6,0.5,20.0
2.89,0.031746034,-1.6,0.5,20.0
2.89,0.03663004,-1.6,0.5,20.0
2.89,0.03663004,-1.6,0.5,20.0
2.89,0.03663004,-1.6,0.5,20.0
2.89,0.041514043,-1.6,0.5,20.0
2.89,0.046398047,-1.6,0.5,20.0
2.89,0.046398047,-1.6,0.5,20.0
2.89,0.056166057,-1.6,0.5,20.0
2.89,0.051282052,-1.6,0.5,20.0
2.89,0.056166057,-1.6,0.5,20.0
2.9,0.056166057,-1.6,0.5,20.0
2.9,0.056166057,-1.6,0.5,20.0
2.9,0.06105006,-1.6,0.5,20.0
2.9,0.06593407,-1.6,0.5,20.0
2.9,0.06593407,-1.6,0.5,20.0
2.9,0.07570208,-1.6,0.5,20.0
2.9,0.070818074,-1.6,0.5,20.0
2.9,0.07570208,-1.6,0.5,20.0
2.91,0.08058608,-1.6,0.5,20.0
2.91,0.08547009,-1.6,0.5,20.0
2.91,0.09035409,-1.6,0.5,20.0
2.91,0.09035409,-1.6,0.5,20.0
2.91,0.0952381,-1.6,0.5,20.0
2.91,0.0952381,-1.6,0.5,20.0
2.91,0.0952381,-1.6,0.5,20.0
2.91,0.1001221,-1.6,0.5,20.0
2.91,0.1001221,-1.6,0.5,20.0
2.91,0.105006106,-1.6,0.5,20.0
2.92,0.105006106,-1.6,0.5,20.0
2.92,0.10989011,-1.6,0.5,20.0
2.92,0.114774115,-1.6,0.5,20.0
2.92,0.114774115,-1.6,0.5,20.0
2.92,0.114774115,-1.6,0.5,20.0
2.92,0.11965812,-1.6,0.5,20.0
2.92,0.11965812,-1.6,0.5,20.0
2.92,0.124542125,-1.6,0.5,20.0
2.92,0.11965812,-1.6,0.5,20.0
2.93,0.124542125,-1.6,0.5,20.0
2.93,0.124542125,-1.6,0.5,20.0
2.93,0.11965812,-1.6,0.5,20.0
2.93,0.124542125,-1.6,0.5,20.0
2.93,0.124542125,-1.6,0.5,20.0
2.93,0.124542125,-1.6,0.5,20.0
2.93,0.12942614,-1.6,0.5,20.0
2.93,0.12942614,-1.6,0.5,20.0
2.93,0.124542125,-1.6,0.5,20.0
2.94,0.12942614,-1.6,0.5,20.0
2.94,0.124542125,-1.6,0.5,20.0
2.94,0.12942614,-1.6,0.5,20.0
2.94,0.12942614,-1.6,0.5,20.0
2.94,0.12942614,-1.6,0.5,20.0
2.94,0.124542125,-1.6,0.5,20.0
2.94,0.124542125,-1.6,0.5,20.0
2.94,0.124542125,-1.6,0.5,20.0
2.94,0.124542125,-1.6,0.5,20.0
2.95,0.124542125,-1.6,0.5,20.0
2.95,0.12942614,-1.6,0.5,20.0
2.95,0.124542125,-1.6,0.5,20.1
2.95,0.124542125,-1.6,0.5,20.1
2.95,0.124542125,-1.6,0.5,20.1
2.95,0.12942614,-1.6,0.5,20.1
2.95,0.124542125,-1.6,0.5,20.1
2.95,0.124542125,-1.6,0.5,20.1
2.95,0.12942614,-1.6,0.5,20.1
2.96,0.13431014,-1.6,0.5,20.1
2.96,0.124542125,-1.6,0.5,20.1
2.96,0.13431014,-1.6,0.5,20.1
2.96,0.13431014,-1.6,0.5,20.1
2.96,0.13431014,-1.6,0.5,20.1
2.96,0.13919415,-1.6,0.5,20.200000000000003
2.96,0.13919415,-1.6,0.5,20.200000000000003
2.96,0.13919415,-1.6,0.5,20.200000000000003
2.96,0.13919415,-1.6,0.5,20.200000000000003
2.96,0.13919415,-1.6,0.5,20.200000000000003
2.97,0.13919415,-1.6,0.5,20.200000000000003
2.97,0.13431014,-1.6,0.5,20.200000000000003
2.97,0.13431014,-1.6,0.5,20.200000000000003
2.97,0.12942614,-1.6,0.5,20.200000000000003
2.97,0.12942614,-1.6,0.5,20.200000000000003
2.97,0.124542125,-1.6,0.5,20.200000000000003
2.97,0.11965812,-1.6,0.5,20.200000000000003
2.97,0.10989011,-1.6,0.5,20.200000000000003
2.97,0.105006106,-1.6,0.5,20.200000000000003
2.98,0.0952381,-1.6,0.5,20.200000000000003
2.98,0.09035409,-1.6,0.5,20.200000000000003
2.98,0.08547009,-1.6,0.5,20.200000000000003
2.98,0.07570208,-1.6,0.5,20.200000000000003
2.98,0.070818074,-1.6,0.5,20.200000000000003
2.98,0.06105006,-1.6,0.5,20.200000000000003
2.98,0.056166057,-1.6,0.5,20.200000000000003
2.98,0.046398047,-1.6,0.5,20.200000000000003
2.98,0.046398047,-1.6,0.5,20.200000000000003
2.98,0.041514043,-1.6,0.5,20.200000000000003
2.99,0.03663004,-1.6,0.5,20.3
2.99,0.026862027,-1.6,0.5,20.3
2.99,0.021978023,-1.6,0.5,20.3
2.99,0.021978023,-1.6,0.5,20.3
2.99,0.012210012,-1.6,0.5,20.3
2.99,0.012210012,-1.6,0.5,20.3
2.99,0.012210012,-1.6,0.5,20.3
2.99,0.012210012,-1.6,0.5,20.3
2.99,0.012210012,-1.6,0.5,20.3
2.99,0.012210012,-1.6,0.5,20.3
3.0,0.0073260074,-1.6,0.5,20.3
3.0,0.0073260074,-1.6,0.5,20.3
3.0,0.0073260074,-1.6,0.5,20.3
3.0,0.0073260074,-1.7000000000000002,0.5,20.200000000000003
3.0,0.0073260074,-1.7000000000000002,0.5,20.200000000000003
3.0,0.0073260074,-1.7000000000000002,0.5,20.200000000000003
3.0,0.012210012,-1.7000000000000002,0.5,20.200000000000003
3.0,0.017094018,-1.7000000000000002,0.5,20.200000000000003
3.01,0.012210012,-1.7000000000000002,0.5,20.200000000000003
3.01,0.012210012,-1.7000000000000002,0.5,20.200000000000003
3.01,0.017094018,-1.7000000000000002,0.5,20.200000000000003
3.01,0.021978023,-1.7000000000000002,0.5,20.200000000000003
3.01,0.026862027,-1.7000000000000002,0.5,20.200000000000003
3.01,0.031746034,-1.7000000000000002,0.5,20.200000000000003
3.01,0.026862027,-1.6,0.5,20.200000000000003
3.01,0.031746034,-1.6,0.5,20.200000000000003
3.02,0.031746034,-1.6,0.5,20.200000000000003
3.02,0.031746034,-1.6,0.5,20.200000000000003
3.02,0.03663004,-1.6,0.5,20.200000000000003
3.02,0.03663004,-1.6,0.5,20.200000000000003
3.02,0.046398047,-1.6,0.5,20.200000000000003
3.02,0.046398047,-1.6,0.5,20.200000000000003
3.02,0.046398047,-1.6,0.5,20.200000000000003
3.02,0.051282052,-1.6,0.5,20.200000000000003
3.02,0.056166057,-1.6,0.5,20.200000000000003
3.02,0.06105006,-1.6,0.5,20.200000000000003
3.02,0.06593407,-1.7000000000000002,0.5,20.200000000000003
3.03,0.070818074,-1.7000000000000002,0.5,20.200000000000003
3.03,0.08058608,-1.7000000000000002,0.5,20.200000000000003
3.03,0.08547009,-1.7000000000000002,0.5,20.200000000000003
3.03,0.08547009,-1.7000000000000002,0.5,20.200000000000003
3.03,0.09035409,-1.7000000000000002,0.5,20.200000000000003
3.03,0.09035409,-1.7000000000000002,0.5,20.200000000000003
3.03,0.0952381,-1.7000000000000002,0.5,20.200000000000003
3.03,0.1001221,-1.7000000000000002,0.5,20.200000000000003
3.04,0.105006106,-1.7000000000000002,0.5,20.200000000000003
3.04,0.10989011,-1.7000000000000002,0.5,20.200000000000003
3.04,0.114774115,-1.7000000000000002,0.5,20.200000000000003
3.04,0.114774115,-1.6,0.5,20.200000000000003
3.04,0.114774115,-1.6,0.5,20.200000000000003
3.04,0.114774115,-1.6,0.5,20.200000000000003
3.04,0.11965812,-1.6,0.5,20.200000000000003
3.04,0.124542125,-1.6,0.5,20.200000000000003
3.04,0.124542125,-1.6,0.5,20.200000000000003
3.04,0.124542125,-1.6,0.5,20.200000000000003
3.04,0.124542125,-1.6,0.5,20.200000000000003
3.05,0.12942614,-1.6,0.5,20.200000000000003
3.05,0.13431014,-1.6,0.5,20.200000000000003
3.05,0.12942614,-1.6,0.5,20.200000000000003
3.05,0.13431014,-1.6,0.5,20.200000000000003
3.05,0.13431014,-1.6,0.5,20.200000000000003
3.05,0.12942614,-1.6,0.5,20.200000000000003
3.05,0.13919415,-1.6,0.5,20.200000000000003
3.05,0.13431014,-1.6,0.5,20.200000000000003
3.06,0.13431014,-1.6,0.5,20.200000000000003
3.06,0.12942614,-1.6,0.5,20.200000000000003
3.06,0.13431014,-1.6,0.5,20.200000000000003
3.06,0.13431014,-1.6,0.5,20.200000000000003
3.06,0.13919415,-1.6,0.5,20.200000000000003
3.06,0.13919415,-1.6,0.5,20.200000000000003
3.06,0.13919415,-1.6,0.5,20.200000000000003
3.06,0.13919415,-1.6,0.4,20.200000000000003
3.07,0.14407815,-1.6,0.4,20.200000000000003
3.07,0.13919415,-1.6,0.4,20.200000000000003
3.07,0.13919415,-1.6,0.4,20.200000000000003
3.07,0.14407815,-1.6,0.4,20.200000000000003
3.07,0.14407815,-1.6,0.4,20.200000000000003
3.07,0.13919415,-1.6,0.4,20.200000000000003
3.07,0.13919415,-1.6,0.4,20.200000000000003
3.07,0.14407815,-1.6,0.4,20.200000000000003
3.07,0.14407815,-1.6,0.4,20.200000000000003
3.08,0.14407815,-1.6,0.4,20.200000000000003
3.08,0.13919415,-1.6,0.4,20.200000000000003
3.08,0.13919415,-1.6,0.5,20.3
3.08,0.13919415,-1.6,0.5,20.3
3.08,0.14407815,-1.6,0.5,20.3
3.08,0.13431014,-1.6,0.5,20.3
3.08,0.13431014,-1.6,0.5,20.3
3.08,0.12942614,-1.6,0.5,20.3
3.08,0.124542125,-1.6,0.5,20.3
3.08,0.11965812,-1.6,0.5,20.3
3.09,0.11965812,-1.6,0.5,20.3
3.09,0.10989011,-1.6,0.5,20.3
3.09,0.1001221,-1.6,0.5,20.3
3.09,0.08547009,-1.6,0.5,20.3
3.09,0.07570208,-1.6,0.4,20.200000000000003
3.09,0.070818074,-1.6,0.4,20.200000000000003
3.09,0.06593407,-1.6,0.4,20.200000000000003
3.09,0.056166057,-1.6,0.4,20.200000000000003
3.09,0.046398047,-1.6,0.4,20.200000000000003
3.1,0.041514043,-1.6,0.4,20.200000000000003
3.1,0.021978023,-1.6,0.4,20.200000000000003
3.1,0.012210012,-1.6,0.4,20.200000000000003
3.1,0.012210012,-1.6,0.4,20.200000000000003
3.1,0.0024420025,-1.6,0.4,20.200000000000003
3.1,0.0024420025,-1.6,0.4,20.200000000000003
3.1,-0.0024420025,-1.6,0.4,20.200000000000003
3.1,-0.0073260074,-1.7000000000000002,0.5,20.200000000000003
3.1,-0.012210012,-1.7000000000000002,0.5,20.200000000000003
3.11,-0.017094018,-1.7000000000000002,0.5,20.200000000000003
3.11,-0.017094018,-1.7000000000000002,0.5,20.200000000000003
3.11,-0.021978023,-1.7000000000000002,0.5,20.200000000000003
3.11,-0.021978023,-1.7000000000000002,0.5,20.200000000000003
3.11,-0.026862027,-1.7000000000000002,0.5,20.200000000000003
3.11,-0.026862027,-1.7000000000000002,0.5,20.200000000000003
3.11,-0.031746034,-1.7000000000000002,0.5,20.200000000000003
3.11,-0.026862027,-1.7000000000000002,0.5,20.200000000000003
3.11,-0.031746034,-1.7000000000000002,0.5,20.200000000000003
3.11,-0.031746034,-1.7000000000000002,0.5,20.200000000000003
3.12,-0.031746034,-1.7000000000000002,0.5,20.200000000000003
3.12,-0.026862027,-1.7000000000000002,0.5,20.200000000000003
3.12,-0.026862027,-1.7000000000000002,0.5,20.200000000000003
3.12,-0.026862027,-1.7000000000000002,0.5,20.200000000000003
3.12,-0.021978023,-1.7000000000000002,0.5,20.200000000000003
3.12,-0.021978023,-1.7000000000000002,0.5,20.200000000000003
3.12,-0.017094018,-1.7000000000000002,0.5,20.200000000000003
3.12,-0.017094018,-1.7000000000000002,0.5,20.200000000000003
3.12,-0.012210012,-1.7000000000000002,0.5,20.200000000000003
3.12,-0.0073260074,-1.7000000000000002,0.5,20.200000000000003
3.13,-0.0073260074,-1.7000000000000002,0.5,20.200000000000003
3.13,-0.0024420025,-1.7000000000000002,0.5,20.200000000000003
3.13,0.012210012,-1.7000000000000002,0.5,20.3
3.13,0.012210012,-1.7000000000000002,0.5,20.3
3.13,0.017094018,-1.7000000000000002,0.5,20.3
3.13,0.021978023,-1.7000000000000002,0.5,20.3
3.13,0.021978023,-1.7000000000000002,0.5,20.3
3.13,0.021978023,-1.7000000000000002,0.5,20.3
3.13,0.026862027,-1.7000000000000002,0.5,20.3
3.14,0.026862027,-1.7000000000000002,0.5,20.3
3.14,0.031746034,-1.7000000000000002,0.5,20.3
3.14,0.03663004,-1.7000000000000002,0.5,20.3
3.14,0.041514043,-1.7000000000000002,0.5,20.3
3.14,0.046398047,-1.7000000000000002,0.5,20.3
3.14,0.046398047,-1.7000000000000002,0.5,20.3
3.14,0.046398047,-1.7000000000000002,0.5,20.3
3.14,0.06105006,-1.7000000000000002,0.5,20.3
3.14,0.070818074,-1.7000000000000002,0.5,20.3
3.15,0.08058608,-1.7000000000000002,0.5,20.3
3.15,0.09035409,-1.7000000000000002,0.5,20.3
3.15,0.1001221,-1.7000000000000002,0.5,20.3
3.15,0.10989011,-1.7000000000000002,0.5,20.3
3.15,0.10989011,-1.7000000000000002,0.5,20.3
3.15,0.124542125,-1.7000000000000002,0.5,20.3
3.15,0.124542125,-1.7000000000000002,0.5,20.3
3.15,0.13431014,-1.7000000000000002,0.5,20.3
3.16,0.13919415,-1.7000000000000002,0.5,20.3
3.16,0.13919415,-1.7000000000000002,0.5,20.3
3.16,0.14896215,-1.7000000000000002,0.5,20.3
3.16,0.15384616,-1.7000000000000002,0.5,20.3
3.16,0.15873016,-1.7000000000000002,0.5,20.3
3.16,0.15873016,-1.7000000000000002,0.5,20.3
3.16,0.16361417,-1.7000000000000002,0.5,20.3
3.16,0.16849817,-1.7000000000000002,0.5,20.3
3.16,0.16849817,-1.7000000000000002,0.5,20.3
3.17,0.16849817,-1.7000000000000002,0.5,20.3
3.17,0.17338218,-1.7000000000000002,0.5,20.3
3.17,0.17826618,-1.7000000000000002,0.5,20.3
3.17,0.17338218,-1.7000000000000002,0.5,20.3
3.17,0.17826618,-1.7000000000000002,0.5,20.3
3.17,0.17826618,-1.7000000000000002,0.5,20.3
3.17,0.17338218,-1.7000000000000002,0.5,20.3
3.17,0.17826618,-1.7000000000000002,0.5,20.3
3.17,0.17826618,-1.7000000000000002,0.5,20.3
3.17,0.18315019,-1.7000000000000002,0.5,20.3
3.18,0.16849817,-1.7000000000000002,0.5,20.3
3.18,0.16849817,-1.7000000000000002,0.5,20.3
3.18,0.15873016,-1.7000000000000002,0.5,20.3
3.18,0.16361417,-1.7000000000000002,0.5,20.3
3.18,0.15873016,-1.7000000000000002,0.5,20.3
3.18,0.15384616,-1.7000000000000002,0.5,20.3
3.18,0.14407815,-1.7000000000000002,0.5,20.3
3.19,0.14407815,-1.7000000000000002,0.5,20.3
3.19,0.14407815,-1.7000000000000002,0.5,20.3
3.19,0.13919415,-1.7000000000000002,0.5,20.3
3.19,0.13431014,-1.7000000000000002,0.5,20.3
3.19,0.12942614,-1.7000000000000002,0.5,20.3
3.19,0.124542125,-1.7000000000000002,0.5,20.3
3.19,0.11965812,-1.7000000000000002,0.5,20.3
3.19,0.11965812,-1.7000000000000002,0.5,20.200000000000003
3.2,0.10989011,-1.7000000000000002,0.5,20.200000000000003
3.2,0.105006106,-1.7000000000000002,0.5,20.200000000000003
3.2,0.10989011,-1.7000000000000002,0.5,20.200000000000003
3.2,0.1001221,-1.7000000000000002,0.5,20.200000000000003
3.2,0.0952381,-1.7000000000000002,0.5,20.200000000000003
3.2,0.09035409,-1.7000000000000002,0.5,20.200000000000003
3.2,0.09035409,-1.7000000000000002,0.5,20.200000000000003
3.21,0.08547009,-1.7000000000000002,0.5,20.200000000000003
3.21,0.08547009,-1.7000000000000002,0.5,20.200000000000003
3.21,0.07570208,-1.7000000000000002,0.5,20.3
3.21,0.07570208,-1.7000000000000002,0.5,20.3
3.21,0.06593407,-1.7000000000000002,0.5,20.3
3.21,0.070818074,-1.7000000000000002,0.5,20.3
3.21,0.06593407,-1.7000000000000002,0.5,20.3
3.21,0.06105006,-1.7000000000000002,0.5,20.3
3.22,0.06593407,-1.7000000000000002,0.5,20.3
3.22,0.06593407,-1.7000000000000002,0.5,20.3
3.22,0.06105006,-1.7000000000000002,0.5,20.3
3.22,0.056166057,-1.7000000000000002,0.5,20.3
3.22,0.06105006,-1.7000000000000002,0.5,20.3
3.22,0.056166057,-1.7000000000000002,0.5,20.3
3.23,0.046398047,-1.7000000000000002,0.5,20.3
3.23,0.051282052,-1.7000000000000002,0.5,20.3
3.23,0.056166057,-1.7000000000000002,0.5,20.3
3.23,0.051282052,-1.7000000000000002,0.5,20.3
3.23,0.056166057,-1.7000000000000002,0.5,20.3
3.23,0.051282052,-1.7000000000000002,0.5,20.3
3.23,0.051282052,-1.7000000000000002,0.5,20.3
3.23,0.06105006,-1.7000000000000002,0.5,20.400000000000002
3.24,0.056166057,-1.7000000000000002,0.5,20.400000000000002
3.24,0.056166057,-1.7000000000000002,0.5,20.400000000000002
3.24,0.056166057,-1.7000000000000002,0.5,20.400000000000002
3.24,0.06105006,-1.7000000000000002,0.5,20.400000000000002
3.24,0.06105006,-1.7000000000000002,0.5,20.400000000000002
3.24,0.06593407,-1.7000000000000002,0.5,20.400000000000002
3.24,0.06593407,-1.7000000000000002,0.5,20.400000000000002
3.25,0.06593407,-1.7000000000000002,0.5,20.400000000000002
3.25,0.07570208,-1.7000000000000002,0.5,20.400000000000002
3.25,0.070818074,-1.7000000000000002,0.5,20.400000000000002
3.25,0.07570208,-1.7000000000000002,0.5,20.400000000000002
3.25,0.07570208,-1.7000000000000002,0.5,20.400000000000002
3.25,0.07570208,-1.7000000000000002,0.5,20.400000000000002
3.25,0.07570208,-1.7000000000000002,0.5,20.400000000000002
3.26,0.07570208,-1.7000000000000002,0.5,20.400000000000002
3.26,0.08058608,-1.7000000000000002,0.5,20.400000000000002
3.26,0.08058608,-1.7000000000000002,0.5,20.400000000000002
3.26,0.08547009,-1.7000000000000002,0.5,20.400000000000002
3.26,0.08547009,-1.7000000000000002,0.5,20.400000000000002
3.26,0.09035409,-1.7000000000000002,0.5,20.400000000000002
3.26,0.08547009,-1.7000000000000002,0.5,20.400000000000002
3.26,0.09035409,-1.7000000000000002,0.5,20.400000000000002
3.27,0.0952381,-1.7000000000000002,0.5,20.400000000000002
3.27,0.0952381,-1.7000000000000002,0.5,20.400000000000002
3.27,0.1001221,-1.7000000000000002,0.5,20.400000000000002
3.27,0.09035409,-1.7000000000000002,0.5,20.400000000000002
3.27,0.09035409,-1.7000000000000002,0.5,20.400000000000002
3.27,0.0952381,-1.7000000000000002,0.4,20.400000000000002
3.27,0.0952381,-1.7000000000000002,0.4,20.400000000000002
3.28,0.0952381,-1.7000000000000002,0.4,20.400000000000002
3.28,0.0952381,-1.7000000000000002,0.4,20.400000000000002
3.28,0.09035409,-1.7000000000000002,0.4,20.400000000000002
3.28,0.0952381,-1.7000000000000002,0.4,20.400000000000002
3.28,0.0952381,-1.7000000000000002,0.4,20.400000000000002
3.28,0.0952381,-1.7000000000000002,0.4,20.400000000000002
3.28,0.0952381,-1.7000000000000002,0.4,20.400000000000002
3.28,0.09035409,-1.7000000000000002,0.4,20.400000000000002
3.29,0.08547009,-1.7000000000000002,0.4,20.400000000000002
3.29,0.0952381,-1.7000000000000002,0.4,20.400000000000002
3.29,0.08547009,-1.7000000000000002,0.4,20.400000000000002
3.29,0.08547009,-1.7000000000000002,0.4,20.400000000000002
3.29,0.09035409,-1.7000000000000002,0.4,20.400000000000002
3.29,0.08547009,-1.7000000000000002,0.4,20.400000000000002
3.29,0.08547009,-1.7000000000000002,0.4,20.400000000000002
3.29,0.08547009,-1.7000000000000002,0.4,20.400000000000002
3.3,0.09035409,-1.7000000000000002,0.4,20.400000000000002
3.3,0.08547009,-1.7000000000000002,0.4,20.400000000000002
3.3,0.08547009,-1.7000000000000002,0.4,20.400000000000002
3.3,0.08547009,-1.7000000000000002,0.4,20.400000000000002
3.3,0.08058608,-1.7000000000000002,0.4,20.400000000000002
3.3,0.07570208,-1.7000000000000002,0.4,20.400000000000002
3.3,0.07570208,-1.7000000000000002,0.4,20.400000000000002
3.3,0.07570208,-1.7000000000000002,0.4,20.400000000000002
3.31,0.07570208,-1.7000000000000002,0.4,20.400000000000002
3.31,0.070818074,-1.7000000000000002,0.4,20.400000000000002
3.31,0.07570208,-1.7000000000000002,0.4,20.400000000000002
3.31,0.07570208,-1.7000000000000002,0.4,20.3
3.31,0.070818074,-1.7000000000000002,0.4,20.3
3.31,0.070818074,-1.7000000000000002,0.4,20.3
3.32,0.06105006,-1.7000000000000002,0.4,20.3
3.32,0.06105006,-1.7000000000000002,0.4,20.3
3.32,0.06593407,-1.7000000000000002,0.4,20.3
3.32,0.06593407,-1.7000000000000002,0.4,20.3
3.32,0.06105006,-1.7000000000000002,0.4,20.3
3.32,0.06105006,-1.7000000000000002,0.4,20.3
3.33,0.06593407,-1.7000000000000002,0.5,20.3
3.33,0.06593407,-1.7000000000000002,0.5,20.3
3.33,0.06593407,-1.7000000000000002,0.5,20.3
3.33,0.06105006,-1.7000000000000002,0.5,20.3
3.33,0.06593407,-1.7000000000000002,0.5,20.3
3.33,0.06593407,-1.7000000000000002,0.5,20.3
3.34,0.06593407,-1.7000000000000002,0.5,20.3
3.34,0.070818074,-1.7000000000000002,0.5,20.3
3.34,0.070818074,-1.7000000000000002,0.5,20.3
3.34,0.070818074,-1.7000000000000002,0.5,20.3
3.34,0.06105006,-1.7000000000000002,0.5,20.3
3.34,0.070818074,-1.7000000000000002,0.5,20.3
3.34,0.070818074,-1.7000000000000002,0.5,20.3
3.34,0.07570208,-1.7000000000000002,0.5,20.3
3.35,0.070818074,-1.7000000000000002,0.5,20.3
3.35,0.070818074,-1.7000000000000002,0.5,20.3
3.35,0.06105006,-1.7000000000000002,0.5,20.3
3.35,0.07570208,-1.7000000000000002,0.5,20.3
3.35,0.070818074,-1.7000000000000002,0.5,20.3
3.35,0.07570208,-1.7000000000000002,0.5,20.200000000000003
3.35,0.070818074,-1.7000000000000002,0.5,20.200000000000003
3.35,0.07570208,-1.7000000000000002,0.5,20.200000000000003
3.35,0.07570208,-1.7000000000000002,0.5,20.200000000000003
3.35,0.07570208,-1.7000000000000002,0.5,20.200000000000003
3.36,0.07570208,-1.7000000000000002,0.5,20.200000000000003
3.36,0.070818074,-1.7000000000000002,0.5,20.200000000000003
3.36,0.07570208,-1.7000000000000002,0.5,20.200000000000003
3.36,0.08058608,-1.7000000000000002,0.5,20.200000000000003
3.36,0.07570208,-1.7000000000000002,0.5,20.200000000000003
3.36,0.070818074,-1.7000000000000002,0.5,20.200000000000003
3.36,0.06593407,-1.7000000000000002,0.5,20.200000000000003
3.36,0.070818074,-1.7000000000000002,0.5,20.200000000000003
3.36,0.070818074,-1.7000000000000002,0.5,20.200000000000003
3.37,0.070818074,-1.7000000000000002,0.5,20.200000000000003
3.37,0.06593407,-1.7000000000000002,0.5,20.200000000000003
3.37,0.06593407,-1.7000000000000002,0.5,20.200000000000003
3.37,0.070818074,-1.7000000000000002,0.5,20.200000000000003
3.37,0.07570208,-1.7000000000000002,0.5,20.200000000000003
3.37,0.070818074,-1.7000000000000002,0.5,20.200000000000003
3.37,0.070818074,-1.7000000000000002,0.5,20.200000000000003
3.37,0.06593407,-1.7000000000000002,0.5,20.200000000000003
3.37,0.070818074,-1.7000000000000002,0.5,20.200000000000003
3.37,0.06105006,-1.7000000000000002,0.5,20.200000000000003
3.37,0.070818074,-1.7000000000000002,0.5,20.200000000000003
3.38,0.070818074,-1.7000000000000002,0.4,20.3
3.38,0.07570208,-1.7000000000000002,0.4,20.3
3.38,0.06593407,-1.7000000000000002,0.4,20.3
3.38,0.070818074,-1.7000000000000002,0.4,20.3
3.38,0.06105006,-1.7000000000000002,0.4,20.3
3.38,0.06593407,-1.7000000000000002,0.4,20.3
3.38,0.06593407,-1.7000000000000002,0.4,20.3
3.38,0.07570208,-1.7000000000000002,0.4,20.3
3.39,0.07570208,-1.7000000000000002,0.4,20.3
3.39,0.070818074,-1.7000000000000002,0.4,20.3
3.39,0.07570208,-1.7000000000000002,0.4,20.3
3.39,0.06593407,-1.7000000000000002,0.4,20.3
3.39,0.06593407,-1.7000000000000002,0.4,20.3
3.39,0.070818074,-1.7000000000000002,0.4,20.400000000000002
3.39,0.070818074,-1.7000000000000002,0.4,20.400000000000002
3.39,0.07570208,-1.7000000000000002,0.4,20.400000000000002
3.39,0.07570208,-1.7000000000000002,0.4,20.400000000000002
3.39,0.070818074,-1.7000000000000002,0.4,20.400000000000002
3.4,0.070818074,-1.7000000000000002,0.4,20.400000000000002
3.4,0.07570208,-1.7000000000000002,0.4,20.400000000000002
3.4,0.07570208,-1.7000000000000002,0.4,20.400000000000002
3.4,0.07570208,-1.7000000000000002,0.4,20.400000000000002
3.4,0.08058608,-1.7000000000000002,0.4,20.400000000000002
3.4,0.08058608,-1.7000000000000002,0.4,20.400000000000002
3.4,0.08058608,-1.7000000000000002,0.4,20.400000000000002
3.4,0.08058608,-1.7000000000000002,0.4,20.400000000000002
3.41,0.08058608,-1.7000000000000002,0.4,20.400000000000002
3.41,0.08058608,-1.7000000000000002,0.4,20.400000000000002
3.41,0.08058608,-1.7000000000000002,0.4,20.400000000000002
3.41,0.08058608,-1.7000000000000002,0.4,20.400000000000002
3.41,0.07570208,-1.7000000000000002,0.4,20.400000000000002
3.41,0.08547009,-1.7000000000000002,0.4,20.400000000000002
3.41,0.08058608,-1.7000000000000002,0.4,20.400000000000002
3.41,0.08547009,-1.7000000000000002,0.4,20.400000000000002
3.41,0.08058608,-1.7000000000000002,0.4,20.400000000000002
3.42,0.08058608,-1.7000000000000002,0.4,20.400000000000002
3.42,0.08547009,-1.7000000000000002,0.4,20.400000000000002
3.42,0.08058608,-1.7000000000000002,0.4,20.400000000000002
3.42,0.08547009,-1.7000000000000002,0.4,20.400000000000002
3.42,0.08547009,-1.7000000000000002,0.4,20.400000000000002
3.42,0.08058608,-1.7000000000000002,0.4,20.400000000000002
3.42,0.08547009,-1.7000000000000002,0.4,20.400000000000002
3.42,0.08547009,-1.7000000000000002,0.4,20.400000000000002
3.43,0.08547009,-1.7000000000000002,0.4,20.400000000000002
3.43,0.09035409,-1.7000000000000002,0.4,20.400000000000002
3.43,0.08547009,-1.7000000000000002,0.4,20.400000000000002
3.43,0.08058608,-1.7000000000000002,0.4,20.400000000000002
3.43,0.0952381,-1.7000000000000002,0.4,20.400000000000002
3.43,0.08058608,-1.7000000000000002,0.4,20.400000000000002
3.43,0.08547009,-1.7000000000000002,0.4,20.400000000000002
3.43,0.08547009,-1.7000000000000002,0.4,20.400000000000002
3.43,0.08547009,-1.7000000000000002,0.4,20.400000000000002
3.43,0.08547009,-1.7000000000000002,0.4,20.400000000000002
3.44,0.08058608,-1.7000000000000002,0.4,20.400000000000002
3.44,0.08547009,-1.7000000000000002,0.4,20.400000000000002
3.44,0.08058608,-1.7000000000000002,0.4,20.400000000000002
3.44,0.08058608,-1.7000000000000002,0.4,20.400000000000002
3.44,0.08058608,-1.7000000000000002,0.4,20.3
3.44,0.07570208,-1.7000000000000002,0.4,20.3
3.44,0.09035409,-1.7000000000000002,0.4,20.3
3.44,0.08058608,-1.7000000000000002,0.4,20.3
3.45,0.08547009,-1.7000000000000002,0.4,20.3
3.45,0.09035409,-1.7000000000000002,0.4,20.3
3.45,0.08547009,-1.7000000000000002,0.4,20.3
3.45,0.08058608,-1.7000000000000002,0.4,20.3
3.45,0.08058608,-1.7000000000000002,0.4,20.3
3.45,0.08547009,-1.7000000000000002,0.4,20.3
3.45,0.08547009,-1.7000000000000002,0.4,20.3
3.45,0.07570208,-1.7000000000000002,0.4,20.3
3.45,0.08058608,-1.7000000000000002,0.4,20.3
3.46,0.07570208,-1.7000000000000002,0.4,20.3
3.46,0.070818074,-1.7000000000000002,0.4,20.3
3.46,0.07570208,-1.7000000000000002,0.4,20.3
3.46,0.07570208,-1.7000000000000002,0.4,20.3
3.46,0.08058608,-1.7000000000000002,0.4,20.3
3.46,0.07570208,-1.7000000000000002,0.4,20.3
3.46,0.07570208,-1.7000000000000002,0.4,20.3
3.46,0.070818074,-1.7000000000000002,0.4,20.3
3.46,0.07570208,-1.7000000000000002,0.4,20.3
3.46,0.07570208,-1.7000000000000002,0.4,20.3
3.47,0.07570208,-1.7000000000000002,0.4,20.3
3.47,0.070818074,-1.7000000000000002,0.4,20.3
3.47,0.070818074,-1.7000000000000002,0.4,20.3
3.47,0.070818074,-1.7000000000000002,0.4,20.3
3.47,0.070818074,-1.7000000000000002,0.4,20.3
3.47,0.06593407,-1.7000000000000002,0.4,20.3
3.47,0.06105006,-1.7000000000000002,0.4,20.3
3.47,0.070818074,-1.7000000000000002,0.4,20.3
3.48,0.06593407,-1.7000000000000002,0.4,20.3
3.48,0.06593407,-1.7000000000000002,0.4,20.3
3.48,0.06593407,-1.7000000000000002,0.4,20.3
3.48,0.06593407,-1.7000000000000002,0.4,20.3
3.48,0.06105006,-1.7000000000000002,0.4,20.400000000000002
3.48,0.056166057,-1.7000000000000002,0.4,20.400000000000002
3.48,0.06105006,-1.7000000000000002,0.4,20.400000000000002
3.48,0.056166057,-1.7000000000000002,0.4,20.400000000000002
3.48,0.056166057,-1.7000000000000002,0.4,20.400000000000002
3.49,0.056166057,-1.7000000000000002,0.4,20.400000000000002
3.49,0.056166057,-1.7000000000000002,0.4,20.400000000000002
3.49,0.056166057,-1.7000000000000002,0.4,20.400000000000002
3.49,0.056166057,-1.7000000000000002,0.4,20.400000000000002
3.49,0.056166057,-1.7000000000000002,0.4,20.400000000000002
3.49,0.051282052,-1.7000000000000002,0.4,20.400000000000002
3.49,0.051282052,-1.7000000000000002,0.4,20.400000000000002
3.49,0.051282052,-1.7000000000000002,0.4,20.3
3.49,0.046398047,-1.7000000000000002,0.4,20.3
3.5,0.046398047,-1.7000000000000002,0.4,20.3
3.5,0.046398047,-1.7000000000000002,0.4,20.3
3.5,0.046398047,-1.7000000000000002,0.4,20.3
3.5,0.046398047,-1.7000000000000002,0.4,20.3
3.5,0.046398047,-1.7000000000000002,0.4,20.3
3.5,0.041514043,-1.7000000000000002,0.4,20.3
3.5,0.051282052,-1.7000000000000002,0.4,20.3
3.5,0.041514043,-1.7000000000000002,0.4,20.3
3.5,0.041514043,-1.7000000000000002,0.4,20.3
3.51,0.046398047,-1.7000000000000002,0.4,20.400000000000002
3.51,0.03663004,-1.7000000000000002,0.4,20.400000000000002
3.51,0.041514043,-1.7000000000000002,0.4,20.400000000000002
3.51,0.041514043,-1.7000000000000002,0.4,20.400000000000002
3.51,0.041514043,-1.7000000000000002,0.4,20.400000000000002
3.51,0.041514043,-1.7000000000000002,0.4,20.400000000000002
3.51,0.046398047,-1.7000000000000002,0.4,20.400000000000002
3.51,0.041514043,-1.7000000000000002,0.4,20.400000000000002
3.52,0.051282052,-1.7000000000000002,0.4,20.400000000000002
3.52,0.046398047,-1.7000000000000002,0.4,20.400000000000002
3.52,0.041514043,-1.7000000000000002,0.4,20.400000000000002
3.52,0.041514043,-1.7000000000000002,0.4,20.400000000000002
3.52,0.046398047,-1.7000000000000002,0.4,20.400000000000002
3.52,0.051282052,-1.7000000000000002,0.4,20.400000000000002
3.52,0.046398047,-1.7000000000000002,0.4,20.400000000000002
3.53,0.041514043,-1.7000000000000002,0.4,20.400000000000002
3.53,0.051282052,-1.7000000000000002,0.4,20.400000000000002
3.53,0.051282052,-1.7000000000000002,0.4,20.400000000000002
3.53,0.056166057,-1.7000000000000002,0.4,20.400000000000002
3.53,0.046398047,-1.7000000000000002,0.4,20.400000000000002
3.53,0.051282052,-1.7000000000000002,0.4,20.400000000000002
3.53,0.056166057,-1.7000000000000002,0.4,20.400000000000002
3.53,0.051282052,-1.7000000000000002,0.4,20.400000000000002
3.54,0.06105006,-1.7000000000000002,0.4,20.400000000000002
3.54,0.056166057,-1.7000000000000002,0.4,20.400000000000002
3.54,0.06593407,-1.7000000000000002,0.4,20.400000000000002
3.54,0.06105006,-1.7000000000000002,0.4,20.400000000000002
3.54,0.06105006,-1.7000000000000002,0.4,20.400000000000002
3.54,0.06105006,-1.7000000000000002,0.4,20.400000000000002
3.54,0.06593407,-1.7000000000000002,0.4,20.400000000000002
3.54,0.06593407,-1.7000000000000002,0.4,20.400000000000002
3.54,0.06105006,-1.7000000000000002,0.4,20.400000000000002
3.55,0.056166057,-1.7000000000000002,0.4,20.400000000000002
3.55,0.06105006,-1.7000000000000002,0.4,20.400000000000002
3.55,0.06105006,-1.7000000000000002,0.4,20.400000000000002
3.55,0.06105006,-1.7000000000000002,0.4,20.400000000000002
3.55,0.06593407,-1.7000000000000002,0.4,20.400000000000002
3.55,0.06105006,-1.7000000000000002,0.4,20.400000000000002
3.55,0.06593407,-1.7000000000000002,0.4,20.400000000000002
3.55,0.06105006,-1.7000000000000002,0.4,20.400000000000002
3.56,0.06105006,-1.7000000000000002,0.4,20.400000000000002
3.56,0.06593407,-1.7000000000000002,0.4,20.400000000000002
3.56,0.06105006,-1.7000000000000002,0.4,20.5
3.56,0.06593407,-1.7000000000000002,0.4,20.5
3.56,0.06105006,-1.7000000000000002,0.4,20.5
3.56,0.06105006,-1.7000000000000002,0.4,20.5
3.56,0.070818074,-1.7000000000000002,0.4,20.5
3.56,0.06105006,-1.7000000000000002,0.4,20.5
3.57,0.06105006,-1.7000000000000002,0.4,20.5
3.57,0.06105006,-1.7000000000000002,0.4,20.5
3.57,0.06593407,-1.7000000000000002,0.4,20.5
3.57,0.06593407,-1.7000000000000002,0.4,20.5
3.57,0.06593407,-1.7000000000000002,0.4,20.5
3.57,0.06105006,-1.7000000000000002,0.4,20.5
3.57,0.06593407,-1.7000000000000002,0.4,20.400000000000002
3.57,0.06593407,-1.7000000000000002,0.4,20.400000000000002
3.57,0.06105006,-1.7000000000000002,0.4,20.400000000000002
3.58,0.056166057,-1.7000000000000002,0.4,20.400000000000002
3.58,0.056166057,-1.7000000000000002,0.4,20.400000000000002
3.58,0.06105006,-1.7000000000000002,0.4,20.400000000000002
3.58,0.06105006,-1.7000000000000002,0.4,20.400000000000002
3.58,0.06593407,-1.7000000000000002,0.4,20.400000000000002
3.58,0.06105006,-1.7000000000000002,0.4,20.400000000000002
3.58,0.056166057,-1.7000000000000002,0.4,20.400000000000002
3.58,0.06593407,-1.7000000000000002,0.4,20.400000000000002
3.58,0.06593407,-1.7000000000000002,0.4,20.5
3.58,0.06105006,-1.7000000000000002,0.4,20.5
3.59,0.06105006,-1.7000000000000002,0.4,20.5
3.59,0.06593407,-1.7000000000000002,0.4,20.5
3.59,0.070818074,-1.7000000000000002,0.4,20.5
3.59,0.06593407,-1.7000000000000002,0.4,20.5
3.59,0.070818074,-1.7000000000000002,0.4,20.5
3.59,0.07570208,-1.7000000000000002,0.4,20.5
3.59,0.070818074,-1.7000000000000002,0.4,20.5
3.59,0.08058608,-1.7000000000000002,0.4,20.5
3.59,0.08058608,-1.7000000000000002,0.4,20.5
3.6,0.09035409,-1.7000000000000002,0.4,20.5
3.6,0.08547009,-1.7000000000000002,0.4,20.5
3.6,0.09035409,-1.7000000000000002,0.4,20.400000000000002
3.6,0.09035409,-1.7000000000000002,0.4,20.400000000000002
3.6,0.0952381,-1.7000000000000002,0.4,20.400000000000002
3.6,0.1001221,-1.7000000000000002,0.4,20.400000000000002
3.6,0.10989011,-1.7000000000000002,0.4,20.400000000000002
3.6,0.10989011,-1.7000000000000002,0.4,20.400000000000002
3.6,0.10989011,-1.7000000000000002,0.4,20.400000000000002
3.61,0.10989011,-1.7000000000000002,0.4,20.400000000000002
3.61,0.11965812,-1.7000000000000002,0.4,20.400000000000002
3.61,0.11965812,-1.7000000000000002,0.4,20.400000000000002
3.61,0.11965812,-1.7000000000000002,0.4,20.400000000000002
3.61,0.11965812,-1.7000000000000002,0.4,20.400000000000002
3.61,0.12942614,-1.7000000000000002,0.4,20.400000000000002
3.61,0.12942614,-1.7000000000000002,0.4,20.400000000000002
3.61,0.12942614,-1.7000000000000002,0.4,20.400000000000002
3.61,0.124542125,-1.7000000000000002,0.4,20.400000000000002
3.61,0.12942614,-1.7000000000000002,0.4,20.400000000000002
3.62,0.13431014,-1.7000000000000002,0.4,20.400000000000002
3.62,0.12942614,-1.7000000000000002,0.4,20.400000000000002
3.62,0.12942614,-1.7000000000000002,0.4,20.400000000000002
3.62,0.11965812,-1.7000000000000002,0.4,20.400000000000002
3.62,0.124542125,-1.7000000000000002,0.4,20.400000000000002
3.62,0.11965812,-1.7000000000000002,0.4,20.400000000000002
3.62,0.114774115,-1.7000000000000002,0.4,20.400000000000002
3.62,0.114774115,-1.7000000000000002,0.4,20.400000000000002
3.62,0.105006106,-1.7000000000000002,0.4,20.400000000000002
3.63,0.1001221,-1.7000000000000002,0.4,20.400000000000002
3.63,0.1001221,-1.7000000000000002,0.4,20.400000000000002
3.63,0.0952381,-1.7000000000000002,0.4,20.400000000000002
3.63,0.0952381,-1.7000000000000002,0.4,20.400000000000002
3.63,0.09035409,-1.7000000000000002,0.4,20.400000000000002
3.63,0.08547009,-1.7000000000000002,0.4,20.400000000000002
3.63,0.08547009,-1.7000000000000002,0.4,20.400000000000002
3.63,0.07570208,-1.7000000000000002,0.4,20.400000000000002
3.63,0.07570208,-1.7000000000000002,0.4,20.400000000000002
3.63,0.070818074,-1.7000000000000002,0.4,20.400000000000002
3.64,0.06593407,-1.7000000000000002,0.4,20.400000000000002
3.64,0.056166057,-1.7000000000000002,0.4,20.400000000000002
3.64,0.056166057,-1.7000000000000002,0.4,20.400000000000002
3.64,0.056166057,-1.7000000000000002,0.4,20.400000000000002
3.64,0.046398047,-1.7000000000000002,0.4,20.400000000000002
3.64,0.051282052,-1.7000000000000002,0.4,20.400000000000002
3.64,0.03663004,-1.7000000000000002,0.4,20.400000000000002
3.64,0.03663004,-1.7000000000000002,0.4,20.400000000000002
3.64,0.03663004,-1.7000000000000002,0.4,20.400000000000002
3.64,0.031746034,-1.7000000000000002,0.4,20.400000000000002
3.65,0.03663004,-1.7000000000000002,0.4,20.400000000000002
3.65,0.031746034,-1.7000000000000002,0.4,20.400000000000002
3.65,0.026862027,-1.7000000000000002,0.4,20.400000000000002
3.65,0.031746034,-1.7000000000000002,0.4,20.5
3.65,0.026862027,-1.7000000000000002,0.4,20.5
3.65,0.026862027,-1.7000000000000002,0.4,20.5
3.65,0.026862027,-1.7000000000000002,0.4,20.5
3.65,0.021978023,-1.7000000000000002,0.4,20.5
3.65,0.021978023,-1.7000000000000002,0.4,20.5
3.66,0.017094018,-1.7000000000000002,0.4,20.5
3.66,0.017094018,-1.7000000000000002,0.4,20.5
3.66,0.021978023,-1.7000000000000002,0.4,20.5
3.66,0.017094018,-1.7000000000000002,0.4,20.5
3.66,0.017094018,-1.7000000000000002,0.4,20.5
3.66,0.017094018,-1.7000000000000002,0.4,20.5
3.66,0.017094018,-1.7000000000000002,0.4,20.400000000000002
3.66,0.012210012,-1.7000000000000002,0.4,20.400000000000002
3.66,0.017094018,-1.7000000000000002,0.4,20.400000000000002
3.67,0.021978023,-1.7000000000000002,0.4,20.400000000000002
3.67,0.021978023,-1.7000000000000002,0.4,20.400000000000002
3.67,0.017094018,-1.7000000000000002,0.4,20.400000000000002
3.67,0.017094018,-1.7000000000000002,0.4,20.400000000000002
3.67,0.021978023,-1.7000000000000002,0.4,20.400000000000002
3.67,0.021978023,-1.7000000000000002,0.4,20.400000000000002
3.67,0.026862027,-1.7000000000000002,0.4,20.400000000000002
3.67,0.026862027,-1.7000000000000002,0.4,20.400000000000002
3.67,0.031746034,-1.7000000000000002,0.4,20.400000000000002
3.67,0.031746034,-1.7000000000000002,0.4,20.5
3.68,0.031746034,-1.7000000000000002,0.4,20.5
3.68,0.03663004,-1.7000000000000002,0.4,20.5
3.68,0.031746034,-1.7000000000000002,0.4,20.5
3.68,0.03663004,-1.7000000000000002,0.4,20.5
3.68,0.041514043,-1.7000000000000002,0.4,20.5
3.68,0.046398047,-1.7000000000000002,0.4,20.5
3.68,0.041514043,-1.7000000000000002,0.4,20.5
3.68,0.03663004,-1.7000000000000002,0.4,20.5
3.68,0.041514043,-1.7000000000000002,0.4,20.5
3.69,0.041514043,-1.7000000000000002,0.4,20.5
3.69,0.051282052,-1.7000000000000002,0.4,20.5
3.69,0.056166057,-1.7000000000000002,0.4,20.400000000000002
3.69,0.051282052,-1.7000000000000002,0.4,20.400000000000002
3.69,0.056166057,-1.7000000000000002,0.4,20.400000000000002
3.69,0.056166057,-1.7000000000000002,0.4,20.400000000000002
3.69,0.056166057,-1.7000000000000002,0.4,20.400000000000002
3.69,0.06105006,-1.7000000000000002,0.4,20.400000000000002
3.69,0.06593407,-1.7000000000000002,0.4,20.400000000000002
3.7,0.06593407,-1.7000000000000002,0.4,20.400000000000002
3.7,0.070818074,-1.7000000000000002,0.4,20.400000000000002
3.7,0.06593407,-1.7000000000000002,0.4,20.400000000000002
3.7,0.06593407,-1.7000000000000002,0.4,20.400000000000002
3.7,0.070818074,-1.7000000000000002,0.4,20.400000000000002
3.7,0.070818074,-1.7000000000000002,0.4,20.400000000000002
3.7,0.07570208,-1.7000000000000002,0.4,20.400000000000002
3.7,0.08058608,-1.7000000000000002,0.4,20.400000000000002
3.7,0.08547009,-1.7000000000000002,0.4,20.400000000000002
3.71,0.08058608,-1.7000000000000002,0.4,20.400000000000002
3.71,0.08547009,-1.7000000000000002,0.4,20.400000000000002
3.71,0.08547009,-1.7000000000000002,0.4,20.400000000000002
3.71,0.08547009,-1.7000000000000002,0.4,20.400000000000002
3.71,0.08547009,-1.7000000000000002,0.4,20.400000000000002
3.71,0.09035409,-1.7000000000000002,0.4,20.400000000000002
3.71,0.0952381,-1.7000000000000002,0.4,20.400000000000002
3.71,0.0952381,-1.7000000000000002,0.4,20.400000000000002
3.71,0.09035409,-1.7000000000000002,0.4,20.400000000000002
3.71,0.09035409,-1.7000000000000002,0.4,20.3
3.71,0.09035409,-1.7000000000000002,0.4,20.3
3.72,0.09035409,-1.7000000000000002,0.4,20.3
3.72,0.0952381,-1.7000000000000002,0.4,20.3
3.72,0.0952381,-1.7000000000000002,0.4,20.3
3.72,0.09035409,-1.7000000000000002,0.4,20.3
3.72,0.09035409,-1.7000000000000002,0.4,20.3
3.72,0.09035409,-1.7000000000000002,0.4,20.3
3.72,0.09035409,-1.7000000000000002,0.4,20.3
3.72,0.09035409,-1.7000000000000002,0.4,20.3
3.72,0.09035409,-1.7000000000000002,0.4,20.3
3.73,0.09035409,-1.7000000000000002,0.4,20.3
3.73,0.09035409,-1.7000000000000002,0.4,20.400000000000002
3.73,0.09035409,-1.7000000000000002,0.4,20.400000000000002
3.73,0.08547009,-1.7000000000000002,0.4,20.400000000000002
3.73,0.09035409,-1.7000000000000002,0.4,20.400000000000002
3.73,0.09035409,-1.7000000000000002,0.4,20.400000000000002
3.73,0.0952381,-1.7000000000000002,0.4,20.400000000000002
3.73,0.09035409,-1.7000000000000002,0.4,20.400000000000002
3.73,0.09035409,-1.7000000000000002,0.4,20.400000000000002
3.74,0.09035409,-1.7000000000000002,0.4,20.400000000000002
3.74,0.0952381,-1.7000000000000002,0.4,20.400000000000002
3.74,0.09035409,-1.7000000000000002,0.4,20.400000000000002
3.74,0.0952381,-1.7000000000000002,0.4,20.400000000000002
3.74,0.1001221,-1.7000000000000002,0.4,20.400000000000002
3.74,0.09035409,-1.7000000000000002,0.4,20.400000000000002
3.74,0.0952381,-1.7000000000000002,0.4,20.400000000000002
3.74,0.0952381,-1.7000000000000002,0.4,20.400000000000002
3.74,0.0952381,-1.7000000000000002,0.4,20.400000000000002
3.75,0.1001221,-1.7000000000000002,0.4,20.400000000000002
3.75,0.1001221,-1.7000000000000002,0.4,20.400000000000002
3.75,0.0952381,-1.7000000000000002,0.4,20.400000000000002
3.75,0.1001221,-1.7000000000000002,0.4,20.400000000000002
3.75,0.0952381,-1.7000000000000002,0.4,20.400000000000002
3.75,0.1001221,-1.7000000000000002,0.4,20.400000000000002
3.75,0.1001221,-1.7000000000000002,0.4,20.400000000000002
3.75,0.0952381,-1.7000000000000002,0.4,20.400000000000002
3.76,0.08547009,-1.7000000000000002,0.4,20.400000000000002
3.76,0.08058608,-1.7000000000000002,0.4,20.400000000000002
3.76,0.07570208,-1.7000000000000002,0.4,20.400000000000002
3.76,0.070818074,-1.7000000000000002,0.4,20.400000000000002
3.76,0.06105006,-1.7000000000000002,0.4,20.400000000000002
3.76,0.06105006,-1.7000000000000002,0.4,20.400000000000002
3.76,0.051282052,-1.7000000000000002,0.4,20.400000000000002
3.76,0.041514043,-1.7000000000000002,0.4,20.400000000000002
3.76,0.031746034,-1.7000000000000002,0.4,20.400000000000002
3.77,0.026862027,-1.7000000000000002,0.4,20.400000000000002
3.77,0.021978023,-1.7000000000000002,0.4,20.5
3.77,0.012210012,-1.7000000000000002,0.4,20.5
3.77,0.0073260074,-1.7000000000000002,0.4,20.5
3.77,0.0073260074,-1.7000000000000002,0.4,20.5
3.77,0.0024420025,-1.7000000000000002,0.4,20.5
3.77,-0.0024420025,-1.7000000000000002,0.4,20.5
3.77,-0.0073260074,-1.7000000000000002,0.4,20.5
3.77,-0.0024420025,-1.7000000000000002,0.4,20.5
3.77,-0.0073260074,-1.7000000000000002,0.4,20.5
3.77,-0.012210012,-1.7000000000000002,0.4,20.5
3.78,-0.017094018,-1.7000000000000002,0.4,20.5
3.78,-0.017094018,-1.7000000000000002,0.4,20.5
3.78,-0.021978023,-1.7000000000000002,0.4,20.5
3.78,-0.026862027,-1.7000000000000002,0.4,20.5
3.78,-0.026862027,-1.7000000000000002,0.4,20.5
3.78,-0.031746034,-1.7000000000000002,0.4,20.5
3.78,-0.031746034,-1.7000000000000002,0.4,20.5
3.78,-0.031746034,-1.7000000000000002,0.4,20.5
3.78,-0.031746034,-1.7000000000000002,0.4,20.5
3.79,-0.031746034,-1.7000000000000002,0.4,20.5
3.79,-0.031746034,-1.7000000000000002,0.4,20.5
3.79,-0.026862027,-1.7000000000000002,0.4,20.5
3.79,-0.026862027,-1.7000000000000002,0.4,20.5
3.79,-0.021978023,-1.7000000000000002,0.4,20.5
3.79,-0.026862027,-1.7000000000000002,0.4,20.5
3.79,-0.021978023,-1.7000000000000002,0.4,20.5
3.79,-0.021978023,-1.7000000000000002,0.4,20.5
3.79,-0.017094018,-1.7000000000000002,0.4,20.5
3.8,-0.012210012,-1.7000000000000002,0.4,20.5
3.8,-0.0073260074,-1.7000000000000002,0.4,20.5
3.8,-0.0024420025,-1.7000000000000002,0.4,20.5
3.8,0.0024420025,-1.7000000000000002,0.4,20.5
3.8,0.0073260074,-1.7000000000000002,0.4,20.5
3.8,0.0073260074,-1.7000000000000002,0.4,20.5
3.8,0.012210012,-1.7000000000000002,0.4,20.5
3.8,0.012210012,-1.7000000000000002,0.4,20.5
3.8,0.017094018,-1.7000000000000002,0.4,20.5
3.81,0.017094018,-1.7000000000000002,0.4,20.5
3.81,0.021978023,-1.7000000000000002,0.4,20.5
3.81,0.026862027,-1.7000000000000002,0.4,20.5
3.81,0.026862027,-1.7000000000000002,0.4,20.5
3.81,0.031746034,-1.7000000000000002,0.4,20.5
3.81,0.03663004,-1.7000000000000002,0.4,20.5
3.81,0.03663004,-1.7000000000000002,0.4,20.5
3.81,0.03663004,-1.7000000000000002,0.4,20.5
3.81,0.03663004,-1.7000000000000002,0.4,20.5
3.81,0.03663004,-1.7000000000000002,0.4,20.5
3.82,0.046398047,-1.7000000000000002,0.4,20.5
3.82,0.046398047,-1.7000000000000002,0.4,20.5
3.82,0.051282052,-1.7000000000000002,0.4,20.5
3.82,0.06105006,-1.7000000000000002,0.4,20.400000000000002
3.82,0.06593407,-1.7000000000000002,0.4,20.400000000000002
3.82,0.070818074,-1.7000000000000002,0.4,20.400000000000002
3.82,0.08058608,-1.7000000000000002,0.4,20.400000000000002
3.82,0.08547009,-1.7000000000000002,0.4,20.400000000000002
3.82,0.08547009,-1.7000000000000002,0.4,20.400000000000002
3.83,0.09035409,-1.7000000000000002,0.4,20.400000000000002
3.83,0.105006106,-1.7000000000000002,0.4,20.400000000000002
3.83,0.10989011,-1.7000000000000002,0.4,20.400000000000002
3.83,0.114774115,-1.7000000000000002,0.4,20.400000000000002
3.83,0.114774115,-1.7000000000000002,0.4,20.400000000000002
3.83,0.11965812,-1.7000000000000002,0.4,20.400000000000002
3.83,0.124542125,-1.7000000000000002,0.5,20.3
3.83,0.124542125,-1.7000000000000002,0.5,20.3
3.83,0.12942614,-1.7000000000000002,0.5,20.3
3.84,0.12942614,-1.7000000000000002,0.5,20.3
3.84,0.13919415,-1.7000000000000002,0.5,20.3
3.84,0.13919415,-1.7000000000000002,0.5,20.3
3.84,0.13919415,-1.7000000000000002,0.5,20.3
3.84,0.14407815,-1.7000000000000002,0.5,20.3
3.84,0.14407815,-1.7000000000000002,0.5,20.3
3.84,0.14407815,-1.7000000000000002,0.5,20.3
3.84,0.14407815,-1.7000000000000002,0.5,20.3
3.84,0.14407815,-1.7000000000000002,0.5,20.3
3.85,0.14896215,-1.7000000000000002,0.5,20.3
3.85,0.14896215,-1.7000000000000002,0.5,20.3
3.85,0.14896215,-1.7000000000000002,0.5,20.3
3.85,0.14896215,-1.7000000000000002,0.5,20.3
3.85,0.14896215,-1.7000000000000002,0.5,20.3
3.85,0.14896215,-1.7000000000000002,0.5,20.3
3.85,0.14896215,-1.7000000000000002,0.5,20.3
3.85,0.14896215,-1.7000000000000002,0.5,20.3
3.86,0.15384616,-1.7000000000000002,0.5,20.3
3.86,0.14896215,-1.7000000000000002,0.5,20.3
3.86,0.15384616,-1.7000000000000002,0.4,20.3
3.86,0.14896215,-1.7000000000000002,0.4,20.3
3.86,0.15384616,-1.7000000000000002,0.4,20.3
3.86,0.15384616,-1.7000000000000002,0.4,20.3
3.86,0.15384616,-1.7000000000000002,0.4,20.3
3.87,0.15384616,-1.7000000000000002,0.4,20.3
3.87,0.15384616,-1.7000000000000002,0.4,20.3
3.87,0.14896215,-1.7000000000000002,0.4,20.3
3.87,0.14407815,-1.7000000000000002,0.4,20.3
3.87,0.13919415,-1.7000000000000002,0.4,20.200000000000003
3.87,0.13431014,-1.7000000000000002,0.4,20.200000000000003
3.87,0.11965812,-1.7000000000000002,0.4,20.200000000000003
3.87,0.10989011,-1.7000000000000002,0.4,20.200000000000003
3.88,0.0952381,-1.7000000000000002,0.4,20.200000000000003
3.88,0.08547009,-1.7000000000000002,0.4,20.200000000000003
3.88,0.070818074,-1.7000000000000002,0.4,20.200000000000003
3.88,0.046398047,-1.7000000000000002,0.4,20.200000000000003
3.88,0.03663004,-1.7000000000000002,0.4,20.200000000000003
3.88,0.031746034,-1.7000000000000002,0.4,20.3
3.88,0.012210012,-1.7000000000000002,0.4,20.3
3.89,0.0024420025,-1.7000000000000002,0.4,20.3
3.89,-0.0024420025,-1.7000000000000002,0.4,20.3
3.89,-0.012210012,-1.7000000000000002,0.4,20.3
3.89,-0.017094018,-1.7000000000000002,0.4,20.3
3.89,-0.031746034,-1.7000000000000002,0.4,20.3
3.89,-0.03663004,-1.7000000000000002,0.4,20.3
3.89,-0.041514043,-1.7000000000000002,0.4,20.3
3.9,-0.06105006,-1.7000000000000002,0.4,20.400000000000002
3.9,-0.06105006,-1.7000000000000002,0.4,20.400000000000002
3.9,-0.06593407,-1.7000000000000002,0.4,20.400000000000002
3.9,-0.070818074,-1.7000000000000002,0.4,20.400000000000002
3.9,-0.070818074,-1.7000000000000002,0.4,20.400000000000002
3.9,-0.070818074,-1.7000000000000002,0.4,20.400000000000002
3.9,-0.070818074,-1.7000000000000002,0.4,20.400000000000002
3.91,-0.07570208,-1.7000000000000002,0.4,20.400000000000002
3.91,-0.07570208,-1.7000000000000002,0.4,20.400000000000002
3.91,-0.06593407,-1.7000000000000002,0.4,20.400000000000002
3.91,-0.06593407,-1.7000000000000002,0.4,20.5
3.91,-0.06105006,-1.7000000000000002,0.4,20.5
3.91,-0.051282052,-1.7000000000000002,0.4,20.5
3.91,-0.051282052,-1.7000000000000002,0.4,20.5
3.92,-0.046398047,-1.7000000000000002,0.4,20.5
3.92,-0.031746034,-1.7000000000000002,0.4,20.5
3.92,-0.031746034,-1.7000000000000002,0.4,20.5
3.92,-0.021978023,-1.7000000000000002,0.4,20.5
3.92,-0.012210012,-1.7000000000000002,0.4,20.5
3.92,-0.012210012,-1.7000000000000002,0.4,20.400000000000002
3.93,-0.0024420025,-1.7000000000000002,0.4,20.400000000000002
3.93,0.0024420025,-1.7000000000000002,0.4,20.400000000000002
3.93,0.0024420025,-1.7000000000000002,0.4,20.400000000000002
3.93,0.017094018,-1.7000000000000002,0.4,20.400000000000002
3.93,0.021978023,-1.7000000000000002,0.4,20.400000000000002
3.93,0.026862027,-1.7000000000000002,0.4,20.400000000000002
3.94,0.031746034,-1.7000000000000002,0.4,20.400000000000002
3.94,0.041514043,-1.7000000000000002,0.4,20.5
3.94,0.046398047,-1.7000000000000002,0.4,20.5
3.94,0.051282052,-1.7000000000000002,0.4,20.5
3.94,0.07570208,-1.7000000000000002,0.4,20.5
3.94,0.07570208,-1.7000000000000002,0.4,20.5
3.94,0.08547009,-1.7000000000000002,0.4,20.5
3.95,0.0952381,-1.7000000000000002,0.4,20.5
3.95,0.105006106,-1.7000000000000002,0.4,20.5
3.95,0.10989011,-1.7000000000000002,0.4,20.5
3.95,0.11965812,-1.7000000000000002,0.4,20.5
3.95,0.124542125,-1.7000000000000002,0.4,20.5
3.95,0.12942614,-1.7000000000000002,0.4,20.5
3.95,0.13431014,-1.7000000000000002,0.4,20.5
3.95,0.13919415,-1.7000000000000002,0.4,20.5
3.96,0.13919415,-1.7000000000000002,0.4,20.5
3.96,0.14407815,-1.7000000000000002,0.4,20.5
3.96,0.14407815,-1.7000000000000002,0.4,20.5
3.96,0.14407815,-1.7000000000000002,0.4,20.5
3.96,0.14896215,-1.7000000000000002,0.4,20.5
3.96,0.14407815,-1.7000000000000002,0.4,20.400000000000002
3.96,0.14896215,-1.7000000000000002,0.4,20.400000000000002
3.96,0.14407815,-1.7000000000000002,0.4,20.400000000000002
3.97,0.14407815,-1.7000000000000002,0.4,20.400000000000002
3.97,0.14407815,-1.7000000000000002,0.4,20.400000000000002
3.97,0.13919415,-1.7000000000000002,0.4,20.400000000000002
3.97,0.13431014,-1.7000000000000002,0.4,20.400000000000002
3.97,0.124542125,-1.7000000000000002,0.4,20.400000000000002
3.97,0.124542125,-1.7000000000000002,0.4,20.400000000000002
3.97,0.124542125,-1.7000000000000002,0.4,20.400000000000002
3.98,0.124542125,-1.7000000000000002,0.4,20.400000000000002
3.98,0.10989011,-1.7000000000000002,0.4,20.400000000000002
3.98,0.10989011,-1.7000000000000002,0.4,20.400000000000002
3.98,0.10989011,-1.7000000000000002,0.4,20.400000000000002
3.98,0.1001221,-1.7000000000000002,0.4,20.400000000000002
3.98,0.0952381,-1.7000000000000002,0.4,20.400000000000002
3.98,0.09035409,-1.7000000000000002,0.4,20.400000000000002
3.99,0.09035409,-1.7000000000000002,0.4,20.400000000000002
3.99,0.08058608,-1.7000000000000002,0.4,20.400000000000002
3.99,0.07570208,-1.7000000000000002,0.4,20.400000000000002
3.99,0.070818074,-1.7000000000000002,0.4,20.400000000000002
3.99,0.06593407,-1.7000000000000002,0.4,20.400000000000002
3.99,0.06105006,-1.7000000000000002,0.4,20.400000000000002
3.99,0.056166057,-1.7000000000000002,0.4,20.400000000000002
3.99,0.051282052,-1.7000000000000002,0.4,20.400000000000002
4.0,0.046398047,-1.7000000000000002,0.4,20.400000000000002
4.0,0.041514043,-1.7000000000000002,0.4,20.400000000000002
4.0,0.041514043,-1.7000000000000002,0.4,20.400000000000002
4.0,0.03663004,-1.7000000000000002,0.4,20.400000000000002
4.0,0.031746034,-1.7000000000000002,0.4,20.400000000000002
4.0,0.031746034,-1.7000000000000002,0.4,20.400000000000002
4.0,0.026862027,-1.7000000000000002,0.4,20.400000000000002
4.0,0.026862027,-1.7000000000000002,0.4,20.400000000000002
4.0,0.026862027,-1.7000000000000002,0.4,20.400000000000002
4.01,0.026862027,-1.7000000000000002,0.4,20.400000000000002
4.01,0.021978023,-1.7000000000000002,0.4,20.400000000000002
4.01,0.021978023,-1.7000000000000002,0.4,20.400000000000002
4.01,0.031746034,-1.7000000000000002,0.4,20.400000000000002
4.01,0.021978023,-1.7000000000000002,0.4,20.400000000000002
4.01,0.021978023,-1.7000000000000002,0.4,20.400000000000002
4.01,0.026862027,-1.7000000000000002,0.4,20.400000000000002
4.01,0.026862027,-1.7000000000000002,0.4,20.5
4.01,0.026862027,-1.7000000000000002,0.4,20.5
4.02,0.026862027,-1.7000000000000002,0.4,20.5
4.02,0.026862027,-1.7000000000000002,0.4,20.5
4.02,0.021978023,-1.7000000000000002,0.4,20.5
4.02,0.021978023,-1.7000000000000002,0.4,20.5
4.02,0.021978023,-1.7000000000000002,0.4,20.5
4.02,0.026862027,-1.7000000000000002,0.4,20.5
4.02,0.031746034,-1.7000000000000002,0.4,20.5
4.02,0.026862027,-1.7000000000000002,0.4,20.5
4.02,0.026862027,-1.7000000000000002,0.4,20.5
4.03,0.031746034,-1.7000000000000002,0.4,20.5
4.03,0.026862027,-1.7000000000000002,0.4,20.5
4.03,0.031746034,-1.7000000000000002,0.4,20.5
4.03,0.03663004,-1.7000000000000002,0.4,20.5
4.03,0.03663004,-1.7000000000000002,0.4,20.5
4.03,0.031746034,-1.7000000000000002,0.4,20.5
4.03,0.031746034,-1.7000000000000002,0.4,20.5
4.03,0.03663004,-1.7000000000000002,0.4,20.5
4.03,0.03663004,-1.7000000000000002,0.4,20.5
4.04,0.041514043,-1.7000000000000002,0.4,20.5
4.04,0.041514043,-1.7000000000000002,0.4,20.5
4.04,0.046398047,-1.7000000000000002,0.4,20.5
4.04,0.046398047,-1.7000000000000002,0.4,20.5
4.04,0.046398047,-1.7000000000000002,0.4,20.5
4.04,0.046398047,-1.7000000000000002,0.4,20.5
4.04,0.056166057,-1.7000000000000002,0.4,20.5
4.04,0.056166057,-1.7000000000000002,0.4,20.5
4.04,0.056166057,-1.7000000000000002,0.4,20.5
4.04,0.06105006,-1.7000000000000002,0.4,20.5
4.06,0.06593407,-1.7000000000000002,0.4,20.5
4.06,0.105006106,-1.7000000000000002,0.4,20.5
4.06,0.105006106,-1.7000000000000002,0.4,20.5
4.07,0.105006106,-1.7000000000000002,0.4,20.6
4.07,0.10989011,-1.7000000000000002,0.4,20.6
4.07,0.10989011,-1.7000000000000002,0.4,20.6
4.07,0.10989011,-1.7000000000000002,0.4,20.6
4.07,0.105006106,-1.7000000000000002,0.4,20.6
4.07,0.10989011,-1.7000000000000002,0.4,20.6
4.07,0.10989011,-1.7000000000000002,0.4,20.6
4.07,0.10989011,-1.7000000000000002,0.4,20.6
4.07,0.10989011,-1.7000000000000002,0.4,20.6
4.08,0.105006106,-1.7000000000000002,0.4,20.6
4.08,0.105006106,-1.7000000000000002,0.4,20.6
4.08,0.105006106,-1.7000000000000002,0.4,20.6
4.08,0.1001221,-1.7000000000000002,0.4,20.6
4.08,0.1001221,-1.7000000000000002,0.4,20.6
4.08,0.1001221,-1.7000000000000002,0.4,20.6
4.08,0.1001221,-1.7000000000000002,0.4,20.6
4.08,0.1001221,-1.7000000000000002,0.4,20.6
4.09,0.0952381,-1.7000000000000002,0.4,20.6
4.09,0.09035409,-1.7000000000000002,0.4,20.6
4.09,0.09035409,-1.7000000000000002,0.4,20.6
4.09,0.08547009,-1.7000000000000002,0.4,20.6
4.09,0.09035409,-1.7000000000000002,0.4,20.6
4.09,0.09035409,-1.7000000000000002,0.4,20.6
4.09,0.08547009,-1.7000000000000002,0.4,20.6
4.09,0.08547009,-1.7000000000000002,0.4,20.6
4.09,0.08058608,-1.7000000000000002,0.4,20.6
4.1,0.08058608,-1.7000000000000002,0.4,20.6
4.1,0.07570208,-1.7000000000000002,0.4,20.6
4.1,0.08058608,-1.7000000000000002,0.4,20.6
4.1,0.08058608,-1.7000000000000002,0.4,20.6
4.1,0.08058608,-1.7000000000000002,0.4,20.6
4.1,0.08058608,-1.7000000000000002,0.4,20.6
4.1,0.08058608,-1.7000000000000002,0.4,20.6
4.1,0.070818074,-1.7000000000000002,0.4,20.6
4.1,0.07570208,-1.7000000000000002,0.4,20.6
4.1,0.07570208,-1.7000000000000002,0.4,20.6
4.11,0.07570208,-1.7000000000000002,0.4,20.6
4.11,0.07570208,-1.7000000000000002,0.4,20.6
4.11,0.07570208,-1.7000000000000002,0.4,20.6
4.11,0.07570208,-1.7000000000000002,0.4,20.6
4.11,0.070818074,-1.7000000000000002,0.4,20.6
4.11,0.07570208,-1.7000000000000002,0.4,20.6
4.11,0.070818074,-1.7000000000000002,0.4,20.6
4.11,0.070818074,-1.7000000000000002,0.4,20.6
4.12,0.070818074,-1.7000000000000002,0.4,20.6
4.12,0.070818074,-1.7000000000000002,0.4,20.6
4.12,0.070818074,-1.7000000000000002,0.4,20.700000000000003
4.12,0.070818074,-1.7000000000000002,0.4,20.700000000000003
4.12,0.070818074,-1.7000000000000002,0.4,20.700000000000003
4.12,0.070818074,-1.7000000000000002,0.4,20.700000000000003
4.12,0.07570208,-1.7000000000000002,0.4,20.700000000000003
4.12,0.06593407,-1.7000000000000002,0.4,20.700000000000003
4.12,0.070818074,-1.7000000000000002,0.4,20.700000000000003
4.12,0.06593407,-1.7000000000000002,0.4,20.700000000000003
4.13,0.070818074,-1.7000000000000002,0.4,20.700000000000003
4.13,0.06593407,-1.7000000000000002,0.4,20.700000000000003
4.13,0.070818074,-1.7000000000000002,0.4,20.700000000000003
4.13,0.070818074,-1.7000000000000002,0.4,20.700000000000003
4.13,0.070818074,-1.7000000000000002,0.4,20.700000000000003
4.13,0.070818074,-1.7000000000000002,0.4,20.700000000000003
4.13,0.070818074,-1.7000000000000002,0.4,20.700000000000003
4.13,0.06593407,-1.7000000000000002,0.4,20.700000000000003
4.13,0.07570208,-1.7000000000000002,0.4,20.700000000000003
4.14,0.06593407,-1.7000000000000002,0.4,20.700000000000003
4.14,0.070818074,-1.7000000000000002,0.4,20.700000000000003
4.14,0.070818074,-1.7000000000000002,0.4,20.700000000000003
4.14,0.070818074,-1.7000000000000002,0.4,20.700000000000003
4.14,0.070818074,-1.7000000000000002,0.4,20.700000000000003
4.14,0.070818074,-1.7000000000000002,0.4,20.700000000000003
4.14,0.070818074,-1.7000000000000002,0.4,20.6
4.14,0.07570208,-1.7000000000000002,0.4,20.6
4.15,0.070818074,-1.7000000000000002,0.4,20.6
4.15,0.06593407,-1.7000000000000002,0.4,20.6
4.15,0.06593407,-1.7000000000000002,0.4,20.6
4.15,0.06593407,-1.7000000000000002,0.4,20.6
4.15,0.070818074,-1.7000000000000002,0.4,20.6
4.15,0.070818074,-1.7000000000000002,0.4,20.6
4.15,0.06105006,-1.7000000000000002,0.4,20.6
4.15,0.06105006,-1.7000000000000002,0.4,20.6
4.15,0.06105006,-1.7000000000000002,0.4,20.6
4.16,0.06105006,-1.7000000000000002,0.4,20.700000000000003
4.16,0.06105006,-1.7000000000000002,0.4,20.700000000000003
4.16,0.06105006,-1.7000000000000002,0.4,20.700000000000003
4.16,0.06105006,-1.7000000000000002,0.4,20.700000000000003
4.16,0.06593407,-1.7000000000000002,0.4,20.700000000000003
4.16,0.056166057,-1.7000000000000002,0.4,20.700000000000003
4.16,0.056166057,-1.7000000000000002,0.4,20.700000000000003
4.16,0.06105006,-1.7000000000000002,0.4,20.700000000000003
4.17,0.06593407,-1.7000000000000002,0.4,20.700000000000003
4.17,0.06105006,-1.7000000000000002,0.4,20.700000000000003
4.17,0.06105006,-1.7000000000000002,0.4,20.700000000000003
4.17,0.056166057,-1.7000000000000002,0.4,20.700000000000003
4.17,0.06105006,-1.7000000000000002,0.4,20.6
4.17,0.06593407,-1.7000000000000002,0.4,20.6
4.17,0.06593407,-1.7000000000000002,0.4,20.6
4.17,0.06593407,-1.7000000000000002,0.4,20.6
4.17,0.06105006,-1.7000000000000002,0.4,20.6
4.18,0.06105006,-1.7000000000000002,0.4,20.6
4.18,0.06105006,-1.7000000000000002,0.4,20.6
4.18,0.06105006,-1.7000000000000002,0.4,20.6
4.18,0.06105006,-1.7000000000000002,0.4,20.6
4.18,0.06593407,-1.7000000000000002,0.4,20.6
4.18,0.06105006,-1.7000000000000002,0.4,20.6
4.18,0.06593407,-1.7000000000000002,0.4,20.6
4.18,0.06593407,-1.7000000000000002,0.4,20.6
4.19,0.06593407,-1.7000000000000002,0.4,20.6
4.19,0.070818074,-1.7000000000000002,0.4,20.6
4.19,0.06593407,-1.7000000000000002,0.4,20.6
4.19,0.06593407,-1.7000000000000002,0.4,20.6
4.19,0.06593407,-1.7000000000000002,0.4,20.6
4.19,0.06593407,-1.7000000000000002,0.4,20.6
4.19,0.07570208,-1.7000000000000002,0.4,20.6
4.19,0.070818074,-1.7000000000000002,0.4,20.6
4.2,0.070818074,-1.7000000000000002,0.4,20.6
4.2,0.070818074,-1.7000000000000002,0.4,20.6
4.2,0.070818074,-1.7000000000000002,0.4,20.6
4.2,0.07570208,-1.7000000000000002,0.4,20.6
4.2,0.07570208,-1.7000000000000002,0.4,20.6
4.2,0.070818074,-1.7000000000000002,0.4,20.6
4.2,0.07570208,-1.7000000000000002,0.4,20.6
4.2,0.07570208,-1.7000000000000002,0.4,20.6
4.2,0.070818074,-1.7000000000000002,0.4,20.6
4.21,0.07570208,-1.7000000000000002,0.4,20.6
4.21,0.08058608,-1.7000000000000002,0.4,20.6
4.21,0.08058608,-1.7000000000000002,0.4,20.6
4.21,0.07570208,-1.7000000000000002,0.4,20.6
4.21,0.07570208,-1.7000000000000002,0.4,20.6
4.21,0.07570208,-1.7000000000000002,0.4,20.6
4.21,0.07570208,-1.7000000000000002,0.4,20.6
4.21,0.07570208,-1.7000000000000002,0.4,20.6
4.21,0.08547009,-1.7000000000000002,0.4,20.6
4.22,0.07570208,-1.7000000000000002,0.4,20.6
4.22,0.08058608,-1.7000000000000002,0.4,20.6
4.22,0.07570208,-1.7000000000000002,0.4,20.6
4.22,0.07570208,-1.7000000000000002,0.4,20.6
4.22,0.07570208,-1.7000000000000002,0.4,20.6
4.22,0.08058608,-1.7000000000000002,0.4,20.6
4.22,0.07570208,-1.7000000000000002,0.4,20.6
4.22,0.08058608,-1.7000000000000002,0.4,20.6
4.22,0.08058608,-1.7000000000000002,0.4,20.6
4.22,0.07570208,-1.7000000000000002,0.4,20.6
4.22,0.07570208,-1.7000000000000002,0.4,20.6
4.23,0.08058608,-1.7000000000000002,0.4,20.6
4.23,0.08058608,-1.7000000000000002,0.4,20.6
4.23,0.07570208,-1.7000000000000002,0.4,20.6
4.23,0.08058608,-1.7000000000000002,0.4,20.6
4.23,0.070818074,-1.7000000000000002,0.4,20.6
4.23,0.07570208,-1.7000000000000002,0.4,20.6
4.23,0.07570208,-1.7000000000000002,0.4,20.6
4.23,0.08058608,-1.7000000000000002,0.4,20.6
4.23,0.08058608,-1.7000000000000002,0.4,20.6
4.24,0.08058608,-1.7000000000000002,0.4,20.6
4.24,0.07570208,-1.7000000000000002,0.4,20.6
4.24,0.07570208,-1.7000000000000002,0.4,20.6
4.24,0.08058608,-1.7000000000000002,0.4,20.6
4.24,0.08058608,-1.7000000000000002,0.4,20.6
4.24,0.07570208,-1.7000000000000002,0.4,20.6
4.24,0.07570208,-1.7000000000000002,0.4,20.6
4.24,0.08058608,-1.7000000000000002,0.4,20.6
4.24,0.08058608,-1.7000000000000002,0.4,20.6
4.25,0.08058608,-1.7000000000000002,0.4,20.6
4.25,0.08058608,-1.7000000000000002,0.4,20.6
4.25,0.08058608,-1.7000000000000002,0.4,20.6
4.25,0.08058608,-1.7000000000000002,0.4,20.6
4.25,0.08058608,-1.7000000000000002,0.4,20.6
4.25,0.08058608,-1.7000000000000002,0.4,20.6
4.25,0.08058608,-1.7000000000000002,0.4,20.6
4.25,0.08058608,-1.7000000000000002,0.4,20.6
4.25,0.08058608,-1.7000000000000002,0.4,20.6
4.26,0.08058608,-1.7000000000000002,0.4,20.6
4.26,0.08547009,-1.7000000000000002,0.4,20.6
4.26,0.08547009,-1.7000000000000002,0.4,20.6
4.26,0.08547009,-1.7000000000000002,0.4,20.6
4.26,0.08547009,-1.7000000000000002,0.4,20.6
4.26,0.08547009,-1.7000000000000002,0.4,20.6
4.26,0.08058608,-1.7000000000000002,0.4,20.6
4.26,0.08058608,-1.7000000000000002,0.4,20.6
4.26,0.08547009,-1.7000000000000002,0.4,20.6
4.27,0.08058608,-1.7000000000000002,0.4,20.6
4.27,0.08547009,-1.7000000000000002,0.4,20.6
4.27,0.08058608,-1.7000000000000002,0.4,20.6
4.27,0.08058608,-1.7000000000000002,0.4,20.6
4.27,0.08058608,-1.7000000000000002,0.4,20.6
4.27,0.08058608,-1.7000000000000002,0.4,20.6
4.27,0.08058608,-1.7000000000000002,0.4,20.6
4.27,0.08058608,-1.7000000000000002,0.4,20.6
4.28,0.08547009,-1.7000000000000002,0.4,20.6
4.28,0.08547009,-1.7000000000000002,0.4,20.6
4.28,0.07570208,-1.7000000000000002,0.4,20.6
4.28,0.07570208,-1.7000000000000002,0.4,20.6
4.28,0.08058608,-1.7000000000000002,0.4,20.6
4.28,0.08058608,-1.7000000000000002,0.4,20.6
4.28,0.08547009,-1.7000000000000002,0.4,20.6
4.28,0.08547009,-1.7000000000000002,0.4,20.6
4.28,0.08058608,-1.7000000000000002,0.4,20.6
4.28,0.08058608,-1.7000000000000002,0.4,20.6
4.29,0.08058608,-1.7000000000000002,0.4,20.6
4.29,0.08058608,-1.7000000000000002,0.4,20.6
4.29,0.07570208,-1.7000000000000002,0.4,20.6
4.29,0.08058608,-1.7000000000000002,0.4,20.6
4.29,0.08547009,-1.7000000000000002,0.4,20.6
4.29,0.08058608,-1.7000000000000002,0.4,20.6
4.29,0.08058608,-1.7000000000000002,0.4,20.6
4.29,0.08058608,-1.7000000000000002,0.4,20.6
4.29,0.08547009,-1.7000000000000002,0.4,20.6
4.3,0.07570208,-1.7000000000000002,0.4,20.6
4.3,0.08058608,-1.7000000000000002,0.4,20.6
4.3,0.08547009,-1.7000000000000002,0.4,20.6
4.3,0.08058608,-1.7000000000000002,0.4,20.6
4.3,0.08058608,-1.7000000000000002,0.4,20.6
4.3,0.08058608,-1.7000000000000002,0.4,20.6
4.3,0.08547009,-1.7000000000000002,0.4,20.6
4.3,0.09035409,-1.7000000000000002,0.4,20.6
4.3,0.09035409,-1.7000000000000002,0.4,20.6
4.3,0.08547009,-1.7000000000000002,0.4,20.6
4.31,0.08058608,-1.7000000000000002,0.4,20.6
4.31,0.08547009,-1.7000000000000002,0.4,20.6
4.31,0.09035409,-1.7000000000000002,0.4,20.6
4.31,0.09035409,-1.7000000000000002,0.4,20.6
4.31,0.08547009,-1.7000000000000002,0.4,20.6
4.31,0.09035409,-1.7000000000000002,0.4,20.700000000000003
4.32,0.09035409,-1.7000000000000002,0.4,20.700000000000003
4.32,0.0952381,-1.7000000000000002,0.4,20.700000000000003
4.32,0.0952381,-1.7000000000000002,0.4,20.700000000000003
4.32,0.09035409,-1.7000000000000002,0.4,20.700000000000003
4.32,0.0952381,-1.7000000000000002,0.4,20.700000000000003
4.32,0.0952381,-1.7000000000000002,0.4,20.700000000000003
4.32,0.1001221,-1.7000000000000002,0.4,20.700000000000003
4.32,0.1001221,-1.7000000000000002,0.4,20.700000000000003
4.33,0.1001221,-1.7000000000000002,0.30000000000000004,20.700000000000003
4.33,0.0952381,-1.7000000000000002,0.30000000000000004,20.700000000000003
4.33,0.1001221,-1.7000000000000002,0.30000000000000004,20.700000000000003
4.33,0.105006106,-1.7000000000000002,0.30000000000000004,20.700000000000003
4.33,0.105006106,-1.7000000000000002,0.30000000000000004,20.700000000000003
4.33,0.1001221,-1.7000000000000002,0.30000000000000004,20.700000000000003
4.33,0.1001221,-1.7000000000000002,0.30000000000000004,20.700000000000003
4.34,0.0952381,-1.7000000000000002,0.30000000000000004,20.700000000000003
4.34,0.105006106,-1.7000000000000002,0.30000000000000004,20.700000000000003
4.34,0.1001221,-1.7000000000000002,0.4,20.700000000000003
4.34,0.1001221,-1.7000000000000002,0.4,20.700000000000003
4.34,0.0952381,-1.7000000000000002,0.4,20.700000000000003
4.34,0.0952381,-1.7000000000000002,0.4,20.700000000000003
4.34,0.0952381,-1.7000000000000002,0.4,20.700000000000003
4.34,0.1001221,-1.7000000000000002,0.4,20.700000000000003
4.34,0.1001221,-1.7000000000000002,0.4,20.700000000000003
4.35,0.0952381,-1.7000000000000002,0.4,20.700000000000003
4.35,0.0952381,-1.7000000000000002,0.4,20.700000000000003
4.35,0.0952381,-1.7000000000000002,0.4,20.700000000000003
4.35,0.09035409,-1.7000000000000002,0.4,20.700000000000003
4.35,0.1001221,-1.7000000000000002,0.4,20.700000000000003
4.35,0.0952381,-1.7000000000000002,0.30000000000000004,20.8
4.35,0.09035409,-1.7000000000000002,0.30000000000000004,20.8
4.35,0.09035409,-1.7000000000000002,0.30000000000000004,20.8
4.35,0.08547009,-1.7000000000000002,0.30000000000000004,20.8
4.36,0.09035409,-1.7000000000000002,0.30000000000000004,20.8
4.36,0.09035409,-1.7000000000000002,0.30000000000000004,20.8
4.36,0.09035409,-1.7000000000000002,0.30000000000000004,20.8
4.36,0.08547009,-1.7000000000000002,0.30000000000000004,20.8
4.36,0.08547009,-1.7000000000000002,0.30000000000000004,20.8
4.36,0.08058608,-1.7000000000000002,0.30000000000000004,20.8
4.36,0.08058608,-1.7000000000000002,0.30000000000000004,20.8
4.36,0.08547009,-1.7000000000000002,0.30000000000000004,20.8
4.36,0.08058608,-1.7000000000000002,0.30000000000000004,20.8
4.36,0.08058608,-1.7000000000000002,0.4,20.8
4.37,0.08058608,-1.7000000000000002,0.4,20.8
4.37,0.08058608,-1.7000000000000002,0.4,20.8
4.37,0.08058608,-1.7000000000000002,0.4,20.8
4.37,0.07570208,-1.7000000000000002,0.4,20.8
4.37,0.07570208,-1.7000000000000002,0.4,20.8
4.37,0.07570208,-1.7000000000000002,0.4,20.8
4.37,0.07570208,-1.7000000000000002,0.4,20.8
4.37,0.08058608,-1.7000000000000002,0.4,20.8
4.37,0.07570208,-1.7000000000000002,0.4,20.8
4.37,0.07570208,-1.7000000000000002,0.4,20.8
4.38,0.07570208,-1.7000000000000002,0.4,20.8
4.38,0.07570208,-1.7000000000000002,0.4,20.8
4.38,0.08547009,-1.7000000000000002,0.4,20.8
4.38,0.08547009,-1.7000000000000002,0.4,20.8
4.38,0.09035409,-1.7000000000000002,0.4,20.8
4.38,0.08547009,-1.7000000000000002,0.4,20.8
4.38,0.09035409,-1.7000000000000002,0.4,20.8
4.38,0.0952381,-1.7000000000000002,0.4,20.8
4.38,0.1001221,-1.7000000000000002,0.4,20.8
4.39,0.105006106,-1.7000000000000002,0.4,20.8
4.39,0.10989011,-1.7000000000000002,0.4,20.8
4.39,0.114774115,-1.7000000000000002,0.4,20.8
4.39,0.114774115,-1.7000000000000002,0.4,20.8
4.39,0.114774115,-1.7000000000000002,0.4,20.700000000000003
4.39,0.124542125,-1.7000000000000002,0.4,20.700000000000003
4.39,0.124542125,-1.7000000000000002,0.4,20.700000000000003
4.39,0.12942614,-1.7000000000000002,0.4,20.700000000000003
4.39,0.12942614,-1.7000000000000002,0.4,20.700000000000003
4.39,0.13431014,-1.7000000000000002,0.4,20.700000000000003
4.4,0.13431014,-1.7000000000000002,0.4,20.700000000000003
4.4,0.13431014,-1.7000000000000002,0.4,20.700000000000003
4.4,0.13919415,-1.7000000000000002,0.4,20.700000000000003
4.4,0.14407815,-1.7000000000000002,0.4,20.700000000000003
4.4,0.14407815,-1.7000000000000002,0.4,20.700000000000003
4.4,0.13919415,-1.7000000000000002,0.4,20.700000000000003
4.4,0.13919415,-1.7000000000000002,0.4,20.8
4.4,0.14407815,-1.7000000000000002,0.4,20.8
4.41,0.13919415,-1.7000000000000002,0.4,20.8
4.41,0.13919415,-1.7000000000000002,0.4,20.8
4.41,0.14407815,-1.7000000000000002,0.4,20.8
4.41,0.13431014,-1.7000000000000002,0.4,20.8
4.41,0.13919415,-1.7000000000000002,0.4,20.8
4.41,0.13431014,-1.7000000000000002,0.4,20.8
4.41,0.124542125,-1.7000000000000002,0.4,20.8
4.41,0.12942614,-1.7000000000000002,0.4,20.8
4.41,0.12942614,-1.7000000000000002,0.4,20.8
4.41,0.124542125,-1.7000000000000002,0.4,20.8
4.42,0.11965812,-1.7000000000000002,0.4,20.8
4.42,0.10989011,-1.8,0.4,20.8
4.42,0.10989011,-1.8,0.4,20.8
4.42,0.105006106,-1.8,0.4,20.8
4.42,0.1001221,-1.8,0.4,20.8
4.42,0.1001221,-1.8,0.4,20.8
4.42,0.0952381,-1.8,0.4,20.8
4.42,0.09035409,-1.8,0.4,20.8
4.42,0.09035409,-1.8,0.4,20.8
4.42,0.08547009,-1.8,0.4,20.8
4.43,0.07570208,-1.8,0.4,20.8
4.43,0.07570208,-1.8,0.4,20.8
4.43,0.07570208,-1.8,0.4,20.8
4.43,0.06593407,-1.8,0.4,20.8
4.43,0.070818074,-1.8,0.4,20.8
4.43,0.06105006,-1.8,0.4,20.8
4.43,0.056166057,-1.8,0.4,20.8
4.43,0.056166057,-1.8,0.4,20.8
4.43,0.056166057,-1.8,0.4,20.8
4.44,0.056166057,-1.8,0.4,20.8
4.44,0.051282052,-1.8,0.4,20.8
4.44,0.046398047,-1.8,0.4,20.8
4.44,0.046398047,-1.8,0.4,20.8
4.44,0.046398047,-1.8,0.4,20.8
4.44,0.046398047,-1.8,0.4,20.8
4.44,0.041514043,-1.8,0.4,20.8
4.44,0.041514043,-1.8,0.4,20.8
4.44,0.041514043,-1.8,0.4,20.8
4.44,0.031746034,-1.8,0.4,20.8
4.45,0.03663004,-1.8,0.4,20.8
4.45,0.03663004,-1.8,0.4,20.8
4.45,0.03663004,-1.8,0.4,20.8
4.45,0.03663004,-1.8,0.4,20.8
4.45,0.03663004,-1.8,0.4,20.8
4.45,0.031746034,-1.8,0.4,20.8
4.45,0.03663004,-1.8,0.4,20.8
4.45,0.03663004,-1.8,0.4,20.700000000000003
4.46,0.041514043,-1.8,0.4,20.700000000000003
4.46,0.041514043,-1.8,0.4,20.700000000000003
4.46,0.03663004,-1.8,0.4,20.700000000000003
4.46,0.041514043,-1.8,0.4,20.700000000000003
4.46,0.046398047,-1.8,0.4,20.700000000000003
4.46,0.046398047,-1.8,0.4,20.700000000000003
4.46,0.051282052,-1.8,0.4,20.700000000000003
4.47,0.051282052,-1.8,0.4,20.700000000000003
4.47,0.056166057,-1.8,0.4,20.700000000000003
4.47,0.056166057,-1.8,0.4,20.700000000000003
4.47,0.056166057,-1.8,0.4,20.8
4.47,0.06105006,-1.8,0.4,20.8
4.47,0.06593407,-1.8,0.4,20.8
4.47,0.06593407,-1.8,0.4,20.8
4.47,0.06593407,-1.8,0.4,20.8
4.47,0.06593407,-1.8,0.4,20.8
4.47,0.06593407,-1.8,0.4,20.8
4.48,0.070818074,-1.8,0.4,20.8
4.48,0.07570208,-1.8,0.4,20.8
4.48,0.07570208,-1.8,0.4,20.8
4.48,0.07570208,-1.8,0.4,20.8
4.48,0.08058608,-1.8,0.4,20.8
4.48,0.08058608,-1.8,0.4,20.8
4.48,0.08547009,-1.8,0.4,20.8
4.48,0.09035409,-1.8,0.4,20.8
4.48,0.09035409,-1.8,0.4,20.8
4.49,0.0952381,-1.8,0.4,20.8
4.49,0.0952381,-1.8,0.4,20.8
4.49,0.1001221,-1.8,0.4,20.8
4.49,0.1001221,-1.8,0.4,20.8
4.49,0.1001221,-1.8,0.4,20.8
4.49,0.105006106,-1.8,0.4,20.8
4.49,0.105006106,-1.8,0.4,20.8
4.49,0.105006106,-1.8,0.4,20.8
4.49,0.10989011,-1.8,0.4,20.8
4.49,0.114774115,-1.8,0.4,20.8
4.5,0.114774115,-1.8,0.4,20.8
4.5,0.114774115,-1.8,0.4,20.8
4.5,0.11965812,-1.8,0.4,20.8
4.5,0.114774115,-1.8,0.4,20.8
4.5,0.124542125,-1.8,0.4,20.8
4.5,0.11965812,-1.8,0.4,20.8
4.5,0.11965812,-1.8,0.4,20.8
4.5,0.124542125,-1.8,0.4,20.8
4.5,0.124542125,-1.8,0.4,20.8
4.51,0.124542125,-1.8,0.4,20.8
4.51,0.124542125,-1.8,0.4,20.8
4.51,0.12942614,-1.8,0.30000000000000004,20.8
4.51,0.12942614,-1.8,0.30000000000000004,20.8
4.51,0.12942614,-1.8,0.30000000000000004,20.8
4.51,0.13431014,-1.8,0.30000000000000004,20.8
4.51,0.13431014,-1.8,0.30000000000000004,20.8
4.51,0.13919415,-1.8,0.30000000000000004,20.8
4.52,0.13431014,-1.8,0.30000000000000004,20.8
4.52,0.13919415,-1.8,0.30000000000000004,20.8
4.52,0.13919415,-1.8,0.30000000000000004,20.8
4.52,0.13919415,-1.8,0.30000000000000004,20.8
4.52,0.13919415,-1.8,0.30000000000000004,20.8
4.52,0.14407815,-1.8,0.30000000000000004,20.900000000000002
4.52,0.14407815,-1.8,0.30000000000000004,20.900000000000002
4.52,0.14407815,-1.8,0.30000000000000004,20.900000000000002
4.52,0.14407815,-1.8,0.30000000000000004,20.900000000000002
4.53,0.14896215,-1.8,0.30000000000000004,20.900000000000002
4.53,0.14407815,-1.8,0.30000000000000004,20.900000000000002
4.53,0.14407815,-1.8,0.30000000000000004,20.900000000000002
4.53,0.14896215,-1.8,0.30000000000000004,20.900000000000002
4.53,0.15384616,-1.8,0.30000000000000004,20.900000000000002
4.53,0.14896215,-1.8,0.30000000000000004,20.900000000000002
4.53,0.14896215,-1.8,0.30000000000000004,20.900000000000002
4.53,0.14407815,-1.8,0.30000000000000004,20.900000000000002
4.53,0.15384616,-1.8,0.30000000000000004,20.900000000000002
4.53,0.14896215,-1.8,0.30000000000000004,20.900000000000002
4.54,0.15384616,-1.8,0.30000000000000004,20.900000000000002
4.54,0.15384616,-1.8,0.30000000000000004,20.900000000000002
4.54,0.14896215,-1.8,0.30000000000000004,20.900000000000002
4.54,0.15384616,-1.8,0.30000000000000004,20.900000000000002
4.54,0.14896215,-1.8,0.30000000000000004,20.900000000000002
4.54,0.14896215,-1.8,0.30000000000000004,20.900000000000002
4.54,0.14896215,-1.8,0.30000000000000004,20.900000000000002
4.54,0.14896215,-1.8,0.30000000000000004,20.900000000000002
4.54,0.13919415,-1.8,0.30000000000000004,20.900000000000002
4.55,0.13431014,-1.8,0.30000000000000004,20.900000000000002
4.55,0.124542125,-1.8,0.30000000000000004,20.900000000000002
4.55,0.11965812,-1.8,0.30000000000000004,20.900000000000002
4.55,0.114774115,-1.8,0.30000000000000004,20.900000000000002
4.55,0.105006106,-1.8,0.30000000000000004,20.900000000000002
4.55,0.1001221,-1.8,0.30000000000000004,20.900000000000002
4.55,0.0952381,-1.8,0.30000000000000004,20.900000000000002
4.55,0.08058608,-1.8,0.30000000000000004,20.900000000000002
4.55,0.070818074,-1.8,0.30000000000000004,20.900000000000002
4.56,0.06105006,-1.8,0.30000000000000004,20.900000000000002
4.56,0.051282052,-1.8,0.30000000000000004,20.900000000000002
4.56,0.046398047,-1.8,0.30000000000000004,20.900000000000002
4.56,0.03663004,-1.8,0.30000000000000004,20.900000000000002
4.56,0.031746034,-1.8,0.30000000000000004,20.900000000000002
4.56,0.026862027,-1.8,0.30000000000000004,20.900000000000002
4.56,0.021978023,-1.8,0.30000000000000004,20.900000000000002
4.57,0.017094018,-1.8,0.30000000000000004,20.900000000000002
4.57,0.012210012,-1.8,0.30000000000000004,20.900000000000002
4.57,0.012210012,-1.8,0.30000000000000004,20.900000000000002
4.57,0.0073260074,-1.8,0.30000000000000004,20.900000000000002
4.57,0.0073260074,-1.8,0.30000000000000004,20.900000000000002
4.57,0.0073260074,-1.8,0.30000000000000004,20.900000000000002
4.57,0.0024420025,-1.8,0.30000000000000004,20.900000000000002
4.57,-0.0024420025,-1.8,0.30000000000000004,20.900000000000002
4.57,-0.0024420025,-1.8,0.30000000000000004,20.900000000000002
4.58,-0.0024420025,-1.8,0.30000000000000004,20.900000000000002
4.58,-0.0024420025,-1.8,0.30000000000000004,20.900000000000002
4.58,0.0024420025,-1.8,0.30000000000000004,20.900000000000002
4.58,0.0073260074,-1.8,0.30000000000000004,20.900000000000002
4.58,0.012210012,-1.8,0.30000000000000004,20.900000000000002
4.58,0.012210012,-1.8,0.30000000000000004,20.900000000000002
4.58,0.012210012,-1.8,0.30000000000000004,20.900000000000002
4.58,0.012210012,-1.8,0.30000000000000004,20.900000000000002
4.58,0.012210012,-1.8,0.30000000000000004,20.900000000000002
4.58,0.012210012,-1.8,0.30000000000000004,20.900000000000002
4.59,0.021978023,-1.8,0.30000000000000004,20.900000000000002
4.59,0.021978023,-1.8,0.30000000000000004,20.900000000000002
4.59,0.03663004,-1.8,0.30000000000000004,20.900000000000002
4.59,0.031746034,-1.8,0.30000000000000004,20.900000000000002
4.59,0.041514043,-1.8,0.30000000000000004,20.900000000000002
4.59,0.03663004,-1.8,0.30000000000000004,20.900000000000002
4.59,0.041514043,-1.8,0.30000000000000004,20.900000000000002
4.6,0.051282052,-1.8,0.30000000000000004,20.900000000000002
4.6,0.056166057,-1.8,0.30000000000000004,20.900000000000002
4.6,0.06105006,-1.8,0.30000000000000004,20.900000000000002
4.6,0.06593407,-1.8,0.30000000000000004,20.900000000000002
4.6,0.070818074,-1.8,0.30000000000000004,20.900000000000002
4.6,0.08058608,-1.8,0.30000000000000004,20.900000000000002
4.6,0.08547009,-1.8,0.30000000000000004,20.900000000000002
4.6,0.0952381,-1.8,0.30000000000000004,20.900000000000002
4.61,0.105006106,-1.8,0.30000000000000004,20.900000000000002
4.61,0.10989011,-1.8,0.30000000000000004,20.900000000000002
4.61,0.124542125,-1.8,0.30000000000000004,20.900000000000002
4.61,0.12942614,-1.8,0.30000000000000004,20.900000000000002
4.61,0.12942614,-1.8,0.30000000000000004,21.0
4.61,0.14407815,-1.8,0.30000000000000004,21.0
4.61,0.14407815,-1.8,0.30000000000000004,21.0
4.62,0.14407815,-1.8,0.30000000000000004,21.0
4.62,0.15873016,-1.8,0.30000000000000004,21.0
4.62,0.16361417,-1.8,0.30000000000000004,21.0
4.62,0.16849817,-1.8,0.30000000000000004,21.0
4.62,0.17338218,-1.8,0.30000000000000004,21.0
4.62,0.17338218,-1.8,0.30000000000000004,21.0
4.62,0.17338218,-1.8,0.30000000000000004,21.0
4.63,0.17338218,-1.8,0.30000000000000004,21.0
4.63,0.17826618,-1.8,0.30000000000000004,21.0
4.63,0.17826618,-1.8,0.30000000000000004,21.0
4.63,0.17826618,-1.8,0.30000000000000004,21.0
4.63,0.18315019,-1.8,0.30000000000000004,21.0
4.63,0.18315019,-1.8,0.30000000000000004,21.0
4.63,0.18315019,-1.8,0.30000000000000004,21.0
4.64,0.18315019,-1.8,0.30000000000000004,21.0
4.64,0.1929182,-1.8,0.30000000000000004,21.0
4.64,0.18315019,-1.8,0.30000000000000004,21.0
4.64,0.18315019,-1.8,0.30000000000000004,21.0
4.64,0.18315019,-1.8,0.30000000000000004,21.0
4.64,0.18803419,-1.8,0.30000000000000004,21.0
4.64,0.18315019,-1.8,0.30000000000000004,21.0
4.65,0.18315019,-1.8,0.30000000000000004,21.0
4.65,0.17826618,-1.8,0.30000000000000004,21.0
4.65,0.17826618,-1.8,0.30000000000000004,21.0
4.65,0.18315019,-1.8,0.30000000000000004,21.0
4.65,0.18315019,-1.8,0.30000000000000004,21.0
4.65,0.18315019,-1.8,0.30000000000000004,21.0
4.65,0.18315019,-1.8,0.30000000000000004,21.0
4.66,0.17826618,-1.8,0.30000000000000004,21.0
4.66,0.17338218,-1.8,0.30000000000000004,21.0
4.66,0.17338218,-1.8,0.30000000000000004,21.0
4.66,0.16849817,-1.8,0.30000000000000004,21.0
4.66,0.16361417,-1.8,0.30000000000000004,21.0
4.66,0.14896215,-1.8,0.30000000000000004,21.0
4.66,0.14407815,-1.8,0.30000000000000004,21.0
4.66,0.124542125,-1.8,0.30000000000000004,21.0
4.67,0.11965812,-1.8,0.30000000000000004,21.0
4.67,0.1001221,-1.8,0.30000000000000004,21.0
4.67,0.09035409,-1.8,0.30000000000000004,21.0
4.67,0.06593407,-1.8,0.30000000000000004,21.0
4.67,0.051282052,-1.8,0.30000000000000004,21.0
4.67,0.046398047,-1.8,0.30000000000000004,21.0
4.68,0.03663004,-1.8,0.30000000000000004,21.0
4.68,0.021978023,-1.8,0.30000000000000004,21.0
4.68,0.017094018,-1.8,0.30000000000000004,21.0
4.68,0.012210012,-1.8,0.30000000000000004,21.0
4.68,0.0073260074,-1.8,0.30000000000000004,21.0
4.68,0.0073260074,-1.8,0.30000000000000004,21.0
4.68,-0.0073260074,-1.8,0.30000000000000004,21.0
4.68,-0.012210012,-1.8,0.30000000000000004,21.0
4.69,-0.0073260074,-1.8,0.30000000000000004,21.0
4.69,-0.012210012,-1.8,0.30000000000000004,21.0
4.69,-0.017094018,-1.8,0.30000000000000004,21.0
4.69,-0.012210012,-1.8,0.30000000000000004,21.0
4.69,-0.017094018,-1.8,0.30000000000000004,21.0
4.69,-0.012210012,-1.8,0.30000000000000004,21.0
4.69,-0.012210012,-1.8,0.30000000000000004,21.0
4.7,-0.012210012,-1.8,0.30000000000000004,21.0
4.7,-0.0073260074,-1.8,0.30000000000000004,21.0
4.7,-0.0024420025,-1.8,0.30000000000000004,21.0
4.7,0.0024420025,-1.8,0.30000000000000004,21.0
4.7,0.0073260074,-1.8,0.30000000000000004,21.0
4.7,0.012210012,-1.8,0.30000000000000004,20.900000000000002
4.7,0.021978023,-1.8,0.30000000000000004,20.900000000000002
4.7,0.031746034,-1.8,0.30000000000000004,20.900000000000002
4.71,0.031746034,-1.8,0.30000000000000004,20.900000000000002
4.71,0.03663004,-1.8,0.30000000000000004,20.900000000000002
4.71,0.041514043,-1.8,0.30000000000000004,20.900000000000002
4.71,0.046398047,-1.8,0.30000000000000004,20.900000000000002
4.71,0.051282052,-1.8,0.30000000000000004,20.900000000000002
4.71,0.06593407,-1.8,0.30000000000000004,20.900000000000002
4.71,0.06593407,-1.8,0.30000000000000004,20.900000000000002
4.72,0.070818074,-1.8,0.30000000000000004,21.0
4.72,0.08058608,-1.8,0.30000000000000004,21.0
4.72,0.08547009,-1.8,0.30000000000000004,21.0
4.72,0.0952381,-1.8,0.30000000000000004,21.0
4.72,0.1001221,-1.8,0.30000000000000004,21.0
4.72,0.10989011,-1.8,0.30000000000000004,21.0
4.72,0.12942614,-1.8,0.30000000000000004,21.0
4.72,0.13919415,-1.8,0.30000000000000004,21.0
4.73,0.14896215,-1.8,0.30000000000000004,21.0
4.73,0.15873016,-1.8,0.30000000000000004,21.0
4.73,0.16849817,-1.8,0.30000000000000004,20.900000000000002
4.73,0.17338218,-1.8,0.30000000000000004,20.900000000000002
4.73,0.18803419,-1.8,0.30000000000000004,20.900000000000002
4.73,0.18803419,-1.8,0.30000000000000004,20.900000000000002
4.73,0.1978022,-1.8,0.30000000000000004,20.900000000000002
4.73,0.20757021,-1.8,0.30000000000000004,20.900000000000002
4.74,0.20757021,-1.8,0.30000000000000004,20.900000000000002
4.74,0.21733822,-1.8,0.30000000000000004,20.900000000000002
4.74,0.22710623,-1.8,0.30000000000000004,20.900000000000002
4.74,0.23199023,-1.8,0.30000000000000004,20.900000000000002
4.74,0.23687424,-1.8,0.30000000000000004,20.900000000000002
4.74,0.24175824,-1.8,0.30000000000000004,20.900000000000002
4.75,0.24664225,-1.8,0.30000000000000004,20.900000000000002
4.75,0.25152627,-1.8,0.30000000000000004,20.900000000000002
4.75,0.25641027,-1.8,0.30000000000000004,20.900000000000002
4.75,0.26129428,-1.8,0.30000000000000004,20.900000000000002
4.75,0.26129428,-1.8,0.30000000000000004,20.900000000000002
4.75,0.26129428,-1.8,0.30000000000000004,20.900000000000002
4.75,0.26129428,-1.8,0.30000000000000004,20.900000000000002
4.75,0.26129428,-1.8,0.30000000000000004,20.8
4.76,0.26129428,-1.8,0.30000000000000004,20.8
4.76,0.25641027,-1.8,0.30000000000000004,20.8
4.76,0.26617828,-1.8,0.30000000000000004,20.8
4.76,0.26129428,-1.8,0.30000000000000004,20.8
4.76,0.25641027,-1.8,0.30000000000000004,20.8
4.76,0.25152627,-1.8,0.30000000000000004,20.8
4.76,0.25152627,-1.8,0.30000000000000004,20.8
4.76,0.25641027,-1.8,0.30000000000000004,20.8
4.77,0.25152627,-1.8,0.30000000000000004,20.8
4.77,0.25152627,-1.8,0.30000000000000004,20.8
4.77,0.25152627,-1.8,0.30000000000000004,20.900000000000002
4.77,0.25152627,-1.8,0.30000000000000004,20.900000000000002
4.77,0.24664225,-1.8,0.30000000000000004,20.900000000000002
4.77,0.24664225,-1.8,0.30000000000000004,20.900000000000002
4.77,0.24664225,-1.8,0.30000000000000004,20.900000000000002
4.77,0.24175824,-1.8,0.30000000000000004,20.900000000000002
4.78,0.23687424,-1.8,0.30000000000000004,20.900000000000002
4.78,0.23687424,-1.8,0.30000000000000004,20.900000000000002
4.78,0.24175824,-1.8,0.30000000000000004,20.900000000000002
4.78,0.24175824,-1.8,0.30000000000000004,20.900000000000002
4.78,0.23687424,-1.8,0.30000000000000004,20.900000000000002
4.78,0.23199023,-1.8,0.30000000000000004,20.900000000000002
4.78,0.23199023,-1.8,0.30000000000000004,20.900000000000002
4.78,0.22710623,-1.8,0.30000000000000004,20.900000000000002
4.78,0.23199023,-1.8,0.30000000000000004,20.900000000000002
4.78,0.23687424,-1.8,0.30000000000000004,20.900000000000002
4.79,0.23199023,-1.8,0.30000000000000004,20.900000000000002
4.79,0.22710623,-1.8,0.30000000000000004,20.900000000000002
4.79,0.22710623,-1.8,0.30000000000000004,20.900000000000002
4.79,0.22710623,-1.8,0.30000000000000004,20.900000000000002
4.79,0.22222222,-1.8,0.30000000000000004,20.900000000000002
4.79,0.23199023,-1.8,0.30000000000000004,20.900000000000002
4.79,0.22710623,-1.8,0.30000000000000004,20.900000000000002
4.79,0.22222222,-1.8,0.30000000000000004,20.900000000000002
4.79,0.22222222,-1.8,0.30000000000000004,20.900000000000002
4.8,0.22222222,-1.8,0.30000000000000004,20.900000000000002
4.8,0.22222222,-1.8,0.30000000000000004,20.900000000000002
4.8,0.21733822,-1.8,0.30000000000000004,20.900000000000002
4.8,0.22222222,-1.8,0.30000000000000004,20.900000000000002
4.8,0.21733822,-1.8,0.30000000000000004,20.900000000000002
4.8,0.21245421,-1.8,0.30000000000000004,20.900000000000002
4.8,0.21245421,-1.8,0.30000000000000004,20.900000000000002
4.8,0.21245421,-1.8,0.30000000000000004,20.900000000000002
4.8,0.20757021,-1.8,0.30000000000000004,20.900000000000002
4.81,0.20757021,-1.8,0.30000000000000004,20.900000000000002
4.81,0.21245421,-1.8,0.30000000000000004,20.900000000000002
4.81,0.2026862,-1.8,0.30000000000000004,20.900000000000002
4.81,0.2026862,-1.8,0.30000000000000004,20.900000000000002
4.81,0.2026862,-1.8,0.30000000000000004,20.900000000000002
4.81,0.1978022,-1.8,0.30000000000000004,20.900000000000002
4.81,0.1929182,-1.8,0.30000000000000004,20.900000000000002
4.81,0.1929182,-1.8,0.30000000000000004,20.900000000000002
4.81,0.1929182,-1.8,0.30000000000000004,20.900000000000002
4.81,0.1978022,-1.8,0.30000000000000004,20.900000000000002
4.81,0.1929182,-1.8,0.30000000000000004,20.900000000000002
4.82,0.18315019,-1.8,0.30000000000000004,20.900000000000002
4.82,0.18803419,-1.8,0.30000000000000004,20.900000000000002
4.82,0.18803419,-1.8,0.30000000000000004,20.900000000000002
4.82,0.18315019,-1.8,0.30000000000000004,20.900000000000002
4.82,0.18315019,-1.8,0.30000000000000004,20.900000000000002
4.82,0.17826618,-1.8,0.30000000000000004,20.900000000000002
4.82,0.17338218,-1.8,0.30000000000000004,20.900000000000002
4.82,0.17338218,-1.8,0.30000000000000004,20.900000000000002
4.83,0.16849817,-1.8,0.30000000000000004,20.900000000000002
4.83,0.16361417,-1.8,0.30000000000000004,20.900000000000002
4.83,0.16361417,-1.8,0.30000000000000004,20.900000000000002
4.83,0.15873016,-1.8,0.30000000000000004,20.900000000000002
4.83,0.15873016,-1.8,0.30000000000000004,20.900000000000002
4.83,0.16361417,-1.8,0.30000000000000004,20.900000000000002
4.83,0.16361417,-1.8,0.30000000000000004,20.900000000000002
4.83,0.15873016,-1.8,0.30000000000000004,21.0
4.83,0.15873016,-1.8,0.30000000000000004,21.0
4.83,0.15384616,-1.8,0.30000000000000004,21.0
4.84,0.15384616,-1.8,0.30000000000000004,21.0
4.84,0.14896215,-1.8,0.30000000000000004,21.0
4.84,0.15384616,-1.8,0.30000000000000004,21.0
4.84,0.14407815,-1.8,0.30000000000000004,21.0
4.84,0.14896215,-1.8,0.30000000000000004,21.0
4.84,0.14407815,-1.8,0.30000000000000004,21.0
4.84,0.14407815,-1.8,0.30000000000000004,21.0
4.84,0.14407815,-1.8,0.30000000000000004,21.0
4.84,0.14407815,-1.8,0.30000000000000004,20.900000000000002
4.85,0.14407815,-1.8,0.30000000000000004,20.900000000000002
4.85,0.13919415,-1.8,0.30000000000000004,20.900000000000002
4.85,0.14407815,-1.8,0.30000000000000004,20.900000000000002
4.85,0.13919415,-1.8,0.30000000000000004,20.900000000000002
4.85,0.14407815,-1.8,0.30000000000000004,20.900000000000002
4.85,0.13431014,-1.8,0.30000000000000004,20.900000000000002
4.85,0.13919415,-1.8,0.30000000000000004,20.900000000000002
4.85,0.13919415,-1.8,0.30000000000000004,20.900000000000002
4.86,0.13919415,-1.8,0.30000000000000004,20.900000000000002
4.86,0.14407815,-1.8,0.30000000000000004,20.900000000000002
4.86,0.13919415,-1.8,0.30000000000000004,20.900000000000002
4.86,0.13919415,-1.8,0.30000000000000004,20.900000000000002
4.86,0.13919415,-1.8,0.30000000000000004,20.900000000000002
4.86,0.13919415,-1.8,0.30000000000000004,20.900000000000002
4.86,0.14896215,-1.8,0.30000000000000004,20.900000000000002
4.86,0.14407815,-1.8,0.30000000000000004,20.900000000000002
4.86,0.13919415,-1.8,0.30000000000000004,20.900000000000002
4.86,0.14896215,-1.8,0.30000000000000004,20.900000000000002
4.87,0.14896215,-1.8,0.30000000000000004,20.900000000000002
4.87,0.14407815,-1.8,0.30000000000000004,20.900000000000002
4.87,0.14896215,-1.8,0.30000000000000004,20.900000000000002
4.87,0.14896215,-1.8,0.30000000000000004,20.900000000000002
4.87,0.14896215,-1.8,0.30000000000000004,20.900000000000002
4.87,0.14896215,-1.8,0.30000000000000004,21.0
4.87,0.14896215,-1.8,0.30000000000000004,21.0
4.87,0.14896215,-1.8,0.30000000000000004,21.0
4.87,0.15384616,-1.8,0.30000000000000004,21.0
4.88,0.15384616,-1.8,0.30000000000000004,21.0
4.88,0.15873016,-1.8,0.30000000000000004,21.0
4.88,0.15384616,-1.8,0.30000000000000004,21.0
4.88,0.15873016,-1.8,0.30000000000000004,21.0
4.88,0.15384616,-1.8,0.30000000000000004,21.0
4.88,0.15873016,-1.8,0.30000000000000004,21.0
4.88,0.16361417,-1.8,0.30000000000000004,21.0
4.88,0.15873016,-1.8,0.30000000000000004,21.0
4.88,0.15873016,-1.8,0.30000000000000004,21.0
4.88,0.16361417,-1.8,0.30000000000000004,21.1
4.89,0.15873016,-1.8,0.30000000000000004,21.1
4.89,0.16361417,-1.8,0.30000000000000004,21.1
4.89,0.16361417,-1.8,0.30000000000000004,21.1
4.89,0.16361417,-1.8,0.30000000000000004,21.1
4.89,0.16361417,-1.8,0.30000000000000004,21.1
4.89,0.16361417,-1.8,0.30000000000000004,21.1
4.89,0.16361417,-1.8,0.30000000000000004,21.1
4.89,0.16849817,-1.8,0.30000000000000004,21.1
4.89,0.16361417,-1.8,0.30000000000000004,21.1
4.9,0.16361417,-1.8,0.30000000000000004,21.1
4.9,0.16361417,-1.8,0.30000000000000004,21.1
4.9,0.16361417,-1.8,0.30000000000000004,21.1
4.9,0.16361417,-1.8,0.30000000000000004,21.1
4.9,0.16361417,-1.8,0.30000000000000004,21.1
4.9,0.16361417,-1.8,0.30000000000000004,21.1
4.9,0.16361417,-1.8,0.30000000000000004,21.1
4.9,0.15873016,-1.8,0.30000000000000004,21.1
4.91,0.15873016,-1.8,0.30000000000000004,21.1
4.91,0.16361417,-1.8,0.30000000000000004,21.1
4.91,0.16361417,-1.8,0.30000000000000004,21.1
4.91,0.15873016,-1.8,0.30000000000000004,21.1
4.91,0.15873016,-1.8,0.30000000000000004,21.1
4.91,0.15384616,-1.8,0.30000000000000004,21.1
4.91,0.15384616,-1.8,0.30000000000000004,21.1
4.91,0.15384616,-1.8,0.30000000000000004,21.1
4.92,0.14896215,-1.8,0.30000000000000004,21.1
4.92,0.14896215,-1.8,0.30000000000000004,21.1
4.92,0.14407815,-1.8,0.30000000000000004,21.1
4.92,0.14896215,-1.8,0.30000000000000004,21.1
4.92,0.14896215,-1.8,0.30000000000000004,21.1
4.92,0.14896215,-1.8,0.30000000000000004,21.1
4.92,0.14407815,-1.8,0.30000000000000004,21.200000000000003
4.92,0.14896215,-1.8,0.30000000000000004,21.200000000000003
4.93,0.14407815,-1.8,0.30000000000000004,21.200000000000003
4.93,0.14407815,-1.8,0.30000000000000004,21.200000000000003
4.93,0.13919415,-1.8,0.30000000000000004,21.200000000000003
4.93,0.13919415,-1.8,0.30000000000000004,21.200000000000003
4.93,0.13431014,-1.8,0.30000000000000004,21.200000000000003
4.93,0.13431014,-1.8,0.30000000000000004,21.200000000000003
4.93,0.13919415,-1.8,0.30000000000000004,21.200000000000003
4.93,0.13431014,-1.8,0.30000000000000004,21.200000000000003
4.93,0.12942614,-1.8,0.30000000000000004,21.200000000000003
4.93,0.13431014,-1.8,0.30000000000000004,21.200000000000003
4.94,0.12942614,-1.8,0.30000000000000004,21.0
4.94,0.124542125,-1.8,0.30000000000000004,21.0
4.94,0.12942614,-1.8,0.30000000000000004,21.0
4.94,0.124542125,-1.8,0.30000000000000004,21.0
4.94,0.124542125,-1.8,0.30000000000000004,21.0
4.94,0.124542125,-1.8,0.30000000000000004,21.0
4.94,0.11965812,-1.8,0.30000000000000004,21.0
4.94,0.10989011,-1.8,0.30000000000000004,21.0
4.94,0.114774115,-1.8,0.30000000000000004,21.0
4.95,0.11965812,-1.8,0.30000000000000004,21.0
4.95,0.10989011,-1.8,0.30000000000000004,21.0
4.95,0.105006106,-1.8,0.30000000000000004,21.0
4.95,0.105006106,-1.8,0.30000000000000004,21.1
4.95,0.105006106,-1.8,0.30000000000000004,21.1
4.95,0.10989011,-1.8,0.30000000000000004,21.1
4.95,0.114774115,-1.8,0.30000000000000004,21.1
4.95,0.10989011,-1.8,0.30000000000000004,21.1
4.95,0.105006106,-1.8,0.30000000000000004,21.1
4.96,0.105006106,-1.8,0.30000000000000004,21.1
4.96,0.10989011,-1.8,0.30000000000000004,21.1
4.96,0.10989011,-1.8,0.30000000000000004,21.1
4.96,0.10989011,-1.8,0.30000000000000004,21.1
4.96,0.105006106,-1.8,0.30000000000000004,21.1
4.96,0.105006106,-1.8,0.30000000000000004,21.1
4.96,0.105006106,-1.8,0.30000000000000004,21.0
4.96,0.1001221,-1.8,0.30000000000000004,21.0
4.97,0.1001221,-1.8,0.30000000000000004,21.0
4.97,0.10989011,-1.8,0.30000000000000004,21.0
4.97,0.10989011,-1.8,0.30000000000000004,21.0
4.97,0.10989011,-1.8,0.30000000000000004,21.0
4.97,0.105006106,-1.8,0.30000000000000004,21.0
4.97,0.10989011,-1.8,0.30000000000000004,21.0
4.97,0.114774115,-1.8,0.30000000000000004,21.0
4.97,0.114774115,-1.8,0.30000000000000004,21.0
4.97,0.114774115,-1.8,0.30000000000000004,21.0
4.98,0.11965812,-1.8,0.30000000000000004,21.0
4.98,0.11965812,-1.8,0.30000000000000004,21.0
4.98,0.11965812,-1.8,0.30000000000000004,21.0
4.98,0.124542125,-1.8,0.30000000000000004,21.0
4.98,0.124542125,-1.8,0.30000000000000004,21.0
4.98,0.12942614,-1.8,0.30000000000000004,21.0
4.98,0.12942614,-1.8,0.30000000000000004,21.0
4.98,0.12942614,-1.8,0.30000000000000004,21.0
4.98,0.12942614,-1.8,0.30000000000000004,21.0
4.99,0.124542125,-1.8,0.30000000000000004,21.0
4.99,0.12942614,-1.8,0.30000000000000004,21.0
4.99,0.13431014,-1.8,0.30000000000000004,21.0
4.99,0.13431014,-1.8,0.30000000000000004,21.0
4.99,0.13919415,-1.8,0.30000000000000004,21.0
4.99,0.13431014,-1.8,0.30000000000000004,21.0
4.99,0.13919415,-1.8,0.30000000000000004,21.0
4.99,0.13919415,-1.8,0.30000000000000004,21.0
4.99,0.13919415,-1.8,0.30000000000000004,21.0
4.99,0.13919415,-1.8,0.30000000000000004,21.0
5.0,0.14407815,-1.8,0.30000000000000004,21.0
5.0,0.14407815,-1.8,0.30000000000000004,21.0
5.0,0.14896215,-1.8,0.30000000000000004,21.0
5.0,0.14407815,-1.8,0.30000000000000004,21.0
5.0,0.14407815,-1.8,0.30000000000000004,21.0
5.0,0.15384616,-1.8,0.30000000000000004,21.0
5.0,0.14407815,-1.8,0.30000000000000004,21.0
5.0,0.14896215,-1.8,0.30000000000000004,21.0
5.01,0.13919415,-1.8,0.30000000000000004,21.0
5.01,0.14407815,-1.8,0.30000000000000004,21.0
5.01,0.13919415,-1.8,0.30000000000000004,21.0
5.01,0.13431014,-1.8,0.30000000000000004,21.0
5.01,0.13919415,-1.8,0.30000000000000004,21.0
5.01,0.13919415,-1.8,0.30000000000000004,21.0
5.01,0.13431014,-1.8,0.30000000000000004,21.0
5.01,0.14407815,-1.8,0.30000000000000004,21.0
5.01,0.13919415,-1.8,0.4,20.900000000000002
5.02,0.13919415,-1.8,0.4,20.900000000000002
5.02,0.13431014,-1.8,0.4,20.900000000000002
5.02,0.13919415,-1.8,0.4,20.900000000000002
5.02,0.13431014,-1.8,0.4,20.900000000000002
5.02,0.13431014,-1.8,0.4,20.900000000000002
5.02,0.13919415,-1.8,0.4,20.900000000000002
5.02,0.12942614,-1.8,0.4,20.900000000000002
5.02,0.12942614,-1.8,0.4,20.900000000000002
5.03,0.12942614,-1.8,0.4,20.900000000000002
5.03,0.124542125,-1.8,0.4,20.900000000000002
5.03,0.12942614,-1.8,0.30000000000000004,21.0
5.03,0.12942614,-1.8,0.30000000000000004,21.0
5.03,0.124542125,-1.8,0.30000000000000004,21.0
5.03,0.11965812,-1.8,0.30000000000000004,21.0
5.03,0.124542125,-1.8,0.30000000000000004,21.0
5.03,0.11965812,-1.8,0.30000000000000004,21.0
5.03,0.11965812,-1.8,0.30000000000000004,21.0
5.04,0.11965812,-1.8,0.30000000000000004,21.0
5.04,0.105006106,-1.8,0.30000000000000004,21.0
5.04,0.114774115,-1.8,0.30000000000000004,21.0
5.04,0.10989011,-1.8,0.30000000000000004,21.0
5.04,0.105006106,-1.8,0.30000000000000004,21.0
5.04,0.105006106,-1.8,0.30000000000000004,21.0
5.04,0.105006106,-1.8,0.30000000000000004,21.0
5.04,0.105006106,-1.8,0.30000000000000004,21.0
5.04,0.105006106,-1.8,0.30000000000000004,21.0
5.04,0.10989011,-1.8,0.30000000000000004,21.0
5.05,0.1001221,-1.8,0.30000000000000004,21.0
5.05,0.0952381,-1.8,0.30000000000000004,21.0
5.05,0.1001221,-1.8,0.30000000000000004,21.0
5.05,0.0952381,-1.8,0.30000000000000004,21.0
5.05,0.1001221,-1.8,0.30000000000000004,21.0
5.05,0.0952381,-1.8,0.30000000000000004,21.0
5.05,0.08058608,-1.8,0.30000000000000004,21.0
5.05,0.09035409,-1.8,0.30000000000000004,21.1
5.05,0.09035409,-1.8,0.30000000000000004,21.1
5.06,0.09035409,-1.8,0.30000000000000004,21.1
5.06,0.08058608,-1.8,0.30000000000000004,21.1
5.06,0.08058608,-1.8,0.30000000000000004,21.1
5.06,0.08058608,-1.8,0.30000000000000004,21.1
5.06,0.07570208,-1.8,0.30000000000000004,21.1
5.06,0.08058608,-1.8,0.30000000000000004,21.1
5.06,0.07570208,-1.8,0.30000000000000004,21.1
5.06,0.07570208,-1.8,0.30000000000000004,21.1
5.07,0.070818074,-1.8,0.30000000000000004,21.1
5.07,0.08058608,-1.8,0.30000000000000004,21.200000000000003
5.07,0.07570208,-1.8,0.30000000000000004,21.200000000000003
5.07,0.070818074,-1.8,0.30000000000000004,21.200000000000003
5.07,0.06593407,-1.8,0.30000000000000004,21.200000000000003
5.07,0.070818074,-1.8,0.30000000000000004,21.200000000000003
5.07,0.06593407,-1.8,0.30000000000000004,21.200000000000003
5.07,0.070818074,-1.8,0.30000000000000004,21.200000000000003
5.08,0.06593407,-1.8,0.30000000000000004,21.200000000000003
5.08,0.06105006,-1.8,0.30000000000000004,21.200000000000003
5.08,0.06105006,-1.8,0.30000000000000004,21.200000000000003
5.08,0.06105006,-1.8,0.30000000000000004,21.200000000000003
5.08,0.06105006,-1.8,0.2,21.3
5.08,0.070818074,-1.8,0.2,21.3
5.08,0.06593407,-1.8,0.2,21.3
5.08,0.06593407,-1.8,0.2,21.3
5.08,0.06105006,-1.8,0.2,21.3
5.09,0.06593407,-1.8,0.2,21.3
5.09,0.06593407,-1.8,0.2,21.3
5.09,0.070818074,-1.8,0.2,21.3
5.09,0.070818074,-1.8,0.2,21.3
5.09,0.06593407,-1.8,0.2,21.3
5.09,0.06593407,-1.8,0.2,21.3
5.09,0.06593407,-1.8,0.2,21.3
5.09,0.06593407,-1.8,0.30000000000000004,21.3
5.09,0.07570208,-1.8,0.30000000000000004,21.3
5.09,0.07570208,-1.8,0.30000000000000004,21.3
5.1,0.07570208,-1.8,0.30000000000000004,21.3
5.1,0.070818074,-1.8,0.30000000000000004,21.3
5.1,0.06593407,-1.8,0.30000000000000004,21.3
5.1,0.06593407,-1.8,0.30000000000000004,21.3
5.1,0.070818074,-1.8,0.30000000000000004,21.3
5.1,0.07570208,-1.8,0.30000000000000004,21.3
5.1,0.07570208,-1.8,0.30000000000000004,21.3
5.1,0.07570208,-1.8,0.30000000000000004,21.3
5.1,0.07570208,-1.8,0.30000000000000004,21.3
5.1,0.07570208,-1.8,0.30000000000000004,21.3
5.11,0.08547009,-1.8,0.2,21.5
5.11,0.08058608,-1.8,0.2,21.5
5.11,0.08547009,-1.8,0.2,21.5
5.11,0.08547009,-1.8,0.2,21.5
5.11,0.09035409,-1.8,0.2,21.5
5.11,0.09035409,-1.8,0.2,21.5
5.11,0.09035409,-1.8,0.2,21.5
5.11,0.09035409,-1.8,0.2,21.5
5.11,0.09035409,-1.8,0.2,21.5
5.12,0.09035409,-1.8,0.2,21.5
5.12,0.0952381,-1.8,0.2,21.5
5.12,0.0952381,-1.8,0.2,21.400000000000002
5.12,0.09035409,-1.8,0.2,21.400000000000002
5.12,0.0952381,-1.8,0.2,21.400000000000002
5.12,0.1001221,-1.8,0.2,21.400000000000002
5.12,0.0952381,-1.8,0.2,21.400000000000002
5.12,0.1001221,-1.8,0.2,21.400000000000002
5.12,0.1001221,-1.8,0.2,21.400000000000002
5.13,0.09035409,-1.8,0.2,21.400000000000002
5.13,0.0952381,-1.8,0.2,21.400000000000002
5.13,0.09035409,-1.8,0.2,21.400000000000002
5.13,0.09035409,-1.8,0.2,21.400000000000002
5.13,0.1001221,-1.8,0.2,21.400000000000002
5.13,0.0952381,-1.8,0.2,21.400000000000002
5.13,0.0952381,-1.8,0.2,21.400000000000002
5.13,0.09035409,-1.8,0.2,21.400000000000002
5.13,0.0952381,-1.8,0.2,21.400000000000002
5.13,0.09035409,-1.8,0.2,21.400000000000002
5.14,0.0952381,-1.8,0.2,21.400000000000002
5.14,0.1001221,-1.8,0.2,21.400000000000002
5.14,0.1001221,-1.8,0.2,21.400000000000002
5.14,0.0952381,-1.8,0.2,21.400000000000002
5.14,0.0952381,-1.8,0.2,21.400000000000002
5.14,0.0952381,-1.8,0.2,21.400000000000002
5.14,0.0952381,-1.8,0.2,21.400000000000002
5.14,0.0952381,-1.8,0.2,21.400000000000002
5.14,0.0952381,-1.8,0.2,21.3
5.15,0.0952381,-1.8,0.2,21.3
5.15,0.09035409,-1.8,0.2,21.3
5.15,0.1001221,-1.8,0.2,21.3
5.15,0.09035409,-1.8,0.2,21.3
5.15,0.08547009,-1.8,0.2,21.3
5.15,0.09035409,-1.8,0.2,21.3
5.15,0.09035409,-1.8,0.2,21.3
5.15,0.09035409,-1.8,0.2,21.3
5.16,0.08547009,-1.8,0.2,21.3
5.16,0.08547009,-1.8,0.2,21.3
5.16,0.08547009,-1.8,0.30000000000000004,21.3
5.16,0.09035409,-1.8,0.30000000000000004,21.3
5.16,0.09035409,-1.8,0.30000000000000004,21.3
5.16,0.09035409,-1.8,0.30000000000000004,21.3
5.16,0.09035409,-1.8,0.30000000000000004,21.3
5.16,0.09035409,-1.8,0.30000000000000004,21.3
5.16,0.0952381,-1.8,0.30000000000000004,21.3
5.17,0.09035409,-1.8,0.30000000000000004,21.3
5.17,0.1001221,-1.8,0.30000000000000004,21.3
5.17,0.1001221,-1.8,0.30000000000000004,21.3
5.17,0.105006106,-1.8,0.30000000000000004,21.3
5.17,0.1001221,-1.8,0.30000000000000004,21.3
5.17,0.105006106,-1.8,0.30000000000000004,21.200000000000003
5.17,0.10989011,-1.8,0.30000000000000004,21.200000000000003
5.17,0.114774115,-1.8,0.30000000000000004,21.200000000000003
5.17,0.114774115,-1.8,0.30000000000000004,21.200000000000003
5.18,0.124542125,-1.8,0.30000000000000004,21.200000000000003
5.18,0.12942614,-1.8,0.30000000000000004,21.200000000000003
5.18,0.13431014,-1.8,0.30000000000000004,21.200000000000003
5.18,0.13431014,-1.8,0.30000000000000004,21.200000000000003
5.18,0.13919415,-1.8,0.30000000000000004,21.200000000000003
5.18,0.14407815,-1.8,0.30000000000000004,21.200000000000003
5.18,0.15384616,-1.8,0.30000000000000004,21.200000000000003
5.18,0.14896215,-1.8,0.30000000000000004,21.200000000000003
5.18,0.15384616,-1.8,0.30000000000000004,21.200000000000003
5.18,0.15873016,-1.8,0.30000000000000004,21.200000000000003
5.19,0.15384616,-1.8,0.30000000000000004,21.200000000000003
5.19,0.15873016,-1.8,0.30000000000000004,21.200000000000003
5.19,0.15873016,-1.8,0.30000000000000004,21.200000000000003
5.19,0.15873016,-1.8,0.30000000000000004,21.200000000000003
5.19,0.15873016,-1.8,0.30000000000000004,21.200000000000003
5.19,0.15384616,-1.8,0.30000000000000004,21.200000000000003
5.19,0.15384616,-1.8,0.30000000000000004,21.200000000000003
5.19,0.15384616,-1.8,0.30000000000000004,21.200000000000003
5.19,0.15384616,-1.8,0.30000000000000004,21.200000000000003
5.19,0.15384616,-1.8,0.30000000000000004,21.200000000000003
5.2,0.15384616,-1.8,0.30000000000000004,21.200000000000003
5.2,0.14896215,-1.8,0.30000000000000004,21.200000000000003
5.2,0.14407815,-1.8,0.30000000000000004,21.200000000000003
5.2,0.14407815,-1.8,0.30000000000000004,21.200000000000003
5.2,0.14407815,-1.8,0.30000000000000004,21.200000000000003
5.2,0.13919415,-1.8,0.30000000000000004,21.200000000000003
5.2,0.12942614,-1.8,0.30000000000000004,21.200000000000003
5.2,0.124542125,-1.8,0.30000000000000004,21.200000000000003
5.21,0.124542125,-1.8,0.30000000000000004,21.200000000000003
5.21,0.124542125,-1.8,0.30000000000000004,21.200000000000003
5.21,0.11965812,-1.8,0.30000000000000004,21.200000000000003
5.21,0.11965812,-1.8,0.30000000000000004,21.200000000000003
5.21,0.10989011,-1.8,0.30000000000000004,21.200000000000003
5.21,0.105006106,-1.8,0.30000000000000004,21.200000000000003
5.21,0.1001221,-1.8,0.30000000000000004,21.200000000000003
5.21,0.1001221,-1.8,0.30000000000000004,21.200000000000003
5.21,0.0952381,-1.8,0.30000000000000004,21.200000000000003
5.22,0.09035409,-1.8,0.30000000000000004,21.200000000000003
5.22,0.09035409,-1.8,0.30000000000000004,21.200000000000003
5.22,0.08058608,-1.8,0.30000000000000004,21.200000000000003
5.22,0.07570208,-1.8,0.30000000000000004,21.200000000000003
5.22,0.070818074,-1.8,0.30000000000000004,21.200000000000003
5.22,0.070818074,-1.8,0.30000000000000004,21.200000000000003
5.22,0.070818074,-1.8,0.30000000000000004,21.200000000000003
5.22,0.070818074,-1.8,0.2,21.200000000000003
5.22,0.06105006,-1.8,0.2,21.200000000000003
5.22,0.06593407,-1.8,0.2,21.200000000000003
5.23,0.06593407,-1.8,0.2,21.200000000000003
5.23,0.06105006,-1.8,0.2,21.200000000000003
5.23,0.056166057,-1.8,0.2,21.200000000000003
5.23,0.056166057,-1.8,0.2,21.200000000000003
5.23,0.051282052,-1.8,0.2,21.200000000000003
5.23,0.051282052,-1.8,0.2,21.200000000000003
5.23,0.051282052,-1.8,0.2,21.200000000000003
5.23,0.056166057,-1.8,0.2,21.200000000000003
5.23,0.051282052,-1.8,0.2,21.200000000000003
5.23,0.056166057,-1.8,0.2,21.3
5.24,0.051282052,-1.8,0.2,21.3
5.24,0.051282052,-1.8,0.2,21.3
5.24,0.051282052,-1.8,0.2,21.3
5.24,0.056166057,-1.8,0.2,21.3
5.24,0.051282052,-1.8,0.2,21.3
5.24,0.056166057,-1.8,0.2,21.3
5.24,0.051282052,-1.8,0.2,21.3
5.24,0.051282052,-1.8,0.2,21.3
5.25,0.06105006,-1.8,0.2,21.3
5.25,0.06105006,-1.8,0.2,21.3
5.25,0.06105006,-1.8,0.2,21.3
5.25,0.06593407,-1.8,0.2,21.200000000000003
5.25,0.06593407,-1.8,0.2,21.200000000000003
5.25,0.06593407,-1.8,0.2,21.200000000000003
5.25,0.070818074,-1.8,0.2,21.200000000000003
5.25,0.070818074,-1.8,0.2,21.200000000000003
5.25,0.07570208,-1.8,0.2,21.200000000000003
5.25,0.07570208,-1.8,0.2,21.200000000000003
5.26,0.08058608,-1.8,0.2,21.200000000000003
5.26,0.08058608,-1.8,0.2,21.200000000000003
5.26,0.08058608,-1.8,0.2,21.200000000000003
5.26,0.08547009,-1.8,0.2,21.200000000000003
5.26,0.09035409,-1.8,0.2,21.200000000000003
5.26,0.09035409,-1.8,0.2,21.3
5.26,0.09035409,-1.8,0.2,21.3
5.26,0.0952381,-1.8,0.2,21.3
5.26,0.1001221,-1.8,0.2,21.3
5.27,0.1001221,-1.8,0.2,21.3
5.27,0.1001221,-1.8,0.2,21.3
5.27,0.105006106,-1.8,0.2,21.3
5.27,0.105006106,-1.8,0.2,21.3
5.27,0.105006106,-1.8,0.2,21.3
5.27,0.105006106,-1.8,0.2,21.3
5.27,0.105006106,-1.8,0.2,21.3
5.27,0.10989011,-1.8,0.2,21.3
5.27,0.114774115,-1.8,0.2,21.3
5.27,0.114774115,-1.8,0.2,21.3
5.28,0.114774115,-1.8,0.2,21.3
5.28,0.11965812,-1.8,0.2,21.3
5.28,0.11965812,-1.8,0.2,21.3
5.28,0.124542125,-1.8,0.2,21.3
5.28,0.11965812,-1.8,0.2,21.3
5.28,0.11965812,-1.8,0.2,21.3
5.28,0.124542125,-1.8,0.2,21.3
5.28,0.11965812,-1.8,0.2,21.3
5.28,0.11965812,-1.8,0.2,21.3
5.28,0.124542125,-1.8,0.2,21.3
5.29,0.124542125,-1.8,0.2,21.3
5.29,0.124542125,-1.8,0.2,21.3
5.29,0.11965812,-1.8,0.2,21.3
5.29,0.11965812,-1.8,0.2,21.3
5.29,0.124542125,-1.8,0.2,21.3
5.29,0.124542125,-1.8,0.2,21.3
5.29,0.11965812,-1.8,0.2,21.3
5.29,0.124542125,-1.8,0.2,21.3
5.3,0.11965812,-1.8,0.2,21.3
5.3,0.124542125,-1.8,0.2,21.3
5.3,0.124542125,-1.8,0.2,21.3
5.3,0.11965812,-1.8,0.2,21.3
5.3,0.11965812,-1.8,0.2,21.3
5.3,0.11965812,-1.8,0.2,21.3
5.3,0.11965812,-1.8,0.2,21.3
5.3,0.11965812,-1.8,0.2,21.3
5.3,0.11965812,-1.8,0.2,21.3
5.31,0.11965812,-1.8,0.2,21.3
5.31,0.11965812,-1.8,0.2,21.3
5.31,0.124542125,-1.8,0.2,21.3
5.31,0.124542125,-1.8,0.2,21.3
5.31,0.124542125,-1.8,0.2,21.3
5.31,0.12942614,-1.8,0.2,21.3
5.31,0.124542125,-1.8,0.2,21.3
5.31,0.12942614,-1.8,0.2,21.3
5.31,0.12942614,-1.8,0.2,21.3
5.31,0.12942614,-1.8,0.2,21.3
5.32,0.13431014,-1.8,0.2,21.3
5.32,0.12942614,-1.8,0.2,21.3
5.32,0.13431014,-1.8,0.2,21.3
5.32,0.13919415,-1.8,0.2,21.3
5.32,0.13431014,-1.8,0.2,21.3
5.32,0.13431014,-1.8,0.2,21.3
5.32,0.13431014,-1.8,0.2,21.3
5.33,0.12942614,-1.8,0.2,21.3
5.33,0.12942614,-1.8,0.2,21.200000000000003
5.33,0.124542125,-1.8,0.2,21.200000000000003
5.33,0.11965812,-1.8,0.2,21.200000000000003
5.33,0.114774115,-1.8,0.2,21.200000000000003
5.33,0.10989011,-1.8,0.2,21.200000000000003
5.33,0.1001221,-1.8,0.2,21.200000000000003
5.33,0.0952381,-1.8,0.2,21.200000000000003
5.34,0.08547009,-1.8,0.2,21.200000000000003
5.34,0.07570208,-1.8,0.2,21.200000000000003
5.34,0.070818074,-1.8,0.2,21.200000000000003
5.34,0.056166057,-1.8,0.30000000000000004,21.200000000000003
5.34,0.051282052,-1.8,0.30000000000000004,21.200000000000003
5.34,0.046398047,-1.8,0.30000000000000004,21.200000000000003
5.34,0.03663004,-1.8,0.30000000000000004,21.200000000000003
5.34,0.031746034,-1.8,0.30000000000000004,21.200000000000003
5.35,0.026862027,-1.8,0.30000000000000004,21.200000000000003
5.35,0.021978023,-1.8,0.30000000000000004,21.200000000000003
5.35,0.021978023,-1.8,0.30000000000000004,21.200000000000003
5.35,0.021978023,-1.8,0.30000000000000004,21.200000000000003
5.35,0.017094018,-1.8,0.30000000000000004,21.200000000000003
5.35,0.017094018,-1.8,0.30000000000000004,21.200000000000003
5.35,0.017094018,-1.8,0.2,21.3
5.35,0.017094018,-1.8,0.2,21.3
5.36,0.012210012,-1.8,0.2,21.3
5.36,0.0073260074,-1.8,0.2,21.3
5.36,0.0073260074,-1.8,0.2,21.3
5.36,0.012210012,-1.8,0.2,21.3
5.36,0.012210012,-1.8,0.2,21.3
5.36,0.012210012,-1.8,0.2,21.3
5.36,0.017094018,-1.8,0.2,21.3
5.36,0.017094018,-1.8,0.2,21.3
5.36,0.017094018,-1.8,0.2,21.3
5.36,0.017094018,-1.8,0.2,21.3
5.37,0.021978023,-1.8,0.30000000000000004,21.200000000000003
5.37,0.026862027,-1.8,0.30000000000000004,21.200000000000003
5.37,0.026862027,-1.8,0.30000000000000004,21.200000000000003
5.37,0.031746034,-1.8,0.30000000000000004,21.200000000000003
5.37,0.03663004,-1.8,0.30000000000000004,21.200000000000003
5.37,0.046398047,-1.8,0.30000000000000004,21.200000000000003
5.37,0.046398047,-1.8,0.30000000000000004,21.200000000000003
5.37,0.046398047,-1.8,0.30000000000000004,21.200000000000003
5.37,0.051282052,-1.8,0.30000000000000004,21.200000000000003
5.38,0.051282052,-1.8,0.30000000000000004,21.200000000000003
5.38,0.051282052,-1.8,0.30000000000000004,21.200000000000003
5.38,0.06105006,-1.8,0.30000000000000004,21.200000000000003
5.38,0.06593407,-1.8,0.30000000000000004,21.200000000000003
5.38,0.070818074,-1.8,0.30000000000000004,21.200000000000003
5.38,0.07570208,-1.8,0.30000000000000004,21.200000000000003
5.38,0.08058608,-1.8,0.30000000000000004,21.200000000000003
5.38,0.09035409,-1.8,0.30000000000000004,21.200000000000003
5.38,0.0952381,-1.8,0.30000000000000004,21.200000000000003
5.39,0.1001221,-1.8,0.30000000000000004,21.200000000000003
5.39,0.105006106,-1.8,0.30000000000000004,21.200000000000003
5.39,0.10989011,-1.8,0.30000000000000004,21.200000000000003
5.39,0.114774115,-1.8,0.30000000000000004,21.200000000000003
5.39,0.124542125,-1.8,0.30000000000000004,21.200000000000003
5.39,0.124542125,-1.8,0.30000000000000004,21.200000000000003
5.39,0.13431014,-1.8,0.30000000000000004,21.3
5.39,0.13919415,-1.8,0.30000000000000004,21.3
5.39,0.13919415,-1.8,0.30000000000000004,21.3
5.39,0.13919415,-1.8,0.30000000000000004,21.3
5.4,0.14896215,-1.8,0.30000000000000004,21.3
5.4,0.14896215,-1.8,0.30000000000000004,21.3
5.4,0.15873016,-1.8,0.30000000000000004,21.3
5.4,0.15873016,-1.8,0.30000000000000004,21.3
5.4,0.16361417,-1.8,0.30000000000000004,21.3
5.4,0.16361417,-1.8,0.30000000000000004,21.3
5.4,0.16849817,-1.8,0.30000000000000004,21.3
5.4,0.16849817,-1.8,0.30000000000000004,21.3
5.4,0.16849817,-1.8,0.2,21.3
5.4,0.16849817,-1.8,0.2,21.3
5.41,0.17338218,-1.8,0.2,21.3
5.41,0.17338218,-1.8,0.2,21.3
5.41,0.17826618,-1.8,0.2,21.3
5.41,0.17826618,-1.8,0.2,21.3
5.42,0.17338218,-1.8,0.2,21.3
5.42,0.17826618,1.7000000000000002,0.2,21.3
5.42,0.17826618,1.7000000000000002,0.2,21.3
5.43,0.17826618,1.7000000000000002,0.2,21.3
5.43,0.17826618,-1.8,0.30000000000000004,21.3
5.43,0.17338218,-1.8,0.30000000000000004,21.3
5.43,0.17826618,-1.8,0.30000000000000004,21.3
5.43,0.17826618,-1.8,0.30000000000000004,21.3
5.43,0.18315019,-1.8,0.30000000000000004,21.3
5.44,0.17826618,-1.8,0.30000000000000004,21.3
5.44,0.17338218,-1.8,0.30000000000000004,21.3
5.44,0.17826618,-1.8,0.30000000000000004,21.3
5.44,0.17338218,-1.8,0.30000000000000004,21.3
5.44,0.17826618,-1.8,0.30000000000000004,21.3
5.44,0.17338218,-1.8,0.30000000000000004,21.3
5.44,0.16849817,-1.8,0.2,21.3
5.44,0.16361417,-1.8,0.2,21.3
5.45,0.15873016,-1.8,0.2,21.3
5.45,0.14896215,-1.8,0.2,21.3
5.45,0.13919415,-1.8,0.2,21.3
5.45,0.12942614,-1.8,0.2,21.3
5.45,0.114774115,-1.8,0.2,21.3
5.45,0.105006106,-1.8,0.2,21.3
5.45,0.08058608,-1.8,0.2,21.3
5.46,0.07570208,-1.8,0.2,21.3
5.46,0.06593407,-1.8,0.2,21.3
5.46,0.051282052,-1.8,0.2,21.3
5.46,0.03663004,-1.8,0.2,21.3
5.46,0.031746034,-1.8,0.2,21.3
5.46,0.026862027,-1.8,0.2,21.3
5.47,0.017094018,-1.8,0.2,21.3
5.47,0.012210012,-1.8,0.2,21.3
5.47,0.012210012,-1.8,0.2,21.3
5.47,0.012210012,-1.8,0.2,21.200000000000003
5.47,0.0073260074,-1.8,0.2,21.200000000000003
5.47,0.0024420025,-1.8,0.2,21.200000000000003
5.47,0.0024420025,-1.8,0.2,21.200000000000003
5.48,0.0024420025,-1.8,0.2,21.200000000000003
5.48,0.0024420025,-1.8,0.2,21.200000000000003
5.48,0.0073260074,-1.8,0.2,21.200000000000003
5.48,0.012210012,-1.8,0.2,21.200000000000003
5.48,0.012210012,-1.8,0.2,21.3
5.48,0.017094018,-1.8,0.2,21.3
5.49,0.026862027,-1.8,0.2,21.3
5.49,0.031746034,-1.8,0.2,21.3
5.49,0.03663004,-1.8,0.2,21.3
5.49,0.03663004,-1.8,0.2,21.3
5.49,0.041514043,-1.8,0.2,21.3
5.49,0.046398047,-1.8,0.2,21.3
5.49,0.051282052,-1.8,0.2,21.3
5.5,0.06105006,-1.8,0.2,21.3
5.5,0.070818074,-1.8,0.2,21.3
5.5,0.08547009,-1.8,0.2,21.3
5.5,0.0952381,-1.8,0.2,21.3
5.5,0.105006106,-1.8,0.2,21.3
5.5,0.105006106,-1.8,0.2,21.3
5.5,0.11965812,-1.8,0.2,21.3
5.51,0.13431014,-1.8,0.2,21.3
5.51,0.13919415,-1.8,0.2,21.3
5.51,0.14896215,-1.8,0.30000000000000004,21.200000000000003
5.51,0.15384616,-1.8,0.30000000000000004,21.200000000000003
5.51,0.16361417,-1.8,0.30000000000000004,21.200000000000003
5.51,0.16849817,-1.8,0.30000000000000004,21.200000000000003
5.51,0.16849817,-1.8,0.30000000000000004,21.200000000000003
5.52,0.17338218,-1.8,0.30000000000000004,21.200000000000003
5.52,0.18315019,-1.8,0.30000000000000004,21.200000000000003
5.52,0.17826618,-1.8,0.30000000000000004,21.200000000000003
5.52,0.18803419,-1.8,0.30000000000000004,21.200000000000003
5.52,0.18803419,-1.8,0.2,21.3
5.52,0.1929182,-1.8,0.2,21.3
5.52,0.1929182,-1.8,0.2,21.3
5.52,0.1929182,-1.8,0.2,21.3
5.53,0.1929182,-1.8,0.2,21.3
5.53,0.1929182,-1.8,0.2,21.3
5.53,0.1929182,-1.8,0.2,21.3
5.53,0.1929182,-1.8,0.2,21.3
5.53,0.18803419,-1.8,0.2,21.3
5.53,0.18803419,-1.8,0.2,21.3
5.53,0.18315019,-1.8,0.30000000000000004,21.200000000000003
5.54,0.18315019,-1.8,0.30000000000000004,21.200000000000003
5.54,0.17338218,-1.8,0.30000000000000004,21.200000000000003
5.54,0.16849817,-1.8,0.30000000000000004,21.200000000000003
5.54,0.16361417,-1.8,0.30000000000000004,21.200000000000003
5.54,0.15873016,-1.8,0.30000000000000004,21.200000000000003
5.54,0.15384616,-1.8,0.30000000000000004,21.200000000000003
5.54,0.15384616,-1.8,0.30000000000000004,21.200000000000003
5.55,0.14896215,-1.8,0.30000000000000004,21.200000000000003
5.55,0.13919415,-1.8,0.2,21.200000000000003
5.55,0.13919415,-1.8,0.2,21.200000000000003
5.55,0.13431014,-1.8,0.2,21.200000000000003
5.55,0.124542125,-1.8,0.2,21.200000000000003
5.55,0.124542125,-1.8,0.2,21.200000000000003
5.55,0.11965812,-1.8,0.2,21.200000000000003
5.56,0.10989011,-1.8,0.2,21.200000000000003
5.56,0.105006106,-1.8,0.2,21.200000000000003
5.56,0.105006106,-1.8,0.2,21.200000000000003
5.56,0.1001221,-1.8,0.30000000000000004,21.1
5.56,0.09035409,-1.8,0.30000000000000004,21.1
5.56,0.08547009,-1.8,0.30000000000000004,21.1
5.56,0.09035409,-1.8,0.30000000000000004,21.1
5.57,0.08547009,-1.8,0.30000000000000004,21.1
5.57,0.07570208,-1.8,0.30000000000000004,21.1
5.57,0.08058608,-1.8,0.30000000000000004,21.1
5.57,0.07570208,-1.8,0.30000000000000004,21.1
5.57,0.07570208,-1.8,0.30000000000000004,21.1
5.57,0.06593407,-1.8,0.2,21.200000000000003
5.57,0.06593407,-1.8,0.2,21.200000000000003
5.58,0.06593407,-1.8,0.2,21.200000000000003
5.58,0.06593407,-1.8,0.2,21.200000000000003
5.58,0.06105006,-1.8,0.2,21.200000000000003
5.58,0.06105006,-1.8,0.2,21.200000000000003
5.58,0.06593407,-1.8,0.2,21.200000000000003
5.58,0.06105006,-1.8,0.2,21.200000000000003
5.58,0.06105006,-1.8,0.2,21.200000000000003
5.58,0.06593407,-1.8,0.2,21.200000000000003
5.58,0.06593407,-1.8,0.2,21.200000000000003
5.58,0.06105006,-1.8,0.2,21.200000000000003
5.59,0.06105006,-1.8,0.2,21.200000000000003
5.59,0.06593407,-1.8,0.2,21.200000000000003
5.59,0.06593407,-1.8,0.2,21.200000000000003
5.59,0.06105006,-1.8,0.2,21.200000000000003
5.59,0.06593407,-1.8,0.2,21.200000000000003
5.59,0.06593407,-1.8,0.2,21.200000000000003
5.59,0.06593407,-1.8,0.2,21.200000000000003
5.59,0.070818074,-1.8,0.2,21.200000000000003
5.6,0.070818074,-1.8,0.2,21.200000000000003
5.6,0.07570208,-1.8,0.2,21.200000000000003
5.6,0.07570208,-1.8,0.2,21.200000000000003
5.6,0.07570208,-1.8,0.2,21.200000000000003
5.6,0.07570208,-1.8,0.2,21.200000000000003
5.6,0.07570208,-1.8,0.2,21.200000000000003
5.6,0.08058608,-1.8,0.2,21.200000000000003
5.6,0.08547009,-1.8,0.2,21.200000000000003
5.6,0.08058608,-1.8,0.2,21.200000000000003
5.6,0.09035409,-1.8,0.2,21.200000000000003
5.61,0.08547009,-1.8,0.2,21.200000000000003
5.61,0.09035409,-1.8,0.2,21.200000000000003
5.61,0.0952381,-1.8,0.2,21.200000000000003
5.61,0.1001221,-1.8,0.2,21.200000000000003
5.61,0.105006106,-1.8,0.2,21.200000000000003
5.61,0.105006106,-1.8,0.2,21.200000000000003
5.61,0.105006106,-1.8,0.30000000000000004,21.1
5.61,0.10989011,-1.8,0.30000000000000004,21.1
5.61,0.10989011,-1.8,0.30000000000000004,21.1
5.62,0.10989011,-1.8,0.30000000000000004,21.1
5.62,0.10989011,-1.8,0.30000000000000004,21.1
5.62,0.114774115,-1.8,0.30000000000000004,21.1
5.62,0.11965812,-1.8,0.30000000000000004,21.1
5.62,0.124542125,-1.8,0.30000000000000004,21.1
5.62,0.11965812,-1.8,0.30000000000000004,21.1
5.62,0.11965812,-1.8,0.30000000000000004,21.1
5.62,0.124542125,-1.8,0.30000000000000004,21.1
5.62,0.12942614,-1.8,0.30000000000000004,21.1
5.62,0.13431014,-1.8,0.30000000000000004,21.200000000000003
5.63,0.13431014,-1.8,0.30000000000000004,21.200000000000003
5.63,0.12942614,-1.8,0.30000000000000004,21.200000000000003
5.63,0.12942614,-1.8,0.30000000000000004,21.200000000000003
5.63,0.13431014,-1.8,0.30000000000000004,21.200000000000003
5.63,0.13431014,-1.8,0.30000000000000004,21.200000000000003
5.63,0.13431014,-1.8,0.30000000000000004,21.200000000000003
5.63,0.14407815,-1.8,0.30000000000000004,21.200000000000003
5.63,0.13919415,-1.8,0.30000000000000004,21.200000000000003
5.63,0.13919415,-1.8,0.30000000000000004,21.200000000000003
5.64,0.13919415,-1.8,0.30000000000000004,21.200000000000003
5.64,0.13919415,-1.8,0.30000000000000004,21.200000000000003
5.64,0.14407815,-1.8,0.30000000000000004,21.200000000000003
5.64,0.14896215,-1.8,0.30000000000000004,21.200000000000003
5.64,0.14896215,-1.8,0.30000000000000004,21.200000000000003
5.64,0.14896215,-1.8,0.30000000000000004,21.200000000000003
5.64,0.14407815,-1.8,0.30000000000000004,21.200000000000003
5.64,0.14407815,-1.8,0.30000000000000004,21.200000000000003
5.64,0.14896215,-1.8,0.30000000000000004,21.200000000000003
5.65,0.14407815,-1.8,0.30000000000000004,21.200000000000003
5.65,0.15384616,-1.8,0.30000000000000004,21.200000000000003
5.65,0.14896215,-1.8,0.30000000000000004,21.200000000000003
5.65,0.14407815,-1.8,0.30000000000000004,21.200000000000003
5.65,0.14407815,-1.8,0.30000000000000004,21.200000000000003
5.65,0.14407815,-1.8,0.2,21.200000000000003
5.65,0.14407815,-1.8,0.2,21.200000000000003
5.65,0.14896215,-1.8,0.2,21.200000000000003
5.65,0.14896215,-1.8,0.2,21.200000000000003
5.66,0.13919415,-1.8,0.2,21.200000000000003
5.66,0.14407815,-1.8,0.2,21.200000000000003
5.66,0.13919415,-1.8,0.2,21.200000000000003
5.66,0.13919415,-1.8,0.2,21.200000000000003
5.66,0.14407815,-1.8,0.2,21.200000000000003
5.66,0.14407815,-1.8,0.2,21.200000000000003
5.66,0.13919415,-1.8,0.2,21.200000000000003
5.66,0.13431014,-1.9000000000000001,0.2,21.3
5.66,0.13431014,-1.9000000000000001,0.2,21.3
5.67,0.13919415,-1.9000000000000001,0.2,21.3
5.67,0.14407815,-1.9000000000000001,0.2,21.3
5.67,0.13431014,-1.9000000000000001,0.2,21.3
5.67,0.13431014,-1.9000000000000001,0.2,21.3
5.67,0.13431014,-1.9000000000000001,0.2,21.3
5.67,0.13431014,-1.9000000000000001,0.2,21.3
5.67,0.13919415,-1.9000000000000001,0.2,21.3
5.68,0.12942614,-1.9000000000000001,0.2,21.3
5.68,0.12942614,-1.9000000000000001,0.2,21.200000000000003
5.68,0.12942614,-1.9000000000000001,0.2,21.200000000000003
5.68,0.13431014,-1.9000000000000001,0.2,21.200000000000003
5.68,0.12942614,-1.9000000000000001,0.2,21.200000000000003
5.68,0.12942614,-1.9000000000000001,0.2,21.200000000000003
5.68,0.124542125,-1.9000000000000001,0.2,21.200000000000003
5.69,0.124542125,-1.9000000000000001,0.2,21.200000000000003
5.69,0.12942614,-1.9000000000000001,0.2,21.200000000000003
5.69,0.124542125,-1.9000000000000001,0.2,21.200000000000003
5.69,0.12942614,-1.9000000000000001,0.2,21.200000000000003
5.69,0.12942614,-1.8,0.2,21.200000000000003
5.69,0.124542125,-1.8,0.2,21.200000000000003
5.69,0.12942614,-1.8,0.2,21.200000000000003
5.7,0.124542125,-1.8,0.2,21.200000000000003
5.7,0.124542125,-1.8,0.2,21.200000000000003
5.7,0.124542125,-1.8,0.2,21.200000000000003
5.7,0.124542125,-1.8,0.2,21.200000000000003
5.7,0.124542125,-1.8,0.2,21.200000000000003
5.7,0.124542125,-1.8,0.2,21.200000000000003
5.7,0.124542125,-1.8,0.30000000000000004,21.1
5.7,0.11965812,-1.8,0.30000000000000004,21.1
5.71,0.124542125,-1.8,0.30000000000000004,21.1
5.71,0.124542125,-1.8,0.30000000000000004,21.1
5.71,0.124542125,-1.8,0.30000000000000004,21.1
5.71,0.11965812,-1.8,0.30000000000000004,21.1
5.71,0.11965812,-1.8,0.30000000000000004,21.1
5.71,0.124542125,-1.8,0.30000000000000004,21.1
5.71,0.124542125,-1.8,0.30000000000000004,21.1
5.72,0.124542125,-1.8,0.30000000000000004,21.1
5.72,0.114774115,-1.8,0.30000000000000004,21.1
5.72,0.11965812,-1.8,0.30000000000000004,21.1
5.72,0.114774115,-1.8,0.30000000000000004,21.1
5.72,0.11965812,-1.8,0.30000000000000004,21.1
5.72,0.114774115,-1.8,0.30000000000000004,21.1
5.72,0.114774115,-1.8,0.30000000000000004,21.1
5.72,0.10989011,-1.8,0.30000000000000004,21.1
5.73,0.105006106,-1.8,0.30000000000000004,21.1
5.73,0.10989011,-1.8,0.30000000000000004,21.1
5.73,0.11965812,-1.8,0.30000000000000004,21.1
5.73,0.105006106,-1.8,0.30000000000000004,21.200000000000003
5.73,0.10989011,-1.8,0.30000000000000004,21.200000000000003
5.73,0.105006106,-1.8,0.30000000000000004,21.200000000000003
5.73,0.105006106,-1.8,0.30000000000000004,21.200000000000003
5.74,0.105006106,-1.8,0.30000000000000004,21.200000000000003
5.74,0.105006106,-1.8,0.30000000000000004,21.200000000000003
5.74,0.105006106,-1.8,0.30000000000000004,21.200000000000003
5.74,0.1001221,-1.8,0.30000000000000004,21.200000000000003
5.74,0.105006106,-1.8,0.30000000000000004,21.200000000000003
5.74,0.105006106,-1.8,0.30000000000000004,21.200000000000003
5.74,0.1001221,-1.8,0.2,21.200000000000003
5.74,0.1001221,-1.8,0.2,21.200000000000003
5.75,0.105006106,-1.8,0.2,21.200000000000003
5.75,0.1001221,-1.8,0.2,21.200000000000003
5.75,0.1001221,-1.8,0.2,21.200000000000003
5.75,0.1001221,-1.8,0.2,21.200000000000003
5.75,0.105006106,-1.8,0.2,21.200000000000003
5.75,0.0952381,-1.8,0.2,21.200000000000003
5.75,0.1001221,-1.8,0.2,21.200000000000003
5.75,0.1001221,-1.8,0.2,21.200000000000003
5.76,0.105006106,-1.8,0.2,21.200000000000003
5.76,0.105006106,-1.8,0.2,21.200000000000003
5.76,0.1001221,-1.8,0.2,21.200000000000003
5.76,0.1001221,-1.8,0.2,21.200000000000003
5.76,0.1001221,-1.8,0.2,21.200000000000003
5.76,0.1001221,-1.8,0.2,21.200000000000003
5.76,0.1001221,-1.8,0.2,21.200000000000003
5.77,0.1001221,-1.8,0.2,21.200000000000003
5.77,0.1001221,-1.8,0.2,21.200000000000003
5.77,0.1001221,-1.8,0.2,21.3
5.77,0.105006106,-1.8,0.2,21.3
5.77,0.10989011,-1.8,0.2,21.3
5.77,0.105006106,-1.8,0.2,21.3
5.77,0.105006106,-1.8,0.2,21.3
5.77,0.105006106,-1.8,0.2,21.3
5.78,0.10989011,-1.8,0.2,21.3
5.78,0.105006106,-1.8,0.2,21.3
5.78,0.105006106,-1.8,0.2,21.3
5.78,0.10989011,-1.8,0.2,21.3
5.78,0.105006106,-1.8,0.2,21.400000000000002
5.78,0.105006106,-1.8,0.2,21.400000000000002
5.78,0.10989011,-1.8,0.2,21.400000000000002
5.78,0.10989011,-1.8,0.2,21.400000000000002
5.79,0.105006106,-1.8,0.2,21.400000000000002
5.79,0.105006106,-1.8,0.2,21.400000000000002
5.79,0.105006106,-1.8,0.2,21.400000000000002
5.79,0.10989011,-1.8,0.2,21.400000000000002
5.79,0.10989011,-1.8,0.2,21.400000000000002
5.79,0.1001221,-1.8,0.2,21.400000000000002
5.79,0.105006106,-1.8,0.2,21.400000000000002
5.8,0.105006106,-1.8,0.2,21.400000000000002
5.8,0.105006106,-1.8,0.2,21.400000000000002
5.8,0.10989011,-1.8,0.2,21.400000000000002
5.8,0.10989011,-1.8,0.2,21.400000000000002
5.8,0.105006106,-1.8,0.2,21.400000000000002
5.8,0.105006106,-1.8,0.2,21.400000000000002
5.8,0.105006106,-1.8,0.2,21.400000000000002
5.8,0.105006106,-1.8,0.2,21.400000000000002
5.81,0.105006106,-1.8,0.2,21.400000000000002
5.81,0.105006106,-1.8,0.2,21.400000000000002
5.81,0.1001221,-1.8,0.2,21.400000000000002
5.81,0.105006106,-1.8,0.2,21.400000000000002
5.81,0.105006106,-1.8,0.2,21.400000000000002
5.81,0.105006106,-1.8,0.2,21.400000000000002
5.81,0.1001221,-1.8,0.2,21.400000000000002
5.81,0.1001221,-1.8,0.2,21.400000000000002
5.82,0.1001221,-1.8,0.2,21.400000000000002
5.82,0.1001221,-1.8,0.2,21.400000000000002
5.82,0.1001221,-1.8,0.2,21.400000000000002
5.82,0.0952381,-1.8,0.2,21.400000000000002
5.82,0.09035409,-1.8,0.2,21.400000000000002
5.82,0.0952381,-1.8,0.2,21.400000000000002
5.82,0.0952381,-1.8,0.2,21.400000000000002
5.83,0.0952381,-1.8,0.2,21.400000000000002
5.83,0.0952381,-1.8,0.2,21.400000000000002
5.83,0.0952381,-1.8,0.2,21.400000000000002
5.83,0.09035409,-1.8,0.2,21.400000000000002
5.83,0.0952381,-1.8,0.2,21.400000000000002
5.83,0.0952381,-1.8,0.2,21.400000000000002
5.83,0.0952381,-1.8,0.2,21.400000000000002
5.83,0.0952381,-1.8,0.2,21.400000000000002
5.83,0.09035409,-1.8,0.2,21.400000000000002
5.83,0.09035409,-1.8,0.2,21.400000000000002
5.84,0.09035409,-1.8,0.2,21.400000000000002
5.84,0.0952381,-1.8,0.2,21.400000000000002
5.84,0.09035409,-1.8,0.2,21.400000000000002
5.84,0.09035409,-1.8,0.2,21.400000000000002
5.84,0.08547009,-1.8,0.2,21.400000000000002
5.84,0.08058608,-1.8,0.2,21.400000000000002
5.84,0.08547009,-1.8,0.2,21.400000000000002
5.84,0.09035409,-1.8,0.2,21.400000000000002
5.84,0.08547009,-1.8,0.2,21.400000000000002
5.84,0.08547009,-1.8,0.2,21.400000000000002
5.85,0.08547009,-1.8,0.2,21.3
5.85,0.08547009,-1.8,0.2,21.3
5.85,0.08547009,-1.8,0.2,21.3
5.85,0.08547009,-1.8,0.2,21.3
5.85,0.08547009,-1.8,0.2,21.3
5.85,0.08547009,-1.8,0.2,21.3
5.85,0.08058608,-1.8,0.2,21.3
5.85,0.08058608,-1.8,0.2,21.3
5.86,0.08547009,-1.8,0.2,21.3
5.86,0.08547009,-1.8,0.2,21.3
5.86,0.09035409,-1.8,0.2,21.3
5.86,0.09035409,-1.8,0.2,21.3
5.86,0.08058608,-1.8,0.2,21.3
5.86,0.08058608,-1.8,0.2,21.3
5.86,0.08058608,-1.8,0.2,21.3
5.86,0.08547009,-1.8,0.2,21.3
5.86,0.08547009,-1.8,0.2,21.3
5.86,0.08547009,-1.8,0.2,21.3
5.87,0.08547009,-1.8,0.2,21.3
5.87,0.09035409,-1.8,0.2,21.3
5.87,0.08547009,-1.8,0.2,21.3
5.87,0.08058608,-1.8,0.2,21.3
5.87,0.09035409,-1.8,0.2,21.3
5.87,0.09035409,-1.8,0.2,21.3
5.87,0.09035409,-1.8,0.2,21.3
5.87,0.09035409,-1.8,0.2,21.3
5.87,0.0952381,-1.8,0.2,21.3
5.88,0.09035409,-1.8,0.2,21.3
5.88,0.0952381,-1.8,0.2,21.3
5.88,0.0952381,-1.8,0.2,21.3
5.88,0.0952381,-1.8,0.2,21.3
5.88,0.1001221,-1.8,0.2,21.3
5.88,0.0952381,-1.8,0.2,21.3
5.88,0.1001221,-1.8,0.2,21.3
5.88,0.1001221,-1.8,0.2,21.3
5.88,0.1001221,-1.8,0.2,21.3
5.89,0.105006106,-1.8,0.2,21.3
5.89,0.105006106,-1.8,0.2,21.3
5.89,0.105006106,-1.8,0.2,21.3
5.89,0.105006106,-1.8,0.2,21.3
5.89,0.1001221,-1.8,0.2,21.3
5.89,0.105006106,-1.8,0.2,21.3
5.89,0.105006106,-1.8,0.2,21.3
5.89,0.10989011,-1.8,0.2,21.3
5.89,0.10989011,-1.8,0.2,21.3
5.9,0.105006106,-1.8,0.2,21.3
5.9,0.105006106,-1.8,0.2,21.3
5.9,0.10989011,-1.8,0.2,21.3
5.9,0.10989011,-1.9000000000000001,0.2,21.400000000000002
5.9,0.114774115,-1.9000000000000001,0.2,21.400000000000002
5.9,0.10989011,-1.9000000000000001,0.2,21.400000000000002
5.9,0.10989011,-1.9000000000000001,0.2,21.400000000000002
5.9,0.10989011,-1.9000000000000001,0.2,21.400000000000002
5.9,0.10989011,-1.9000000000000001,0.2,21.400000000000002
5.9,0.10989011,-1.9000000000000001,0.2,21.400000000000002
5.9,0.10989011,-1.9000000000000001,0.2,21.400000000000002
5.91,0.114774115,-1.9000000000000001,0.2,21.400000000000002
5.91,0.10989011,-1.9000000000000001,0.2,21.400000000000002
5.91,0.105006106,-1.9000000000000001,0.2,21.400000000000002
5.91,0.105006106,-1.9000000000000001,0.2,21.400000000000002
5.91,0.10989011,-1.9000000000000001,0.2,21.400000000000002
5.91,0.105006106,-1.9000000000000001,0.2,21.5
5.91,0.10989011,-1.9000000000000001,0.2,21.5
5.91,0.105006106,-1.9000000000000001,0.2,21.5
5.91,0.105006106,-1.9000000000000001,0.2,21.5
5.92,0.105006106,-1.9000000000000001,0.2,21.5
5.92,0.105006106,-1.9000000000000001,0.2,21.5
5.92,0.1001221,-1.9000000000000001,0.2,21.5
5.92,0.105006106,-1.9000000000000001,0.2,21.5
5.92,0.1001221,-1.9000000000000001,0.2,21.5
5.92,0.0952381,-1.9000000000000001,0.2,21.5
5.92,0.0952381,-1.9000000000000001,0.2,21.5
5.92,0.0952381,-1.9000000000000001,0.2,21.5
5.92,0.0952381,-1.9000000000000001,0.2,21.5
5.93,0.1001221,-1.9000000000000001,0.2,21.5
5.93,0.0952381,-1.9000000000000001,0.2,21.5
5.93,0.0952381,-1.9000000000000001,0.2,21.5
5.93,0.09035409,-1.9000000000000001,0.2,21.5
5.93,0.09035409,-1.9000000000000001,0.2,21.5
5.93,0.09035409,-1.9000000000000001,0.2,21.5
5.93,0.08547009,-1.9000000000000001,0.2,21.5
5.93,0.08547009,-1.9000000000000001,0.2,21.5
5.93,0.09035409,-1.9000000000000001,0.2,21.5
5.94,0.08058608,-1.9000000000000001,0.2,21.5
5.94,0.08547009,-1.9000000000000001,0.2,21.5
5.94,0.08058608,-1.8,0.2,21.5
5.94,0.08058608,-1.8,0.2,21.5
5.94,0.08058608,-1.8,0.2,21.5
5.94,0.08547009,-1.8,0.2,21.5
5.94,0.08547009,-1.8,0.2,21.5
5.94,0.08547009,-1.8,0.2,21.5
5.94,0.08058608,-1.8,0.2,21.5
5.95,0.08547009,-1.8,0.2,21.5
5.95,0.08547009,-1.8,0.2,21.5
5.95,0.09035409,-1.8,0.2,21.5
5.95,0.09035409,-1.8,0.2,21.5
5.95,0.0952381,-1.8,0.2,21.5
5.95,0.09035409,-1.8,0.2,21.5
5.95,0.0952381,-1.8,0.2,21.5
5.95,0.1001221,-1.8,0.2,21.5
5.95,0.1001221,-1.8,0.2,21.5
5.95,0.105006106,-1.8,0.2,21.5
5.96,0.10989011,-1.8,0.2,21.5
5.96,0.114774115,-1.8,0.2,21.5
5.96,0.114774115,-1.8,0.2,21.5
5.96,0.124542125,-1.8,0.2,21.5
5.96,0.12942614,-1.8,0.2,21.5
5.96,0.13431014,-1.8,0.2,21.5
5.96,0.13919415,-1.8,0.2,21.5
5.96,0.14896215,-1.8,0.2,21.5
5.97,0.14896215,-1.8,0.2,21.5
5.97,0.15384616,-1.8,0.2,21.5
5.97,0.15384616,-1.8,0.2,21.5
5.97,0.15873016,-1.8,0.2,21.5
5.97,0.16849817,-1.8,0.2,21.5
5.97,0.16849817,-1.8,0.2,21.5
5.97,0.16361417,-1.8,0.2,21.5
5.97,0.16361417,-1.8,0.2,21.5
5.98,0.16361417,-1.8,0.2,21.5
5.98,0.16849817,-1.8,0.2,21.5
5.98,0.16849817,-1.8,0.2,21.5
5.98,0.16849817,-1.8,0.2,21.5
5.98,0.15873016,-1.8,0.2,21.5
5.98,0.16361417,-1.8,0.2,21.5
5.98,0.16361417,-1.8,0.2,21.5
5.99,0.14896215,-1.8,0.2,21.5
5.99,0.14407815,-1.8,0.2,21.5
5.99,0.14896215,-1.8,0.2,21.5
5.99,0.14407815,-1.8,0.2,21.5
5.99,0.13919415,-1.8,0.2,21.5
5.99,0.13431014,-1.8,0.2,21.5
5.99,0.12942614,-1.8,0.2,21.5
5.99,0.11965812,-1.8,0.2,21.5
6.0,0.114774115,-1.8,0.2,21.5
6.0,0.114774115,-1.8,0.2,21.5
6.0,0.10989011,-1.8,0.2,21.5
6.0,0.105006106,-1.8,0.2,21.5
6.0,0.105006106,-1.8,0.2,21.5
6.0,0.1001221,-1.8,0.2,21.5
6.0,0.1001221,-1.8,0.2,21.6
6.0,0.08547009,-1.8,0.2,21.6
6.0,0.09035409,-1.8,0.2,21.6
6.01,0.08547009,-1.8,0.2,21.6
6.01,0.08058608,-1.8,0.2,21.6
6.01,0.08058608,-1.8,0.2,21.6
6.01,0.08058608,-1.8,0.2,21.6
6.01,0.070818074,-1.8,0.2,21.6
6.01,0.070818074,-1.8,0.2,21.6
6.01,0.070818074,-1.8,0.2,21.6
6.02,0.070818074,-1.8,0.2,21.5
6.02,0.070818074,-1.8,0.2,21.5
6.02,0.070818074,-1.8,0.2,21.5
6.02,0.070818074,-1.8,0.2,21.5
6.02,0.07570208,-1.8,0.2,21.5
6.02,0.070818074,-1.8,0.2,21.5
6.02,0.07570208,-1.8,0.2,21.5
6.03,0.07570208,-1.8,0.2,21.5
6.03,0.08058608,-1.8,0.2,21.5
6.03,0.07570208,-1.9000000000000001,0.2,21.6
6.03,0.08058608,-1.9000000000000001,0.2,21.6
6.03,0.08547009,-1.9000000000000001,0.2,21.6
6.03,0.08547009,-1.9000000000000001,0.2,21.6
6.03,0.09035409,-1.9000000000000001,0.2,21.6
6.04,0.0952381,-1.9000000000000001,0.2,21.6
6.04,0.1001221,-1.9000000000000001,0.2,21.6
6.04,0.105006106,-1.9000000000000001,0.2,21.6
6.04,0.10989011,-1.9000000000000001,0.2,21.6
6.04,0.10989011,-1.9000000000000001,0.2,21.6
6.04,0.11965812,-1.9000000000000001,0.2,21.6
6.05,0.124542125,-1.9000000000000001,0.2,21.6
6.05,0.12942614,-1.9000000000000001,0.2,21.6
6.05,0.12942614,-1.9000000000000001,0.2,21.6
6.05,0.12942614,-1.9000000000000001,0.2,21.6
6.05,0.13431014,-1.9000000000000001,0.2,21.6
6.05,0.14407815,-1.9000000000000001,0.2,21.6
6.05,0.14407815,-1.9000000000000001,0.2,21.6
6.06,0.14896215,-1.9000000000000001,0.2,21.6
6.06,0.15384616,-1.9000000000000001,0.2,21.6
6.06,0.15873016,-1.9000000000000001,0.2,21.6
6.06,0.15873016,-1.9000000000000001,0.2,21.6
6.06,0.16849817,-1.9000000000000001,0.2,21.6
6.06,0.16849817,-1.9000000000000001,0.2,21.6
6.06,0.16849817,-1.9000000000000001,0.2,21.6
6.07,0.16849817,-1.9000000000000001,0.2,21.6
6.07,0.17338218,-1.9000000000000001,0.2,21.700000000000003
6.07,0.17338218,-1.9000000000000001,0.2,21.700000000000003
6.07,0.17338218,-1.9000000000000001,0.2,21.700000000000003
6.07,0.17338218,-1.9000000000000001,0.2,21.700000000000003
6.07,0.17338218,-1.9000000000000001,0.2,21.700000000000003
6.07,0.17826618,-1.9000000000000001,0.2,21.700000000000003
6.08,0.17826618,-1.9000000000000001,0.2,21.700000000000003
6.08,0.18315019,-1.9000000000000001,0.2,21.700000000000003
6.08,0.17826618,-1.9000000000000001,0.2,21.700000000000003
6.08,0.17826618,-1.9000000000000001,0.2,21.700000000000003
6.08,0.18315019,-1.9000000000000001,0.2,21.700000000000003
6.08,0.17826618,-1.9000000000000001,0.2,21.700000000000003
6.08,0.18315019,-1.9000000000000001,0.2,21.700000000000003
6.09,0.17826618,-1.9000000000000001,0.2,21.700000000000003
6.09,0.18315019,-1.9000000000000001,0.2,21.700000000000003
6.09,0.18315019,-1.9000000000000001,0.2,21.700000000000003
6.09,0.17826618,-1.9000000000000001,0.2,21.700000000000003
6.09,0.17826618,-1.9000000000000001,0.2,21.700000000000003
6.09,0.17826618,-1.9000000000000001,0.2,21.8
6.09,0.17826618,-1.9000000000000001,0.2,21.8
6.09,0.17826618,-1.9000000000000001,0.2,21.8
6.1,0.17338218,-1.9000000000000001,0.2,21.8
6.1,0.17826618,-1.9000000000000001,0.2,21.8
6.1,0.17826618,-1.9000000000000001,0.2,21.8
6.1,0.17826618,-1.9000000000000001,0.2,21.8
6.1,0.17826618,-1.9000000000000001,0.2,21.8
6.1,0.17826618,-1.9000000000000001,0.2,21.8
6.1,0.18315019,-1.9000000000000001,0.2,21.8
6.11,0.17338218,-1.9000000000000001,0.2,21.8
6.11,0.17826618,-1.9000000000000001,0.2,21.8
6.11,0.17826618,-1.9000000000000001,0.2,21.8
6.11,0.16849817,-1.9000000000000001,0.2,21.8
6.11,0.16849817,-1.9000000000000001,0.2,21.8
6.11,0.15873016,-1.9000000000000001,0.2,21.8
6.11,0.15873016,-1.9000000000000001,0.2,21.8
6.11,0.15873016,-1.9000000000000001,0.2,21.8
6.12,0.14407815,-1.9000000000000001,0.2,21.8
6.12,0.14407815,-1.9000000000000001,0.2,21.8
6.12,0.12942614,-1.9000000000000001,0.2,21.8
6.12,0.124542125,-1.9000000000000001,0.2,21.900000000000002
6.12,0.10989011,-1.9000000000000001,0.2,21.900000000000002
6.12,0.1001221,-1.9000000000000001,0.2,21.900000000000002
6.12,0.09035409,-1.9000000000000001,0.2,21.900000000000002
6.12,0.08547009,-1.9000000000000001,0.2,21.900000000000002
6.13,0.070818074,-1.9000000000000001,0.2,21.900000000000002
6.13,0.06593407,-1.9000000000000001,0.2,21.900000000000002
6.13,0.06105006,-1.9000000000000001,0.2,21.900000000000002
6.13,0.051282052,-1.9000000000000001,0.2,21.900000000000002
6.13,0.041514043,-1.9000000000000001,0.2,21.900000000000002
6.13,0.031746034,-1.9000000000000001,0.1,21.900000000000002
6.13,0.031746034,-1.9000000000000001,0.1,21.900000000000002
6.14,0.03663004,-1.9000000000000001,0.1,21.900000000000002
6.14,0.026862027,-1.9000000000000001,0.1,21.900000000000002
6.14,0.031746034,-1.9000000000000001,0.1,21.900000000000002
6.14,0.031746034,-1.9000000000000001,0.1,21.900000000000002
6.14,0.026862027,-1.9000000000000001,0.1,21.900000000000002
6.14,0.031746034,-1.9000000000000001,0.1,21.900000000000002
6.14,0.031746034,-1.9000000000000001,0.1,21.900000000000002
6.14,0.031746034,-1.9000000000000001,0.1,21.900000000000002
6.15,0.03663004,-1.9000000000000001,0.2,22.0
6.15,0.041514043,-1.9000000000000001,0.2,22.0
6.15,0.041514043,-1.9000000000000001,0.2,22.0
6.15,0.041514043,-1.9000000000000001,0.2,22.0
6.15,0.046398047,-1.9000000000000001,0.2,22.0
6.15,0.051282052,-1.9000000000000001,0.2,22.0
6.15,0.051282052,-1.9000000000000001,0.2,22.0
6.15,0.056166057,-1.9000000000000001,0.2,22.0
6.16,0.070818074,-1.9000000000000001,0.2,22.0
6.16,0.08058608,-1.9000000000000001,0.2,22.0
6.16,0.09035409,-1.9000000000000001,0.2,22.0
6.16,0.0952381,-1.9000000000000001,0.2,22.0
6.16,0.105006106,-1.9000000000000001,0.2,22.0
6.16,0.114774115,-1.9000000000000001,0.2,22.0
6.16,0.114774115,-1.9000000000000001,0.2,22.0
6.17,0.124542125,-1.9000000000000001,0.2,22.0
6.17,0.13431014,-1.9000000000000001,0.2,22.0
6.17,0.13919415,-1.9000000000000001,0.2,22.0
6.17,0.13919415,-1.9000000000000001,0.2,22.0
6.17,0.14896215,-1.9000000000000001,0.2,22.0
6.17,0.15384616,-1.9000000000000001,0.2,22.0
6.17,0.16361417,-1.9000000000000001,0.2,22.0
6.17,0.16361417,-1.9000000000000001,0.2,22.0
6.18,0.16361417,-1.9000000000000001,0.2,22.0
6.18,0.17338218,-1.9000000000000001,0.2,22.0
6.18,0.17338218,-1.9000000000000001,0.2,22.0
6.18,0.17826618,-1.9000000000000001,0.2,22.0
6.18,0.18315019,-1.9000000000000001,0.2,22.0
6.18,0.18315019,-1.9000000000000001,0.2,22.0
6.18,0.18803419,-1.9000000000000001,0.2,22.0
6.18,0.1929182,-1.9000000000000001,0.2,22.0
6.18,0.1929182,-1.9000000000000001,0.2,22.0
6.18,0.2026862,-1.9000000000000001,0.2,22.0
6.19,0.1978022,-1.9000000000000001,0.2,22.0
6.19,0.2026862,-1.9000000000000001,0.2,22.0
6.19,0.20757021,-1.9000000000000001,0.2,22.0
6.19,0.2026862,-1.9000000000000001,0.2,22.0
6.19,0.2026862,-1.9000000000000001,0.2,22.0
6.19,0.20757021,-1.9000000000000001,0.2,22.0
6.19,0.2026862,-1.9000000000000001,0.2,22.0
6.19,0.2026862,-1.9000000000000001,0.2,22.0
6.19,0.2026862,-1.9000000000000001,0.2,22.0
6.2,0.2026862,-1.9000000000000001,0.2,22.0
6.2,0.2026862,-1.9000000000000001,0.2,22.0
6.2,0.2026862,-1.9000000000000001,0.2,22.0
6.2,0.2026862,-1.9000000000000001,0.2,22.0
6.2,0.2026862,-1.9000000000000001,0.2,22.0
6.2,0.2026862,-1.9000000000000001,0.2,22.0
6.2,0.1978022,-1.9000000000000001,0.2,22.0
6.2,0.2026862,-1.9000000000000001,0.2,22.0
6.2,0.1978022,-1.9000000000000001,0.2,22.0
6.21,0.1978022,-1.9000000000000001,0.2,22.0
6.21,0.1978022,-1.9000000000000001,0.2,22.0
6.21,0.1978022,-1.9000000000000001,0.2,22.0
6.21,0.1929182,-1.9000000000000001,0.2,22.0
6.21,0.1929182,-1.9000000000000001,0.2,22.0
6.21,0.1978022,-1.9000000000000001,0.1,22.0
6.21,0.1978022,-1.9000000000000001,0.1,22.0
6.21,0.1929182,-1.9000000000000001,0.1,22.0
6.21,0.1978022,-1.9000000000000001,0.1,22.0
6.21,0.1978022,-1.9000000000000001,0.1,22.0
6.22,0.18803419,-1.9000000000000001,0.1,22.0
6.22,0.1929182,-1.9000000000000001,0.1,22.0
6.22,0.1929182,-1.9000000000000001,0.1,22.0
6.22,0.1929182,-1.9000000000000001,0.1,22.0
6.22,0.1929182,-1.9000000000000001,0.1,22.0
6.22,0.18803419,-1.9000000000000001,0.1,22.0
6.22,0.18803419,-1.9000000000000001,0.1,22.0
6.22,0.18803419,-1.9000000000000001,0.1,22.0
6.22,0.18315019,-1.9000000000000001,0.1,22.0
6.23,0.18315019,-1.9000000000000001,0.1,22.0
6.23,0.17826618,-1.9000000000000001,0.1,22.0
6.23,0.17338218,-1.9000000000000001,0.1,22.0
6.23,0.16361417,-1.9000000000000001,0.1,22.0
6.23,0.16361417,-1.9000000000000001,0.1,22.0
6.23,0.15384616,-1.9000000000000001,0.1,22.0
6.23,0.14407815,-1.9000000000000001,0.1,22.0
6.23,0.12942614,-1.9000000000000001,0.1,22.0
6.23,0.124542125,-1.9000000000000001,0.1,22.0
6.24,0.11965812,-1.9000000000000001,0.1,22.0
6.24,0.10989011,-1.9000000000000001,0.1,22.1
6.24,0.1001221,-1.9000000000000001,0.1,22.1
6.24,0.08547009,-1.9000000000000001,0.1,22.1
6.24,0.06593407,-1.9000000000000001,0.1,22.1
6.24,0.056166057,-1.9000000000000001,0.1,22.1
6.24,0.056166057,-1.9000000000000001,0.1,22.1
6.24,0.046398047,-1.9000000000000001,0.1,22.1
6.24,0.041514043,-1.9000000000000001,0.1,22.1
6.24,0.03663004,-1.9000000000000001,0.1,22.1
6.25,0.031746034,-1.9000000000000001,0.1,22.1
6.25,0.026862027,-1.9000000000000001,0.1,22.1
6.25,0.021978023,-1.9000000000000001,0.1,22.1
6.25,0.017094018,-1.9000000000000001,0.1,22.1
6.25,0.021978023,-1.9000000000000001,0.1,22.1
6.25,0.021978023,-1.9000000000000001,0.1,22.1
6.25,0.017094018,-1.9000000000000001,0.1,22.1
6.26,0.017094018,-1.9000000000000001,0.1,22.1
6.26,0.021978023,-1.9000000000000001,0.1,22.1
6.26,0.021978023,-1.9000000000000001,0.1,22.1
6.26,0.021978023,-1.9000000000000001,0.1,22.1
6.26,0.021978023,-1.9000000000000001,0.1,22.1
6.26,0.021978023,-1.9000000000000001,0.1,22.1
6.26,0.021978023,-1.9000000000000001,0.1,22.1
6.26,0.031746034,-1.9000000000000001,0.1,22.0
6.26,0.031746034,-1.9000000000000001,0.1,22.0
6.26,0.031746034,-1.9000000000000001,0.1,22.0
6.27,0.03663004,-1.9000000000000001,0.1,22.0
6.27,0.041514043,-1.9000000000000001,0.1,22.0
6.27,0.041514043,-1.9000000000000001,0.1,22.0
6.27,0.046398047,-1.9000000000000001,0.1,22.0
6.27,0.051282052,-1.9000000000000001,0.1,22.0
6.27,0.051282052,-1.9000000000000001,0.1,22.0
6.27,0.056166057,-1.9000000000000001,0.1,22.0
6.27,0.070818074,-1.9000000000000001,0.1,22.0
6.28,0.08058608,-1.9000000000000001,0.1,22.0
6.28,0.09035409,-1.9000000000000001,0.1,22.0
6.28,0.0952381,-1.9000000000000001,0.1,22.0
6.28,0.105006106,-1.9000000000000001,0.1,22.0
6.28,0.10989011,-1.9000000000000001,0.1,22.0
6.28,0.10989011,-1.9000000000000001,0.1,22.0
6.28,0.11965812,-1.9000000000000001,0.1,22.0
6.28,0.12942614,-1.9000000000000001,0.1,22.0
6.28,0.13431014,-1.9000000000000001,0.1,22.0
6.29,0.14896215,-1.9000000000000001,0.1,22.0
6.29,0.15384616,-1.9000000000000001,0.1,22.0
6.29,0.15873016,-1.9000000000000001,0.1,22.0
6.29,0.16361417,-1.9000000000000001,0.1,22.1
6.29,0.17338218,-1.9000000000000001,0.1,22.1
6.29,0.17826618,-1.9000000000000001,0.1,22.1
6.29,0.18315019,-1.9000000000000001,0.1,22.1
6.29,0.18315019,-1.9000000000000001,0.1,22.1
6.29,0.1929182,-1.9000000000000001,0.1,22.1
6.29,0.1978022,-1.9000000000000001,0.1,22.1
6.3,0.1978022,-1.9000000000000001,0.1,22.1
6.3,0.2026862,-1.9000000000000001,0.1,22.1
6.3,0.21245421,-1.9000000000000001,0.1,22.1
6.3,0.20757021,-1.9000000000000001,0.1,22.1
6.3,0.21245421,-1.9000000000000001,0.1,22.1
6.3,0.22222222,-1.9000000000000001,0.1,22.1
6.3,0.21733822,-1.9000000000000001,0.1,22.1
6.31,0.21245421,-1.9000000000000001,0.1,22.1
6.31,0.21733822,-1.9000000000000001,0.1,22.1
6.31,0.21733822,-1.9000000000000001,0.1,22.1
6.31,0.21245421,-1.9000000000000001,0.1,22.1
6.31,0.21245421,-1.9000000000000001,0.1,22.1
6.31,0.21733822,-1.9000000000000001,0.1,22.1
6.31,0.21733822,-1.9000000000000001,0.1,22.1
6.31,0.21245421,-1.9000000000000001,0.1,22.1
6.31,0.20757021,-1.9000000000000001,0.1,22.1
6.31,0.2026862,-1.9000000000000001,0.1,22.1
6.32,0.2026862,-1.9000000000000001,0.1,22.1
6.32,0.2026862,-1.9000000000000001,0.1,22.1
6.32,0.1978022,-1.9000000000000001,0.1,22.1
6.32,0.18803419,-1.9000000000000001,0.1,22.1
6.32,0.18803419,-1.9000000000000001,0.1,22.1
6.32,0.18315019,-1.9000000000000001,0.1,22.1
6.32,0.18315019,-1.9000000000000001,0.1,22.1
6.32,0.18315019,-1.9000000000000001,0.1,22.1
6.32,0.17338218,-1.9000000000000001,0.1,22.1
6.33,0.16849817,-1.9000000000000001,0.1,22.1
6.33,0.16849817,-1.9000000000000001,0.1,22.200000000000003
6.33,0.15873016,-1.9000000000000001,0.1,22.200000000000003
6.33,0.15384616,-1.9000000000000001,0.1,22.200000000000003
6.33,0.14407815,-1.9000000000000001,0.1,22.200000000000003
6.33,0.13919415,-1.9000000000000001,0.1,22.200000000000003
6.33,0.13919415,-1.9000000000000001,0.1,22.200000000000003
6.34,0.13431014,-1.9000000000000001,0.1,22.200000000000003
6.34,0.12942614,-1.9000000000000001,0.1,22.200000000000003
6.34,0.124542125,-1.9000000000000001,0.1,22.200000000000003
6.34,0.11965812,-1.9000000000000001,0.1,22.200000000000003
6.34,0.11965812,-1.9000000000000001,0.1,22.200000000000003
6.34,0.114774115,-1.9000000000000001,0.1,22.200000000000003
6.34,0.1001221,-1.9000000000000001,0.1,22.200000000000003
6.35,0.1001221,-1.9000000000000001,0.1,22.200000000000003
6.35,0.1001221,-1.9000000000000001,0.1,22.200000000000003
6.35,0.1001221,-1.9000000000000001,0.1,22.200000000000003
6.35,0.0952381,-1.9000000000000001,0.1,22.200000000000003
6.35,0.0952381,-1.9000000000000001,0.1,22.200000000000003
6.35,0.09035409,-1.9000000000000001,0.1,22.200000000000003
6.35,0.08547009,-1.9000000000000001,0.1,22.1
6.35,0.08547009,-1.9000000000000001,0.1,22.1
6.36,0.08058608,-1.9000000000000001,0.1,22.1
6.36,0.08547009,-1.9000000000000001,0.1,22.1
6.36,0.07570208,-1.9000000000000001,0.1,22.1
6.36,0.08058608,-1.9000000000000001,0.1,22.1
6.36,0.07570208,-1.9000000000000001,0.1,22.1
6.36,0.08058608,-1.9000000000000001,0.1,22.1
6.36,0.08547009,-1.9000000000000001,0.1,22.1
6.37,0.08058608,-1.9000000000000001,0.1,22.1
6.37,0.08058608,-1.9000000000000001,0.1,22.1
6.37,0.08547009,-1.9000000000000001,0.1,22.1
6.37,0.09035409,-1.9000000000000001,0.1,22.1
6.37,0.09035409,-1.9000000000000001,0.1,22.1
6.37,0.09035409,-1.9000000000000001,0.1,22.1
6.37,0.0952381,-1.9000000000000001,0.1,22.1
6.37,0.0952381,-1.9000000000000001,0.1,22.1
6.37,0.0952381,-1.9000000000000001,0.1,22.1
6.37,0.0952381,-1.9000000000000001,0.1,22.1
6.38,0.1001221,-1.9000000000000001,0.1,22.1
6.38,0.105006106,-1.9000000000000001,0.1,22.1
6.38,0.10989011,-1.9000000000000001,0.1,22.1
6.38,0.10989011,-1.9000000000000001,0.1,22.1
6.38,0.10989011,-1.9000000000000001,0.1,22.1
6.38,0.10989011,-1.9000000000000001,0.1,22.1
6.38,0.11965812,-1.9000000000000001,0.1,22.1
6.38,0.11965812,-1.9000000000000001,0.1,22.1
6.38,0.124542125,-1.9000000000000001,0.1,22.1
6.38,0.12942614,-1.9000000000000001,0.1,22.1
6.39,0.12942614,-1.9000000000000001,0.1,22.1
6.39,0.13431014,-1.9000000000000001,0.1,22.1
6.39,0.13431014,-1.9000000000000001,0.1,22.1
6.39,0.13919415,-1.9000000000000001,0.1,22.1
6.39,0.13919415,-1.9000000000000001,0.1,22.1
6.39,0.13919415,-1.9000000000000001,0.1,22.1
6.39,0.14407815,-1.9000000000000001,0.2,22.1
6.39,0.14407815,-1.9000000000000001,0.2,22.1
6.4,0.14896215,-1.9000000000000001,0.2,22.1
6.4,0.14896215,-1.9000000000000001,0.2,22.1
6.4,0.14896215,-1.9000000000000001,0.2,22.1
6.4,0.15384616,-1.9000000000000001,0.2,22.1
6.4,0.15384616,-1.9000000000000001,0.2,22.1
6.4,0.15873016,-1.9000000000000001,0.2,22.1
6.4,0.15873016,-1.9000000000000001,0.2,22.1
6.4,0.16361417,-1.9000000000000001,0.2,22.1
6.4,0.15873016,-1.9000000000000001,0.2,22.1
6.4,0.16361417,-1.9000000000000001,0.2,22.1
6.41,0.16361417,-1.9000000000000001,0.2,22.1
6.41,0.16849817,-1.9000000000000001,0.2,22.1
6.41,0.16849817,-1.9000000000000001,0.2,22.1
6.41,0.16849817,-1.9000000000000001,0.2,22.1
6.41,0.16849817,-1.9000000000000001,0.2,22.1
6.41,0.17338218,-1.9000000000000001,0.2,22.1
6.41,0.16849817,-1.9000000000000001,0.2,22.1
6.41,0.16849817,-1.9000000000000001,0.2,22.1
6.41,0.17338218,-1.9000000000000001,0.2,22.1
6.41,0.17338218,-1.9000000000000001,0.2,22.1
6.42,0.17338218,-1.9000000000000001,0.2,22.1
6.42,0.16849817,-1.9000000000000001,0.2,22.1
6.42,0.17338218,-1.9000000000000001,0.2,22.1
6.42,0.17338218,-1.9000000000000001,0.2,22.1
6.42,0.17338218,-1.9000000000000001,0.2,22.1
6.42,0.16849817,-1.9000000000000001,0.2,22.1
6.42,0.16849817,-1.9000000000000001,0.2,22.1
6.42,0.16849817,-1.9000000000000001,0.2,22.1
6.43,0.16849817,-1.9000000000000001,0.2,22.1
6.43,0.16361417,-1.9000000000000001,0.2,22.1
6.43,0.16361417,-1.9000000000000001,0.2,22.1
6.43,0.15873016,-1.9000000000000001,0.2,22.1
6.43,0.15873016,-2.0,0.2,22.1
6.43,0.15873016,-2.0,0.2,22.1
6.43,0.15384616,-2.0,0.2,22.1
6.44,0.14896215,-2.0,0.2,22.1
6.44,0.14896215,-2.0,0.2,22.1
6.44,0.14407815,-2.0,0.2,22.1
6.44,0.13919415,-2.0,0.2,22.1
6.44,0.13431014,-2.0,0.2,22.1
6.45,0.124542125,-2.0,0.2,22.200000000000003
6.45,0.124542125,-2.0,0.2,22.200000000000003
6.45,0.11965812,-2.0,0.2,22.200000000000003
6.45,0.11965812,-2.0,0.2,22.200000000000003
6.45,0.114774115,-2.0,0.2,22.200000000000003
6.45,0.11965812,-2.0,0.2,22.200000000000003
6.46,0.10989011,-2.0,0.2,22.200000000000003
6.46,0.114774115,-2.0,0.1,22.200000000000003
6.46,0.10989011,-2.0,0.1,22.200000000000003
6.46,0.114774115,-2.0,0.1,22.200000000000003
6.46,0.114774115,-2.0,0.1,22.200000000000003
6.46,0.114774115,-2.0,0.1,22.200000000000003
6.47,0.114774115,-2.0,0.1,22.200000000000003
6.47,0.10989011,-2.0,0.1,22.200000000000003
6.47,0.10989011,-2.0,0.1,22.200000000000003
6.47,0.114774115,-2.0,0.2,22.200000000000003
6.47,0.114774115,-2.0,0.2,22.200000000000003
6.48,0.114774115,-2.0,0.2,22.200000000000003
6.48,0.114774115,-2.0,0.2,22.200000000000003
6.48,0.11965812,-2.0,0.2,22.200000000000003
6.48,0.114774115,-2.0,0.2,22.200000000000003
6.48,0.11965812,-2.0,0.2,22.200000000000003
6.48,0.11965812,-2.0,0.1,22.200000000000003
6.48,0.11965812,-2.0,0.1,22.200000000000003
6.49,0.11965812,-2.0,0.1,22.200000000000003
6.49,0.11965812,-2.0,0.1,22.200000000000003
6.49,0.124542125,-2.0,0.1,22.200000000000003
6.49,0.124542125,-2.0,0.1,22.200000000000003
6.49,0.12942614,-2.0,0.1,22.200000000000003
6.5,0.12942614,-2.0,0.1,22.200000000000003
6.5,0.13431014,-2.0,0.1,22.3
6.5,0.13431014,-2.0,0.1,22.3
6.5,0.13431014,-2.0,0.1,22.3
6.5,0.12942614,-2.0,0.1,22.3
6.5,0.13919415,-2.0,0.1,22.3
6.5,0.13431014,-2.0,0.1,22.3
6.51,0.13431014,-2.0,0.1,22.3
6.51,0.13919415,-2.0,0.1,22.3
6.51,0.14407815,-2.0,0.2,22.200000000000003
6.51,0.14407815,-2.0,0.2,22.200000000000003
6.51,0.14407815,-2.0,0.2,22.200000000000003
6.51,0.14407815,-2.0,0.2,22.200000000000003
6.51,0.14407815,-2.0,0.2,22.200000000000003
6.52,0.14407815,-2.0,0.2,22.200000000000003
6.52,0.14407815,-2.0,0.2,22.200000000000003
6.52,0.14407815,-2.0,0.2,22.200000000000003
6.52,0.14407815,-2.0,0.2,22.200000000000003
6.52,0.14407815,-2.0,0.2,22.200000000000003
6.52,0.14896215,-2.0,0.2,22.3
6.52,0.14407815,-2.0,0.2,22.3
6.53,0.14407815,-2.0,0.2,22.3
6.53,0.13919415,-2.0,0.2,22.3
6.53,0.14407815,-2.0,0.2,22.3
6.53,0.14407815,-2.0,0.2,22.3
6.53,0.14896215,-2.0,0.2,22.3
6.53,0.15384616,-2.0,0.2,22.3
6.53,0.13919415,-2.0,0.2,22.3
6.53,0.14407815,-2.0,0.2,22.3
6.54,0.14407815,-2.0,0.1,22.200000000000003
6.54,0.13919415,-2.0,0.1,22.200000000000003
6.54,0.14407815,-2.0,0.1,22.200000000000003
6.54,0.13919415,-2.0,0.1,22.200000000000003
6.54,0.13919415,-2.0,0.1,22.200000000000003
6.54,0.14407815,-2.0,0.1,22.200000000000003
6.54,0.14407815,-2.0,0.1,22.200000000000003
6.54,0.14896215,-2.0,0.1,22.200000000000003
6.55,0.14407815,-2.0,0.1,22.200000000000003
6.55,0.14896215,-2.0,0.1,22.200000000000003
6.55,0.14407815,-2.0,0.1,22.3
6.55,0.15384616,-2.0,0.1,22.3
6.55,0.14407815,-2.0,0.1,22.3
6.55,0.15384616,-2.0,0.1,22.3
6.55,0.14407815,-2.0,0.1,22.3
6.56,0.14896215,-2.0,0.1,22.3
6.56,0.15384616,-2.0,0.1,22.3
6.56,0.15384616,-2.0,0.1,22.3
6.56,0.15384616,-2.0,0.1,22.3
6.56,0.14896215,-2.0,0.2,22.3
6.56,0.15384616,-2.0,0.2,22.3
6.57,0.15384616,-2.0,0.2,22.3
6.57,0.15384616,-2.0,0.2,22.3
6.57,0.15873016,-2.0,0.2,22.3
6.57,0.15384616,-2.0,0.2,22.3
6.57,0.15384616,-2.0,0.2,22.3
6.57,0.14896215,-2.0,0.2,22.3
6.57,0.15384616,-2.0,0.1,22.400000000000002
6.58,0.14407815,-2.0,0.1,22.400000000000002
6.58,0.14896215,-2.0,0.1,22.400000000000002
6.58,0.14896215,-2.0,0.1,22.400000000000002
6.58,0.14407815,-2.0,0.1,22.400000000000002
6.58,0.14896215,-2.0,0.1,22.400000000000002
6.58,0.14407815,-2.0,0.1,22.400000000000002
6.58,0.14896215,-2.0,0.1,22.400000000000002
6.58,0.14896215,-2.0,0.1,22.400000000000002
6.59,0.14407815,-2.0,0.1,22.400000000000002
6.59,0.14407815,-2.0,0.1,22.5
6.59,0.14407815,-2.0,0.1,22.5
6.59,0.14407815,-2.0,0.1,22.5
6.59,0.14407815,-2.0,0.1,22.5
6.59,0.14407815,-2.0,0.1,22.5
6.59,0.13919415,-2.0,0.1,22.5
6.59,0.14407815,-2.0,0.1,22.5
6.6,0.13919415,-2.0,0.1,22.5
6.6,0.14407815,-2.0,0.1,22.5
6.6,0.14407815,-2.0,0.1,22.5
6.6,0.14407815,-2.0,0.1,22.5
6.6,0.13919415,-2.0,0.2,22.5
6.6,0.13919415,-2.0,0.2,22.5
6.6,0.13919415,-2.0,0.2,22.5
6.6,0.14407815,-2.0,0.2,22.5
6.61,0.13431014,-2.0,0.2,22.5
6.61,0.13431014,-2.0,0.2,22.5
6.61,0.13431014,-2.0,0.2,22.5
6.61,0.13431014,-2.0,0.2,22.5
6.61,0.12942614,-2.0,0.2,22.5
6.61,0.12942614,-2.0,0.2,22.400000000000002
6.62,0.12942614,-2.0,0.2,22.400000000000002
6.62,0.124542125,-2.0,0.2,22.400000000000002
6.62,0.11965812,-2.0,0.2,22.400000000000002
6.62,0.11965812,-2.0,0.2,22.400000000000002
6.62,0.114774115,-2.0,0.2,22.400000000000002
6.62,0.114774115,-2.0,0.2,22.400000000000002
6.62,0.11965812,-2.0,0.2,22.400000000000002
6.62,0.10989011,-2.0,0.2,22.400000000000002
6.63,0.10989011,-2.0,0.2,22.400000000000002
6.63,0.10989011,-2.0,0.2,22.5
6.63,0.1001221,-2.0,0.2,22.5
6.63,0.1001221,-2.0,0.2,22.5
6.63,0.1001221,-2.0,0.2,22.5
6.63,0.0952381,-2.0,0.2,22.5
6.63,0.1001221,-2.0,0.2,22.5
6.63,0.09035409,-2.0,0.2,22.5
6.64,0.09035409,-2.0,0.2,22.5
6.64,0.0952381,-2.0,0.2,22.5
6.64,0.09035409,-2.0,0.2,22.5
6.64,0.08547009,-2.0,0.1,22.400000000000002
6.64,0.09035409,-2.0,0.1,22.400000000000002
6.64,0.08547009,-2.0,0.1,22.400000000000002
6.64,0.08547009,-2.0,0.1,22.400000000000002
6.64,0.08547009,-2.0,0.1,22.400000000000002
6.65,0.08547009,-2.0,0.1,22.400000000000002
6.65,0.08547009,-2.0,0.1,22.400000000000002
6.65,0.08547009,-2.0,0.1,22.400000000000002
6.65,0.08547009,-2.0,0.1,22.400000000000002
6.65,0.08547009,-2.0,0.1,22.400000000000002
6.65,0.08547009,-2.0,0.2,22.400000000000002
6.65,0.09035409,-2.0,0.2,22.400000000000002
6.65,0.08547009,-2.0,0.2,22.400000000000002
6.66,0.08058608,-2.0,0.2,22.400000000000002
6.66,0.09035409,-2.0,0.2,22.400000000000002
6.66,0.09035409,-2.0,0.2,22.400000000000002
6.66,0.09035409,-2.0,0.2,22.400000000000002
6.66,0.08547009,-2.0,0.2,22.400000000000002
6.66,0.09035409,-2.0,0.2,22.400000000000002
6.66,0.0952381,-2.0,0.2,22.400000000000002
6.66,0.105006106,-2.0,0.2,22.400000000000002
6.67,0.1001221,-2.0,0.2,22.400000000000002
6.67,0.1001221,-2.0,0.2,22.400000000000002
6.67,0.09035409,-2.0,0.2,22.400000000000002
6.67,0.1001221,-2.0,0.2,22.400000000000002
6.67,0.105006106,-2.0,0.2,22.400000000000002
6.67,0.105006106,-2.0,0.2,22.400000000000002
6.67,0.10989011,-2.0,0.2,22.400000000000002
6.67,0.10989011,-2.0,0.2,22.400000000000002
6.68,0.105006106,-2.0,0.2,22.400000000000002
6.68,0.10989011,-2.0,0.2,22.400000000000002
6.68,0.10989011,-2.0,0.2,22.5
6.68,0.124542125,-2.0,0.2,22.5
6.68,0.114774115,-2.0,0.2,22.5
6.68,0.11965812,-2.0,0.2,22.5
6.68,0.11965812,-2.0,0.2,22.5
6.68,0.11965812,-2.0,0.2,22.5
6.69,0.12942614,-2.0,0.2,22.5
6.69,0.124542125,-2.0,0.2,22.5
6.69,0.12942614,-2.0,0.2,22.5
6.69,0.12942614,-2.0,0.2,22.5
6.69,0.12942614,-2.0,0.2,22.5
6.69,0.12942614,-2.0,0.2,22.5
6.69,0.13431014,-2.0,0.2,22.5
6.69,0.13431014,-2.0,0.2,22.5
6.7,0.13431014,-2.0,0.2,22.5
6.7,0.12942614,-2.0,0.2,22.5
6.7,0.13431014,-2.0,0.2,22.5
6.7,0.12942614,-2.0,0.2,22.5
6.7,0.13431014,-2.0,0.2,22.5
6.7,0.13431014,-2.0,0.2,22.5
6.7,0.12942614,-2.0,0.2,22.5
6.7,0.12942614,-2.0,0.2,22.400000000000002
6.71,0.12942614,-2.0,0.2,22.400000000000002
6.71,0.12942614,-2.0,0.2,22.400000000000002
6.71,0.12942614,-2.0,0.2,22.400000000000002
6.71,0.12942614,-2.0,0.2,22.400000000000002
6.71,0.11965812,-2.0,0.2,22.400000000000002
6.71,0.124542125,-2.0,0.2,22.400000000000002
6.71,0.124542125,-2.0,0.2,22.400000000000002
6.71,0.11965812,-2.0,0.2,22.400000000000002
6.71,0.114774115,-2.0,0.2,22.400000000000002
6.72,0.11965812,-2.0,0.2,22.400000000000002
6.72,0.114774115,-2.0,0.2,22.5
6.72,0.10989011,-2.0,0.2,22.5
6.72,0.10989011,-2.0,0.2,22.5
6.72,0.1001221,-2.0,0.2,22.5
6.72,0.105006106,-2.0,0.2,22.5
6.72,0.1001221,-2.0,0.2,22.5
6.73,0.1001221,-2.0,0.2,22.5
6.73,0.0952381,-2.0,0.2,22.5
6.73,0.1001221,-2.0,0.2,22.5
6.73,0.1001221,-2.0,0.2,22.5
6.73,0.1001221,-2.0,0.2,22.400000000000002
6.73,0.0952381,-2.0,0.2,22.400000000000002
6.73,0.1001221,-2.0,0.2,22.400000000000002
6.73,0.1001221,-2.0,0.2,22.400000000000002
6.74,0.1001221,-2.0,0.2,22.400000000000002
6.74,0.10989011,-2.0,0.2,22.400000000000002
6.74,0.114774115,-2.0,0.2,22.400000000000002
6.74,0.114774115,-2.0,0.2,22.400000000000002
6.74,0.11965812,-2.0,0.2,22.400000000000002
6.74,0.124542125,-2.0,0.2,22.3
6.74,0.13431014,-2.0,0.2,22.3
6.75,0.13431014,-2.0,0.2,22.3
6.75,0.13431014,-2.0,0.2,22.3
6.75,0.14407815,-2.0,0.2,22.3
6.75,0.14407815,-2.0,0.2,22.3
6.75,0.14407815,-2.0,0.2,22.3
6.75,0.14407815,-2.0,0.2,22.3
6.75,0.14896215,-2.0,0.2,22.3
6.76,0.14896215,-2.0,0.2,22.3
6.76,0.15384616,-2.0,0.2,22.3
6.76,0.14896215,-2.0,0.2,22.3
6.76,0.14896215,-2.0,0.2,22.3
6.76,0.14896215,-2.0,0.2,22.3
6.76,0.14407815,-2.0,0.2,22.3
6.76,0.14407815,-2.0,0.2,22.3
6.77,0.13919415,-2.0,0.2,22.3
6.77,0.12942614,-2.0,0.2,22.3
6.77,0.12942614,-2.0,0.2,22.3
6.77,0.12942614,-2.0,0.2,22.3
6.77,0.12942614,-2.0,0.2,22.3
6.77,0.11965812,-2.0,0.2,22.3
6.77,0.11965812,-2.0,0.2,22.3
6.77,0.11965812,-2.0,0.2,22.3
6.78,0.10989011,-2.0,0.2,22.3
6.78,0.114774115,-2.0,0.2,22.3
6.78,0.10989011,-2.0,0.2,22.3
6.78,0.1001221,-2.0,0.2,22.3
6.78,0.0952381,-2.0,0.2,22.3
6.78,0.0952381,-2.0,0.2,22.3
6.78,0.1001221,-2.0,0.2,22.3
6.8,0.0952381,-2.0,0.2,22.3
6.8,0.07570208,-2.0,0.2,22.400000000000002
6.8,0.070818074,1.7000000000000002,0.2,22.400000000000002
6.8,0.07570208,1.7000000000000002,0.2,22.400000000000002
6.8,0.07570208,1.7000000000000002,0.2,22.400000000000002
6.8,0.07570208,1.7000000000000002,0.2,22.400000000000002
6.8,0.07570208,-2.0,0.2,22.400000000000002
6.8,0.07570208,-2.0,0.2,22.400000000000002
6.81,0.070818074,-2.0,0.2,22.400000000000002
6.81,0.07570208,-2.0,0.2,22.400000000000002
6.81,0.07570208,-2.0,0.1,22.400000000000002
6.81,0.07570208,-2.0,0.1,22.400000000000002
6.81,0.07570208,-2.0,0.1,22.400000000000002
6.81,0.07570208,-2.0,0.1,22.400000000000002
6.81,0.07570208,-2.0,0.1,22.400000000000002
6.81,0.07570208,-2.0,0.1,22.400000000000002
6.81,0.08058608,-2.0,0.1,22.400000000000002
6.82,0.08547009,-2.0,0.1,22.400000000000002
6.82,0.09035409,-2.0,0.1,22.400000000000002
6.82,0.08547009,-2.0,0.1,22.400000000000002
6.82,0.08547009,-2.0,0.1,22.400000000000002
6.82,0.08547009,-2.0,0.1,22.400000000000002
6.82,0.09035409,-2.0,0.2,22.400000000000002
6.82,0.0952381,-2.0,0.2,22.400000000000002
6.82,0.1001221,-2.0,0.2,22.400000000000002
6.83,0.1001221,-2.0,0.2,22.400000000000002
6.83,0.0952381,-2.0,0.2,22.400000000000002
6.83,0.1001221,-2.0,0.2,22.400000000000002
6.83,0.1001221,-2.0,0.2,22.400000000000002
6.83,0.105006106,-2.0,0.2,22.400000000000002
6.83,0.105006106,-2.0,0.2,22.400000000000002
6.83,0.10989011,-2.0,0.2,22.400000000000002
6.83,0.10989011,-2.0,0.2,22.3
6.83,0.10989011,-2.0,0.2,22.3
6.84,0.10989011,-2.0,0.2,22.3
6.84,0.10989011,-2.0,0.2,22.3
6.84,0.10989011,-2.0,0.2,22.3
6.84,0.114774115,-2.0,0.2,22.3
6.84,0.114774115,-2.0,0.2,22.3
6.84,0.114774115,-2.0,0.2,22.3
6.84,0.10989011,-2.0,0.2,22.3
6.84,0.114774115,-2.0,0.2,22.3
6.84,0.114774115,-2.0,0.2,22.3
6.85,0.114774115,-2.0,0.2,22.3
6.85,0.114774115,-2.0,0.1,22.3
6.85,0.114774115,-2.0,0.1,22.3
6.85,0.11965812,-2.0,0.1,22.3
6.85,0.11965812,-2.0,0.1,22.3
6.85,0.11965812,-2.0,0.1,22.3
6.85,0.11965812,-2.0,0.1,22.3
6.86,0.114774115,-2.0,0.1,22.3
6.86,0.114774115,-2.0,0.1,22.3
6.86,0.11965812,-2.0,0.1,22.3
6.86,0.114774115,-2.0,0.1,22.3
6.86,0.114774115,-2.0,0.1,22.3
6.86,0.10989011,-2.0,0.1,22.3
6.87,0.114774115,-2.0,0.1,22.3
6.87,0.114774115,-2.0,0.1,22.3
6.87,0.114774115,-2.0,0.1,22.3
6.87,0.114774115,-2.0,0.1,22.3
6.87,0.114774115,-2.0,0.1,22.3
6.87,0.114774115,-2.0,0.1,22.3
6.88,0.124542125,-2.0,0.1,22.3
6.88,0.11965812,-2.0,0.1,22.3
6.88,0.11965812,-2.0,0.1,22.3
6.88,0.11965812,-2.0,0.1,22.3
6.88,0.124542125,-2.0,0.1,22.3
6.88,0.124542125,-2.0,0.1,22.3
6.89,0.124542125,-2.0,0.1,22.3
6.89,0.12942614,-2.0,0.1,22.3
6.89,0.12942614,-2.0,0.1,22.3
6.89,0.13431014,-2.0,0.1,22.3
6.89,0.13431014,-2.0,0.1,22.3
6.89,0.13431014,-2.0,0.1,22.3
6.9,0.14407815,-2.0,0.1,22.3
6.9,0.13919415,-2.0,0.1,22.3
6.9,0.13431014,-2.0,0.1,22.3
6.9,0.124542125,-2.0,0.1,22.400000000000002
6.9,0.11965812,-2.0,0.1,22.400000000000002
6.9,0.114774115,-2.0,0.1,22.400000000000002
6.91,0.0952381,-2.0,0.1,22.400000000000002
6.91,0.09035409,-2.0,0.1,22.400000000000002
6.91,0.08058608,-2.0,0.1,22.400000000000002
6.91,0.056166057,-2.0,0.1,22.400000000000002
6.91,0.051282052,-2.0,0.1,22.400000000000002
6.91,0.03663004,-2.0,0.1,22.400000000000002
6.92,0.031746034,-2.0,0.1,22.400000000000002
6.92,0.021978023,-2.0,0.1,22.400000000000002
6.92,0.021978023,-2.0,0.1,22.400000000000002
6.92,0.017094018,-2.0,0.1,22.400000000000002
6.92,0.021978023,-2.0,0.1,22.400000000000002
6.93,0.021978023,-2.0,0.2,22.5
6.93,0.017094018,-2.0,0.2,22.5
6.93,0.017094018,-2.0,0.2,22.5
6.93,0.021978023,-2.0,0.2,22.5
6.93,0.021978023,-2.0,0.2,22.5
6.93,0.026862027,-2.0,0.2,22.5
6.94,0.031746034,-2.0,0.2,22.5
6.94,0.031746034,-2.0,0.2,22.5
6.94,0.03663004,-2.0,0.2,22.5
6.94,0.041514043,-2.0,0.2,22.5
6.94,0.046398047,1.7000000000000002,0.2,22.5
6.94,0.051282052,1.7000000000000002,0.2,22.5
6.95,0.056166057,1.7000000000000002,0.2,22.5
6.95,0.07570208,-2.0,0.2,22.5
6.95,0.08058608,-2.0,0.2,22.5
6.95,0.09035409,-2.0,0.2,22.5
6.95,0.1001221,-2.0,0.2,22.5
6.95,0.105006106,-2.0,0.2,22.5
6.96,0.114774115,-2.0,0.2,22.5
6.96,0.11965812,-2.0,0.2,22.5
6.96,0.12942614,-2.0,0.2,22.5
6.96,0.13431014,-2.0,0.2,22.5
6.96,0.13919415,-2.0,0.2,22.5
6.96,0.13919415,-2.0,0.2,22.5
6.97,0.14407815,-2.0,0.2,22.5
6.97,0.15384616,-2.0,0.2,22.5
6.97,0.15384616,-2.0,0.2,22.5
6.97,0.15384616,-2.0,0.2,22.5
6.97,0.15873016,-2.0,0.2,22.5
6.97,0.15873016,-2.0,0.2,22.5
6.98,0.15873016,-2.0,0.2,22.5
6.98,0.15873016,-2.0,0.2,22.5
6.98,0.15873016,-2.0,0.2,22.5
6.98,0.16361417,-2.0,0.2,22.5
6.98,0.15873016,-2.0,0.2,22.5
6.98,0.15873016,-2.0,0.2,22.5
6.99,0.15873016,-2.0,0.2,22.5
6.99,0.15873016,-2.0,0.2,22.5
6.99,0.16361417,-2.0,0.2,22.5
6.99,0.15873016,-2.0,0.2,22.400000000000002
6.99,0.15873016,-2.0,0.2,22.400000000000002
6.99,0.16361417,-2.0,0.2,22.400000000000002
7.0,0.16849817,-2.0,0.2,22.400000000000002
7.0,0.15873016,-2.0,0.2,22.400000000000002
7.0,0.16361417,-2.0,0.2,22.400000000000002
7.0,0.16361417,-2.0,0.2,22.400000000000002
7.0,0.16361417,-2.0,0.2,22.400000000000002
7.0,0.16361417,-2.0,0.2,22.400000000000002
7.01,0.16361417,-2.0,0.2,22.400000000000002
7.01,0.16849817,-2.0,0.2,22.400000000000002
7.01,0.16361417,-2.0,0.2,22.400000000000002
7.01,0.15873016,-2.0,0.2,22.400000000000002
7.01,0.14896215,-2.0,0.2,22.400000000000002
7.01,0.13919415,-2.0,0.2,22.400000000000002
7.02,0.12942614,-2.0,0.2,22.400000000000002
7.02,0.12942614,-2.0,0.2,22.400000000000002
7.02,0.124542125,-2.0,0.2,22.400000000000002
7.02,0.10989011,-2.0,0.2,22.400000000000002
7.02,0.08547009,-2.0,0.2,22.400000000000002
7.02,0.07570208,-2.0,0.2,22.400000000000002
7.02,0.06593407,-2.0,0.2,22.400000000000002
7.02,0.056166057,-2.0,0.2,22.400000000000002
7.02,0.046398047,-2.0,0.2,22.400000000000002
7.03,0.026862027,-2.0,0.2,22.400000000000002
7.03,0.017094018,-2.0,0.2,22.400000000000002
7.03,0.012210012,-2.0,0.2,22.400000000000002
7.03,0.0073260074,-2.0,0.2,22.400000000000002
7.03,0.0073260074,-2.0,0.2,22.400000000000002
7.03,-0.0024420025,-2.0,0.2,22.400000000000002
7.03,-0.0024420025,-2.0,0.2,22.400000000000002
7.03,-0.0073260074,-2.0,0.2,22.400000000000002
7.04,-0.0073260074,-2.0,0.2,22.400000000000002
7.04,-0.012210012,-2.0,0.2,22.400000000000002
7.04,-0.017094018,-2.0,0.2,22.400000000000002
7.04,-0.021978023,-2.0,0.2,22.400000000000002
7.04,-0.031746034,-2.0,0.2,22.400000000000002
7.04,-0.026862027,-2.0,0.2,22.400000000000002
7.04,-0.026862027,-2.0,0.2,22.400000000000002
7.04,-0.031746034,-2.0,0.2,22.400000000000002
7.04,-0.031746034,-2.0,0.2,22.400000000000002
7.04,-0.031746034,-2.0,0.2,22.400000000000002
7.05,-0.03663004,-2.0,0.2,22.400000000000002
7.05,-0.031746034,-2.0,0.2,22.400000000000002
7.05,-0.031746034,-2.0,0.2,22.400000000000002
7.05,-0.031746034,-2.0,0.2,22.400000000000002
7.05,-0.031746034,-2.0,0.2,22.400000000000002
7.05,-0.031746034,-2.0,0.2,22.400000000000002
7.05,-0.026862027,-2.0,0.2,22.400000000000002
7.05,-0.017094018,-2.0,0.2,22.400000000000002
7.05,-0.012210012,-2.0,0.2,22.400000000000002
7.06,-0.012210012,-2.0,0.1,22.400000000000002
7.06,-0.0024420025,-2.0,0.1,22.400000000000002
7.06,-0.0024420025,-2.0,0.1,22.400000000000002
7.06,0.0024420025,-2.0,0.1,22.400000000000002
7.06,0.012210012,-2.0,0.1,22.400000000000002
7.06,0.017094018,-2.0,0.1,22.400000000000002
7.06,0.017094018,-2.0,0.1,22.400000000000002
7.06,0.026862027,-2.0,0.1,22.400000000000002
7.07,0.026862027,-2.0,0.1,22.400000000000002
7.07,0.031746034,-2.0,0.1,22.400000000000002
7.07,0.03663004,-2.0,0.2,22.400000000000002
7.07,0.041514043,-2.0,0.2,22.400000000000002
7.07,0.041514043,-2.0,0.2,22.400000000000002
7.07,0.046398047,-2.0,0.2,22.400000000000002
7.07,0.056166057,-2.0,0.2,22.400000000000002
7.07,0.06593407,-2.0,0.2,22.400000000000002
7.07,0.070818074,-2.0,0.2,22.400000000000002
7.08,0.08058608,-2.0,0.2,22.400000000000002
7.08,0.09035409,-2.0,0.2,22.400000000000002
7.08,0.1001221,-2.0,0.2,22.400000000000002
7.08,0.10989011,-2.0,0.2,22.400000000000002
7.08,0.11965812,-2.0,0.2,22.400000000000002
7.08,0.124542125,-2.0,0.1,22.5
7.08,0.12942614,-2.0,0.1,22.5
7.08,0.13919415,-2.0,0.1,22.5
7.08,0.14407815,-2.0,0.1,22.5
7.09,0.14896215,-2.0,0.1,22.5
7.09,0.14896215,-2.0,0.1,22.5
7.09,0.16361417,-2.0,0.1,22.5
7.09,0.16361417,-2.0,0.1,22.5
7.09,0.16849817,-2.0,0.1,22.5
7.09,0.17338218,-2.0,0.1,22.5
7.09,0.17338218,-2.0,0.1,22.5
7.09,0.17338218,-2.0,0.1,22.5
7.1,0.17826618,-2.0,0.1,22.400000000000002
7.1,0.17826618,-2.0,0.1,22.400000000000002
7.1,0.18315019,-2.0,0.1,22.400000000000002
7.1,0.18315019,-2.0,0.1,22.400000000000002
7.1,0.17826618,-2.0,0.1,22.400000000000002
7.1,0.18315019,-2.0,0.1,22.400000000000002
7.1,0.17826618,-2.0,0.1,22.400000000000002
7.1,0.17826618,-2.0,0.1,22.400000000000002
7.1,0.18315019,-2.0,0.1,22.400000000000002
7.11,0.17338218,-2.0,0.1,22.400000000000002
7.11,0.17338218,-2.0,0.1,22.400000000000002
7.11,0.16849817,-2.0,0.1,22.400000000000002
7.11,0.16849817,-2.0,0.1,22.400000000000002
7.11,0.16361417,-2.0,0.1,22.400000000000002
7.11,0.16361417,-2.0,0.1,22.400000000000002
7.11,0.15873016,-2.0,0.1,22.400000000000002
7.11,0.15384616,-2.0,0.1,22.400000000000002
7.11,0.14896215,-2.0,0.1,22.400000000000002
7.11,0.13919415,-2.0,0.1,22.400000000000002
7.12,0.13919415,-2.0,0.1,22.400000000000002
7.12,0.14407815,-2.0,0.1,22.400000000000002
7.12,0.124542125,-2.0,0.1,22.400000000000002
7.12,0.124542125,-2.0,0.1,22.400000000000002
7.12,0.11965812,-2.0,0.1,22.3
7.12,0.114774115,-2.0,0.1,22.3
7.12,0.11965812,-2.0,0.1,22.3
7.12,0.105006106,-2.0,0.1,22.3
7.12,0.1001221,-2.0,0.1,22.3
7.12,0.1001221,-2.0,0.1,22.3
7.13,0.09035409,-2.0,0.1,22.3
7.13,0.0952381,-2.0,0.1,22.3
7.13,0.09035409,-2.0,0.1,22.3
7.13,0.08058608,-2.0,0.1,22.3
7.13,0.08058608,-2.0,0.1,22.3
7.13,0.07570208,-2.0,0.1,22.3
7.13,0.070818074,-2.0,0.1,22.3
7.13,0.06593407,-2.0,0.1,22.3
7.13,0.06593407,-2.0,0.1,22.3
7.14,0.06105006,-2.0,0.1,22.3
7.14,0.051282052,-2.0,0.1,22.3
7.14,0.051282052,-2.0,0.1,22.3
7.14,0.051282052,-2.0,0.1,22.3
7.14,0.051282052,-2.0,0.1,22.3
7.14,0.046398047,-2.0,0.1,22.3
7.14,0.041514043,-2.0,0.1,22.3
7.14,0.03663004,-2.0,0.1,22.3
7.14,0.03663004,-2.0,0.1,22.3
7.15,0.031746034,-2.0,0.1,22.3
7.15,0.031746034,-2.0,0.2,22.200000000000003
7.15,0.031746034,-2.0,0.2,22.200000000000003
7.15,0.031746034,-2.0,0.2,22.200000000000003
7.15,0.026862027,-2.0,0.2,22.200000000000003
7.15,0.031746034,-2.0,0.2,22.200000000000003
7.15,0.026862027,-2.0,0.2,22.200000000000003
7.15,0.026862027,-2.0,0.2,22.200000000000003
7.15,0.026862027,-2.0,0.2,22.200000000000003
7.15,0.031746034,-2.0,0.2,22.200000000000003
7.16,0.031746034,-2.0,0.2,22.200000000000003
7.16,0.03663004,-2.0,0.2,22.200000000000003
7.16,0.031746034,-2.0,0.2,22.200000000000003
7.16,0.031746034,-2.0,0.2,22.200000000000003
7.16,0.031746034,-2.0,0.1,22.3
7.16,0.031746034,-2.0,0.1,22.3
7.16,0.03663004,-2.0,0.1,22.3
7.16,0.041514043,-2.0,0.1,22.3
7.16,0.041514043,-2.0,0.1,22.3
7.17,0.03663004,-2.0,0.1,22.3
7.17,0.03663004,-2.0,0.1,22.3
7.17,0.046398047,-2.0,0.1,22.3
7.17,0.051282052,-2.0,0.1,22.3
7.17,0.056166057,-2.0,0.1,22.3
7.17,0.051282052,-2.0,0.1,22.3
7.17,0.056166057,-2.0,0.1,22.3
7.17,0.056166057,-2.0,0.1,22.3
7.17,0.056166057,-2.0,0.1,22.3
7.18,0.06593407,-2.0,0.1,22.3
7.18,0.06593407,-2.0,0.1,22.3
7.18,0.070818074,-2.0,0.1,22.3
7.18,0.07570208,-2.0,0.1,22.3
7.18,0.07570208,-2.0,0.1,22.3
7.18,0.08058608,-2.0,0.1,22.3
7.18,0.08547009,-2.0,0.1,22.3
7.19,0.09035409,-2.0,0.1,22.400000000000002
7.19,0.0952381,-2.0,0.1,22.400000000000002
7.19,0.0952381,-2.0,0.1,22.400000000000002
7.19,0.1001221,-2.0,0.1,22.400000000000002
7.19,0.10989011,-2.0,0.1,22.400000000000002
7.19,0.10989011,-2.0,0.1,22.400000000000002
7.19,0.10989011,-2.0,0.1,22.400000000000002
7.19,0.114774115,-2.0,0.1,22.400000000000002
7.2,0.114774115,-2.0,0.1,22.400000000000002
7.2,0.11965812,-2.0,0.1,22.400000000000002
7.2,0.11965812,-2.0,0.1,22.400000000000002
7.2,0.11965812,-2.0,0.1,22.400000000000002
7.2,0.11965812,-2.0,0.1,22.400000000000002
7.2,0.124542125,-2.0,0.1,22.400000000000002
7.2,0.124542125,-2.0,0.1,22.400000000000002
7.2,0.124542125,-2.0,0.1,22.400000000000002
7.21,0.124542125,-2.0,0.1,22.400000000000002
7.21,0.124542125,-2.0,0.1,22.400000000000002
7.21,0.124542125,-2.0,0.1,22.400000000000002
7.21,0.124542125,-2.0,0.1,22.400000000000002
7.21,0.124542125,-2.0,0.1,22.400000000000002
7.21,0.11965812,-2.0,0.1,22.400000000000002
7.21,0.11965812,-2.0,0.1,22.400000000000002
7.21,0.11965812,-2.0,0.1,22.400000000000002
7.21,0.11965812,-2.0,0.1,22.400000000000002
7.22,0.114774115,-2.0,0.1,22.400000000000002
7.22,0.114774115,-2.0,0.1,22.400000000000002
7.22,0.10989011,-2.0,0.1,22.400000000000002
7.22,0.10989011,-2.0,0.1,22.400000000000002
7.22,0.10989011,-2.0,0.1,22.400000000000002
7.22,0.105006106,-2.0,0.1,22.400000000000002
7.22,0.105006106,-2.0,0.1,22.400000000000002
7.22,0.1001221,-2.0,0.1,22.400000000000002
7.22,0.1001221,-2.0,0.1,22.400000000000002
7.22,0.1001221,-2.0,0.1,22.400000000000002
7.23,0.1001221,-2.0,0.1,22.400000000000002
7.23,0.0952381,-2.0,0.1,22.400000000000002
7.23,0.0952381,-2.0,0.1,22.400000000000002
7.23,0.0952381,-2.0,0.1,22.400000000000002
7.23,0.09035409,-2.0,0.1,22.400000000000002
7.23,0.09035409,-2.0,0.1,22.400000000000002
7.23,0.09035409,-2.0,0.1,22.400000000000002
7.23,0.09035409,-2.0,0.1,22.400000000000002
7.24,0.09035409,-2.0,0.1,22.400000000000002
7.24,0.08547009,-2.0,0.1,22.400000000000002
7.24,0.08547009,-2.0,0.1,22.400000000000002
7.24,0.08058608,-2.0,0.1,22.400000000000002
7.24,0.08547009,-2.0,0.1,22.400000000000002
7.24,0.08058608,-2.0,0.1,22.400000000000002
7.24,0.08547009,-2.0,0.1,22.400000000000002
7.24,0.08058608,-2.0,0.1,22.400000000000002
7.24,0.08058608,-2.0,0.1,22.400000000000002
7.24,0.08058608,-2.0,0.1,22.400000000000002
7.24,0.07570208,-2.0,0.1,22.400000000000002
7.25,0.08547009,-2.0,0.1,22.400000000000002
7.25,0.08058608,-2.0,0.1,22.400000000000002
7.25,0.08547009,-2.0,0.1,22.400000000000002
7.25,0.08058608,-2.0,0.1,22.400000000000002
7.25,0.08058608,-2.0,0.1,22.400000000000002
7.25,0.07570208,-2.0,0.1,22.400000000000002
7.25,0.08058608,-2.0,0.1,22.400000000000002
7.25,0.08547009,-2.0,0.1,22.400000000000002
7.26,0.08547009,-2.0,0.1,22.400000000000002
7.26,0.08547009,-2.0,0.1,22.400000000000002
7.26,0.08547009,-2.0,0.1,22.400000000000002
7.26,0.08547009,-2.0,0.1,22.400000000000002
7.26,0.08547009,-2.0,0.1,22.400000000000002
7.26,0.08547009,-2.0,0.1,22.400000000000002
7.26,0.09035409,-2.0,0.1,22.400000000000002
7.26,0.09035409,-2.0,0.1,22.400000000000002
7.26,0.09035409,-2.0,0.1,22.400000000000002
7.26,0.09035409,-2.0,0.1,22.400000000000002
7.27,0.09035409,-2.0,0.1,22.400000000000002
7.27,0.09035409,-2.0,0.1,22.400000000000002
7.27,0.0952381,-2.0,0.1,22.400000000000002
7.27,0.09035409,-2.0,0.1,22.400000000000002
7.27,0.0952381,-2.0,0.1,22.400000000000002
7.27,0.0952381,-2.0,0.1,22.400000000000002
7.27,0.1001221,-2.0,0.1,22.400000000000002
7.27,0.0952381,-2.0,0.1,22.400000000000002
7.27,0.0952381,-2.0,0.1,22.400000000000002
7.28,0.0952381,-2.0,0.1,22.400000000000002
7.28,0.0952381,-2.0,0.1,22.400000000000002
7.28,0.1001221,-2.0,0.1,22.400000000000002
7.28,0.0952381,-2.0,0.1,22.400000000000002
7.28,0.1001221,-2.0,0.1,22.400000000000002
7.28,0.1001221,-2.0,0.1,22.400000000000002
7.28,0.1001221,-2.0,0.1,22.400000000000002
7.28,0.1001221,-2.0,0.1,22.400000000000002
7.28,0.1001221,-2.0,0.1,22.400000000000002
7.28,0.1001221,-2.0,0.1,22.400000000000002
7.28,0.1001221,-2.0,0.1,22.400000000000002
7.29,0.1001221,-2.0,0.1,22.400000000000002
7.29,0.1001221,-2.0,0.1,22.400000000000002
7.29,0.1001221,-2.0,0.1,22.400000000000002
7.29,0.1001221,-2.0,0.1,22.3
7.29,0.0952381,-2.0,0.1,22.3
7.29,0.1001221,-2.0,0.1,22.3
7.29,0.1001221,-2.0,0.1,22.3
7.29,0.0952381,-2.0,0.1,22.3
7.29,0.1001221,-2.0,0.1,22.3
7.3,0.0952381,-2.0,0.1,22.3
7.3,0.1001221,-2.0,0.1,22.3
7.3,0.0952381,-2.0,0.1,22.3
7.3,0.0952381,-2.0,0.1,22.3
7.3,0.0952381,-2.0,0.1,22.3
7.3,0.0952381,-2.0,0.1,22.3
7.3,0.0952381,-2.0,0.1,22.400000000000002
7.3,0.09035409,-2.0,0.1,22.400000000000002
7.3,0.09035409,-2.0,0.1,22.400000000000002
7.31,0.09035409,-2.0,0.1,22.400000000000002
7.31,0.09035409,-2.0,0.1,22.400000000000002
7.31,0.09035409,-2.0,0.1,22.400000000000002
7.31,0.09035409,-2.0,0.1,22.400000000000002
7.31,0.08547009,-2.0,0.1,22.400000000000002
7.31,0.09035409,-2.0,0.1,22.400000000000002
7.31,0.08547009,-2.0,0.1,22.400000000000002
7.31,0.09035409,-2.0,0.1,22.400000000000002
7.32,0.09035409,-2.0,0.1,22.400000000000002
7.32,0.09035409,-2.0,0.2,22.3
7.32,0.08547009,-2.0,0.2,22.3
7.32,0.08547009,-2.0,0.2,22.3
7.32,0.08547009,-2.0,0.2,22.3
7.32,0.08547009,-2.0,0.2,22.3
7.32,0.09035409,-2.0,0.2,22.3
7.32,0.09035409,-2.0,0.2,22.3
7.32,0.08547009,-2.0,0.2,22.3
7.32,0.09035409,-2.0,0.2,22.3
7.33,0.08547009,-2.0,0.2,22.3
7.33,0.09035409,-2.0,0.2,22.3
7.33,0.09035409,-2.0,0.2,22.200000000000003
7.33,0.09035409,-2.0,0.2,22.200000000000003
7.33,0.09035409,-2.0,0.2,22.200000000000003
7.33,0.09035409,-2.0,0.2,22.200000000000003
7.33,0.09035409,-2.0,0.2,22.200000000000003
7.33,0.09035409,-2.0,0.2,22.200000000000003
7.34,0.1001221,-2.0,0.2,22.200000000000003
7.34,0.09035409,-2.0,0.2,22.200000000000003
7.34,0.09035409,-2.0,0.2,22.200000000000003
7.34,0.09035409,-2.0,0.2,22.200000000000003
7.34,0.0952381,-2.0,0.2,22.200000000000003
7.34,0.09035409,-2.0,0.2,22.200000000000003
7.35,0.0952381,-2.0,0.2,22.200000000000003
7.35,0.0952381,-2.0,0.2,22.200000000000003
7.35,0.09035409,-2.0,0.2,22.200000000000003
7.35,0.0952381,-2.0,0.2,22.200000000000003
7.35,0.09035409,-2.0,0.2,22.200000000000003
7.35,0.09035409,-2.0,0.2,22.200000000000003
7.35,0.09035409,-2.0,0.1,22.200000000000003
7.36,0.09035409,-2.0,0.1,22.200000000000003
7.36,0.09035409,-2.0,0.1,22.200000000000003
7.36,0.08547009,-2.0,0.1,22.200000000000003
7.36,0.08058608,-2.0,0.1,22.200000000000003
7.36,0.09035409,-2.0,0.1,22.200000000000003
7.36,0.08058608,-2.0,0.1,22.200000000000003
7.36,0.08547009,-2.0,0.1,22.200000000000003
7.37,0.08058608,-2.0,0.1,22.200000000000003
7.37,0.08058608,-2.0,0.1,22.1
7.37,0.08058608,-2.0,0.1,22.1
7.37,0.07570208,-2.0,0.1,22.1
7.37,0.07570208,-2.0,0.1,22.1
7.37,0.07570208,-2.0,0.1,22.1
7.37,0.070818074,-2.0,0.1,22.1
7.37,0.070818074,-2.0,0.1,22.1
7.38,0.070818074,-2.0,0.1,22.1
7.38,0.06593407,-2.0,0.1,22.1
7.38,0.070818074,-2.0,0.1,22.1
7.38,0.06593407,-1.9000000000000001,0.1,22.1
7.38,0.06593407,-1.9000000000000001,0.1,22.1
7.38,0.070818074,-1.9000000000000001,0.1,22.1
7.38,0.06593407,-1.9000000000000001,0.1,22.1
7.38,0.070818074,-1.9000000000000001,0.1,22.1
7.39,0.070818074,-1.9000000000000001,0.1,22.1
7.39,0.06105006,-1.9000000000000001,0.1,22.1
7.39,0.06593407,-1.9000000000000001,0.1,22.1
7.39,0.070818074,-1.9000000000000001,0.1,22.1
7.39,0.06593407,-1.9000000000000001,0.1,22.1
7.39,0.06593407,-1.9000000000000001,0.1,22.1
7.39,0.06593407,-2.0,0.1,22.3
7.39,0.070818074,-2.0,0.1,22.3
7.4,0.070818074,-2.0,0.1,22.3
7.4,0.07570208,-2.0,0.1,22.3
7.4,0.070818074,-2.0,0.1,22.3
7.4,0.06593407,-2.0,0.1,22.3
7.4,0.070818074,-2.0,0.1,22.3
7.4,0.070818074,-2.0,0.1,22.3
7.4,0.070818074,-2.0,0.1,22.3
7.41,0.070818074,-2.0,0.1,22.3
7.41,0.07570208,-2.0,0.1,22.3
7.41,0.070818074,-2.0,0.1,22.3
7.41,0.07570208,-2.0,0.1,22.3
7.41,0.07570208,-2.0,0.1,22.3
7.41,0.08058608,-2.0,0.1,22.3
7.41,0.08058608,-2.0,0.1,22.3
7.41,0.08058608,-2.0,0.1,22.3
7.42,0.08547009,-2.0,0.1,22.3
7.42,0.08547009,-2.0,0.1,22.3
7.42,0.09035409,-2.0,0.1,22.3
7.42,0.08547009,-2.0,0.1,22.3
7.42,0.09035409,-2.0,0.1,22.3
7.42,0.08547009,-2.0,0.1,22.3
7.42,0.0952381,-2.0,0.1,22.3
7.43,0.0952381,-2.0,0.1,22.3
7.43,0.0952381,-2.0,0.1,22.3
7.43,0.0952381,-2.0,0.1,22.3
7.43,0.1001221,-2.0,0.1,22.3
7.43,0.105006106,-2.0,0.1,22.3
7.43,0.105006106,-2.0,0.1,22.3
7.43,0.10989011,-2.0,0.1,22.400000000000002
7.43,0.105006106,-2.0,0.1,22.400000000000002
7.44,0.105006106,-2.0,0.1,22.400000000000002
7.44,0.10989011,-2.0,0.1,22.400000000000002
7.44,0.10989011,-2.0,0.1,22.400000000000002
7.44,0.114774115,-2.0,0.1,22.400000000000002
7.44,0.114774115,-2.0,0.1,22.400000000000002
7.44,0.114774115,-2.0,0.1,22.400000000000002
7.44,0.114774115,-2.0,0.1,22.400000000000002
7.44,0.114774115,-2.0,0.1,22.400000000000002
7.45,0.11965812,-2.0,0.1,22.5
7.45,0.11965812,-2.0,0.1,22.5
7.45,0.11965812,-2.0,0.1,22.5
7.45,0.114774115,-2.0,0.1,22.5
7.45,0.11965812,-2.0,0.1,22.5
7.45,0.124542125,-2.0,0.1,22.5
7.45,0.124542125,-2.0,0.1,22.5
7.46,0.11965812,-2.0,0.1,22.5
7.46,0.11965812,-2.0,0.1,22.5
7.46,0.11965812,-2.0,0.1,22.400000000000002
7.46,0.124542125,-2.0,0.1,22.400000000000002
7.46,0.11965812,-2.0,0.1,22.400000000000002
7.46,0.11965812,-2.0,0.1,22.400000000000002
7.46,0.114774115,-2.0,0.1,22.400000000000002
7.46,0.114774115,-2.0,0.1,22.400000000000002
7.47,0.11965812,-2.0,0.1,22.400000000000002
7.47,0.11965812,-2.0,0.1,22.400000000000002
7.47,0.10989011,-2.0,0.1,22.400000000000002
7.47,0.114774115,-2.0,0.1,22.400000000000002
7.47,0.10989011,-2.0,0.1,22.400000000000002
7.47,0.114774115,-2.0,0.1,22.400000000000002
7.47,0.10989011,-2.0,0.1,22.400000000000002
7.48,0.105006106,-2.0,0.1,22.400000000000002
7.48,0.105006106,-2.0,0.1,22.400000000000002
7.48,0.105006106,-2.0,0.1,22.400000000000002
7.48,0.105006106,-2.0,0.1,22.400000000000002
7.48,0.105006106,-2.0,0.1,22.400000000000002
7.48,0.0952381,-2.0,0.1,22.400000000000002
7.48,0.0952381,-2.0,0.1,22.400000000000002
7.49,0.0952381,-2.0,0.1,22.400000000000002
7.49,0.09035409,-2.0,0.1,22.400000000000002
7.49,0.09035409,1.7000000000000002,0.1,22.400000000000002
7.49,0.08058608,-2.0,0.1,22.400000000000002
7.5,0.08058608,-2.0,0.1,22.400000000000002
7.5,0.08058608,-2.0,0.1,22.400000000000002
7.5,0.08058608,-2.0,0.1,22.400000000000002
7.5,0.07570208,-2.0,0.1,22.400000000000002
7.5,0.07570208,-2.0,0.1,22.400000000000002
7.51,0.07570208,-2.0,0.1,22.400000000000002
7.51,0.070818074,-2.0,0.1,22.400000000000002
7.51,0.070818074,-2.0,0.1,22.400000000000002
7.51,0.070818074,-2.0,0.1,22.400000000000002
7.51,0.06593407,-2.0,0.1,22.400000000000002
7.51,0.070818074,-2.0,0.1,22.400000000000002
7.51,0.07570208,-2.0,0.1,22.400000000000002
7.51,0.07570208,-2.0,0.1,22.400000000000002
7.51,0.07570208,-2.0,0.1,22.400000000000002
7.52,0.07570208,-2.0,0.1,22.400000000000002
7.52,0.07570208,-2.0,0.1,22.400000000000002
7.52,0.08058608,-2.0,0.1,22.400000000000002
7.52,0.08058608,-2.0,0.1,22.400000000000002
7.52,0.08547009,-2.0,0.1,22.400000000000002
7.52,0.09035409,-2.0,0.1,22.400000000000002
7.52,0.09035409,-2.0,0.1,22.400000000000002
7.52,0.09035409,-2.0,0.1,22.400000000000002
7.53,0.0952381,-2.0,0.1,22.400000000000002
7.53,0.0952381,-2.0,0.1,22.400000000000002
7.53,0.1001221,-2.0,0.1,22.400000000000002
7.53,0.114774115,-2.0,0.1,22.400000000000002
7.53,0.11965812,-2.0,0.1,22.400000000000002
7.53,0.11965812,-2.0,0.1,22.400000000000002
7.53,0.124542125,-2.0,0.1,22.400000000000002
7.53,0.12942614,-2.0,0.1,22.400000000000002
7.53,0.13431014,-2.0,0.1,22.400000000000002
7.53,0.14407815,-2.0,0.1,22.400000000000002
7.54,0.14407815,-2.0,0.1,22.400000000000002
7.54,0.14896215,-2.0,0.1,22.400000000000002
7.54,0.14896215,-2.0,0.1,22.400000000000002
7.54,0.15384616,-2.0,0.1,22.400000000000002
7.54,0.15873016,-2.0,0.1,22.400000000000002
7.54,0.15873016,-2.0,0.1,22.400000000000002
7.54,0.15873016,-2.0,0.1,22.400000000000002
7.54,0.16361417,-2.0,0.1,22.400000000000002
7.54,0.16361417,-2.0,0.1,22.400000000000002
7.54,0.16361417,-2.0,0.1,22.400000000000002
7.55,0.15873016,-2.0,0.1,22.400000000000002
7.55,0.15873016,-2.0,0.1,22.400000000000002
7.55,0.15873016,-2.0,0.1,22.400000000000002
7.55,0.16361417,-2.0,0.1,22.400000000000002
7.55,0.15384616,-2.0,0.1,22.400000000000002
7.55,0.15384616,-2.0,0.1,22.400000000000002
7.55,0.14407815,-2.0,0.1,22.400000000000002
7.55,0.14896215,-2.0,0.1,22.400000000000002
7.56,0.15384616,-2.0,0.1,22.400000000000002
7.56,0.14896215,-2.0,0.1,22.400000000000002
7.56,0.13919415,-2.0,0.1,22.400000000000002
7.56,0.13431014,-2.0,0.1,22.400000000000002
7.56,0.13431014,-2.0,0.1,22.400000000000002
7.56,0.12942614,-2.0,0.1,22.3
7.56,0.124542125,-2.0,0.1,22.3
7.56,0.124542125,-2.0,0.1,22.3
7.57,0.124542125,-2.0,0.1,22.3
7.57,0.114774115,-2.0,0.1,22.3
7.57,0.10989011,-2.0,0.1,22.3
7.57,0.105006106,-2.0,0.1,22.3
7.57,0.105006106,-2.0,0.1,22.3
7.57,0.1001221,-2.0,0.1,22.3
7.57,0.0952381,-2.0,0.1,22.3
7.57,0.09035409,-2.0,0.1,22.3
7.57,0.0952381,-2.0,0.1,22.3
7.58,0.09035409,-2.0,0.1,22.400000000000002
7.58,0.08547009,-2.0,0.1,22.400000000000002
7.58,0.08547009,-2.0,0.1,22.400000000000002
7.58,0.08058608,-2.0,0.1,22.400000000000002
7.58,0.08058608,-2.0,0.1,22.400000000000002
7.58,0.07570208,-2.0,0.1,22.400000000000002
7.58,0.07570208,-2.0,0.1,22.400000000000002
7.58,0.07570208,-2.0,0.1,22.400000000000002
7.58,0.07570208,-2.0,0.1,22.400000000000002
7.58,0.070818074,-2.0,0.1,22.400000000000002
7.59,0.07570208,-2.0,0.1,22.400000000000002
7.59,0.07570208,-2.0,0.1,22.400000000000002
7.59,0.070818074,-2.0,0.1,22.400000000000002
7.59,0.070818074,-2.0,0.1,22.400000000000002
7.59,0.070818074,-2.0,0.1,22.400000000000002
7.59,0.07570208,-2.0,0.1,22.400000000000002
7.59,0.070818074,-2.0,0.1,22.400000000000002
7.59,0.070818074,-2.0,0.1,22.400000000000002
7.59,0.070818074,-2.0,0.1,22.400000000000002
7.6,0.070818074,-2.0,0.1,22.400000000000002
7.6,0.07570208,-2.0,0.1,22.400000000000002
7.6,0.07570208,-2.0,0.1,22.400000000000002
7.6,0.08058608,-2.0,0.1,22.400000000000002
7.6,0.08058608,-2.0,0.1,22.400000000000002
7.6,0.08058608,-2.0,0.1,22.400000000000002
7.6,0.08547009,-2.0,0.1,22.400000000000002
7.6,0.08547009,-2.0,0.1,22.400000000000002
7.6,0.09035409,-2.0,0.1,22.400000000000002
7.61,0.0952381,-2.0,0.1,22.400000000000002
7.61,0.0952381,-2.0,0.1,22.400000000000002
7.61,0.1001221,-2.0,0.1,22.400000000000002
7.61,0.1001221,-2.0,0.1,22.400000000000002
7.61,0.1001221,-2.0,0.1,22.400000000000002
7.61,0.105006106,-2.0,0.1,22.400000000000002
7.61,0.10989011,-2.0,0.1,22.400000000000002
7.61,0.114774115,-2.0,0.1,22.400000000000002
7.61,0.11965812,-2.0,0.1,22.5
7.61,0.124542125,-2.0,0.1,22.5
7.62,0.124542125,-2.0,0.1,22.5
7.62,0.124542125,-2.0,0.1,22.5
7.62,0.124542125,-2.0,0.1,22.5
7.62,0.13431014,-2.0,0.1,22.5
7.62,0.13431014,-2.0,0.1,22.5
7.62,0.13431014,-2.0,0.1,22.5
7.62,0.13919415,-2.0,0.1,22.5
7.63,0.13919415,-2.0,0.1,22.5
7.63,0.14407815,-2.0,0.1,22.5
7.63,0.14407815,-2.0,0.1,22.6
7.63,0.14896215,-2.0,0.1,22.6
7.63,0.14896215,-2.0,0.1,22.6
7.63,0.14407815,-2.0,0.1,22.6
7.63,0.14896215,-2.0,0.1,22.6
7.63,0.14896215,-2.0,0.1,22.6
7.63,0.15384616,-2.0,0.1,22.6
7.64,0.15384616,-2.0,0.1,22.6
7.64,0.15384616,-2.0,0.1,22.6
7.64,0.15384616,-2.0,0.1,22.6
7.64,0.15873016,-2.0,0.1,22.6
7.64,0.15873016,-2.0,0.1,22.6
7.64,0.15873016,-2.0,0.1,22.6
7.64,0.15384616,-2.0,0.1,22.6
7.64,0.15873016,-2.0,0.1,22.6
7.64,0.15873016,-2.0,0.1,22.6
7.64,0.15873016,-2.0,0.1,22.6
7.65,0.15873016,-2.0,0.1,22.6
7.65,0.15384616,-2.0,0.1,22.6
7.65,0.15384616,-2.0,0.1,22.6
7.65,0.15873016,-2.0,0.1,22.6
7.65,0.15873016,-2.0,0.1,22.6
7.65,0.15384616,-2.0,0.1,22.6
7.65,0.15384616,-2.0,0.1,22.6
7.65,0.15384616,-2.0,0.1,22.6
7.65,0.15384616,-2.0,0.1,22.700000000000003
7.65,0.15384616,-2.0,0.1,22.700000000000003
7.66,0.15873016,-2.0,0.1,22.700000000000003
7.66,0.15873016,-2.0,0.1,22.700000000000003
7.66,0.15384616,-2.0,0.1,22.700000000000003
7.66,0.15384616,-2.0,0.1,22.700000000000003
7.66,0.15873016,-2.0,0.1,22.700000000000003
7.66,0.15384616,-2.0,0.1,22.700000000000003
7.66,0.15384616,-2.0,0.1,22.700000000000003
7.67,0.15384616,-2.0,0.1,22.700000000000003
7.67,0.15384616,-2.0,0.1,22.8
7.67,0.16361417,1.7000000000000002,0.1,22.8
7.67,0.16361417,1.7000000000000002,0.1,22.8
7.67,0.16361417,1.7000000000000002,0.1,22.8
7.68,0.16361417,-2.0,0.1,22.8
7.68,0.16361417,-2.0,0.1,22.8
7.68,0.16849817,-2.0,0.1,22.8
7.68,0.16849817,-2.0,0.1,22.8
7.68,0.16849817,-2.0,0.1,22.8
7.68,0.16849817,-2.0,0.1,22.8
7.68,0.16849817,-2.0,0.1,22.8
7.68,0.16849817,-2.0,0.1,22.8
7.68,0.16849817,-2.0,0.1,22.8
7.68,0.16361417,-2.0,0.1,22.8
7.69,0.16361417,-2.0,0.1,22.8
7.69,0.15873016,-2.0,0.1,22.8
7.69,0.16361417,-2.0,0.1,22.8
7.69,0.14896215,-2.0,0.1,22.8
7.69,0.14407815,-2.0,0.1,22.8
7.69,0.14407815,-2.0,0.1,22.8
7.69,0.13919415,-2.0,0.1,22.700000000000003
7.69,0.13431014,-2.0,0.1,22.700000000000003
7.69,0.124542125,-2.0,0.1,22.700000000000003
7.69,0.11965812,-2.0,0.1,22.700000000000003
7.7,0.10989011,-2.0,0.1,22.700000000000003
7.7,0.105006106,-2.0,0.1,22.700000000000003
7.7,0.0952381,-2.0,0.1,22.700000000000003
7.7,0.09035409,-2.0,0.1,22.700000000000003
7.7,0.08547009,-2.0,0.1,22.700000000000003
7.7,0.07570208,-2.0,0.1,22.700000000000003
7.7,0.07570208,-2.0,0.1,22.700000000000003
7.7,0.070818074,-2.0,0.1,22.700000000000003
7.7,0.06105006,-2.0,0.1,22.6
7.71,0.051282052,-2.0,0.1,22.6
7.71,0.051282052,-2.0,0.1,22.6
7.71,0.046398047,-2.0,0.1,22.6
7.71,0.041514043,-2.0,0.1,22.6
7.71,0.041514043,-2.0,0.1,22.6
7.71,0.041514043,-2.0,0.1,22.6
7.71,0.046398047,-2.0,0.1,22.6
7.71,0.046398047,-2.0,0.1,22.6
7.71,0.041514043,-2.0,0.1,22.6
7.72,0.041514043,-2.0,0.1,22.6
7.72,0.041514043,-2.0,0.1,22.6
7.72,0.03663004,-2.0,0.1,22.6
7.72,0.041514043,-2.0,0.1,22.5
7.72,0.041514043,-2.0,0.1,22.5
7.72,0.046398047,-2.0,0.1,22.5
7.72,0.051282052,-2.0,0.1,22.5
7.72,0.056166057,-2.0,0.1,22.5
7.72,0.06105006,-2.0,0.1,22.5
7.73,0.06593407,-2.0,0.1,22.5
7.73,0.06593407,-2.0,0.1,22.5
7.73,0.070818074,-2.0,0.1,22.5
7.73,0.070818074,-2.0,0.1,22.5
7.73,0.08058608,-2.0,0.1,22.5
7.73,0.08058608,-2.0,0.1,22.5
7.73,0.09035409,-2.0,0.1,22.400000000000002
7.73,0.09035409,-2.0,0.1,22.400000000000002
7.73,0.1001221,-2.0,0.1,22.400000000000002
7.73,0.105006106,-2.0,0.1,22.400000000000002
7.74,0.105006106,-2.0,0.1,22.400000000000002
7.74,0.10989011,-2.0,0.1,22.400000000000002
7.74,0.11965812,-2.0,0.1,22.400000000000002
7.74,0.124542125,-2.0,0.1,22.400000000000002
7.74,0.12942614,-2.0,0.1,22.400000000000002
7.74,0.12942614,-2.0,0.1,22.400000000000002
7.74,0.13919415,-2.0,0.1,22.400000000000002
7.74,0.14407815,-2.0,0.1,22.400000000000002
7.74,0.14896215,-2.0,0.1,22.400000000000002
7.75,0.15384616,-2.0,0.1,22.400000000000002
7.75,0.15384616,-2.0,0.1,22.400000000000002
7.75,0.15873016,-2.0,0.1,22.400000000000002
7.75,0.16361417,-2.0,0.1,22.400000000000002
7.75,0.16361417,-2.0,0.1,22.400000000000002
7.75,0.16361417,-2.0,0.1,22.400000000000002
7.75,0.16849817,-2.0,0.1,22.400000000000002
7.75,0.17338218,-2.0,0.1,22.400000000000002
7.75,0.17826618,-2.0,0.1,22.400000000000002
7.75,0.18315019,-2.0,0.1,22.400000000000002
7.76,0.18315019,-2.0,0.1,22.400000000000002
7.76,0.17826618,-2.0,0.1,22.400000000000002
7.76,0.18315019,-2.0,0.1,22.400000000000002
7.76,0.18803419,-2.0,0.1,22.400000000000002
7.76,0.18803419,-2.0,0.1,22.400000000000002
7.76,0.1929182,-2.0,0.1,22.400000000000002
7.76,0.1929182,-2.0,0.1,22.400000000000002
7.76,0.1978022,-2.0,0.1,22.400000000000002
7.76,0.1978022,-2.0,0.1,22.400000000000002
7.76,0.1978022,-2.0,0.1,22.400000000000002
7.77,0.1978022,-2.0,0.1,22.400000000000002
7.77,0.1978022,-2.0,0.1,22.400000000000002
7.77,0.1978022,-2.0,0.1,22.400000000000002
7.77,0.1978022,-2.0,0.1,22.400000000000002
7.77,0.1929182,-2.0,0.1,22.400000000000002
7.77,0.1929182,-2.0,0.1,22.400000000000002
7.77,0.1929182,-2.0,0.1,22.400000000000002
7.77,0.1929182,-2.0,0.1,22.400000000000002
7.77,0.1929182,-2.0,0.1,22.400000000000002
7.78,0.1929182,-2.0,0.1,22.400000000000002
7.78,0.1929182,-2.0,0.1,22.400000000000002
7.78,0.1929182,-2.0,0.1,22.400000000000002
7.78,0.1978022,-2.0,0.1,22.400000000000002
7.78,0.1929182,-2.0,0.1,22.400000000000002
7.78,0.1929182,-2.0,0.1,22.400000000000002
7.78,0.1929182,-2.0,0.1,22.400000000000002
7.78,0.1929182,-2.0,0.1,22.5
7.78,0.18803419,-2.0,0.1,22.5
7.79,0.1929182,-2.0,0.1,22.5
7.79,0.1978022,-2.0,0.1,22.5
7.79,0.1929182,-2.0,0.1,22.5
7.79,0.1929182,-2.0,0.1,22.5
7.79,0.1929182,-2.0,0.1,22.5
7.79,0.1929182,-2.0,0.1,22.5
7.79,0.2026862,-2.0,0.1,22.5
7.79,0.2026862,-2.0,0.1,22.5
7.79,0.1978022,-2.0,0.1,22.5
7.8,0.1978022,-2.0,0.1,22.5
7.8,0.1978022,-2.0,0.1,22.5
7.8,0.1978022,-2.0,0.1,22.5
7.8,0.1978022,-2.0,0.1,22.5
7.8,0.1978022,-2.0,0.1,22.5
7.8,0.1929182,-2.0,0.1,22.5
7.8,0.18803419,-2.0,0.1,22.5
7.8,0.18315019,-2.0,0.1,22.5
7.8,0.17826618,-2.0,0.1,22.5
7.81,0.17338218,-2.0,0.1,22.5
7.81,0.16849817,-2.0,0.1,22.5
7.81,0.16361417,-2.0,0.1,22.5
7.81,0.15384616,-2.0,0.1,22.5
7.81,0.13919415,-2.0,0.1,22.6
7.81,0.13431014,-2.0,0.1,22.6
7.81,0.124542125,-2.0,0.1,22.6
7.81,0.114774115,-2.0,0.1,22.6
7.81,0.10989011,-2.0,0.1,22.6
7.81,0.1001221,-2.0,0.1,22.6
7.81,0.09035409,-2.0,0.1,22.6
7.82,0.08547009,-2.0,0.1,22.6
7.82,0.07570208,-2.0,0.1,22.6
7.82,0.06593407,-2.0,0.1,22.6
7.82,0.06105006,-2.0,0.1,22.6
7.82,0.056166057,-2.0,0.1,22.6
7.82,0.046398047,-2.0,0.1,22.6
7.82,0.046398047,-2.0,0.1,22.6
7.82,0.046398047,-2.0,0.1,22.6
7.82,0.041514043,-2.0,0.1,22.6
7.83,0.041514043,-2.0,0.1,22.6
7.83,0.03663004,-2.0,0.1,22.6
7.83,0.03663004,-2.0,0.1,22.6
7.83,0.041514043,-2.0,0.1,22.6
7.83,0.041514043,-2.0,0.1,22.6
7.83,0.03663004,-2.0,0.1,22.6
7.83,0.031746034,-2.0,0.1,22.6
7.83,0.041514043,-2.0,0.1,22.6
7.83,0.03663004,-2.0,0.1,22.6
7.84,0.041514043,-2.0,0.1,22.6
7.84,0.041514043,-2.0,0.1,22.6
7.84,0.041514043,-2.0,0.1,22.6
7.84,0.041514043,-2.0,0.1,22.6
7.84,0.046398047,-2.0,0.1,22.6
7.84,0.051282052,-2.0,0.1,22.6
7.84,0.056166057,-2.0,0.1,22.6
7.84,0.056166057,-2.0,0.1,22.6
7.84,0.06105006,-2.0,0.1,22.6
7.85,0.06593407,-2.0,0.1,22.6
7.85,0.070818074,-2.0,0.1,22.6
7.85,0.08058608,-2.0,0.1,22.6
7.85,0.09035409,-2.0,0.1,22.6
7.85,0.0952381,-2.0,0.1,22.6
7.85,0.1001221,-2.0,0.1,22.6
7.85,0.114774115,-2.0,0.1,22.6
7.86,0.11965812,-2.0,0.1,22.6
7.86,0.124542125,-2.0,0.1,22.6
7.86,0.13431014,-2.0,0.1,22.6
7.86,0.14896215,-2.0,0.1,22.6
7.86,0.15384616,-2.0,0.1,22.6
7.86,0.15384616,-2.0,0.1,22.6
7.86,0.16849817,-2.0,0.1,22.6
7.86,0.17338218,-2.0,0.1,22.6
7.87,0.17338218,-2.0,0.1,22.6
7.87,0.17826618,-2.0,0.1,22.6
7.87,0.18803419,-2.0,0.1,22.6
7.87,0.18803419,-2.0,0.1,22.6
7.87,0.2026862,-2.0,0.1,22.6
7.87,0.2026862,-2.0,0.1,22.6
7.87,0.21245421,-2.0,0.1,22.6
7.88,0.21245421,-2.0,0.1,22.6
7.88,0.21733822,-2.0,0.1,22.6
7.88,0.21733822,-2.0,0.1,22.6
7.88,0.22222222,-2.0,0.1,22.6
7.88,0.22222222,-2.0,0.1,22.6
7.88,0.22222222,-2.0,0.1,22.6
7.88,0.22710623,-2.0,0.1,22.6
7.88,0.22710623,-2.0,0.1,22.6
7.89,0.22222222,-2.0,0.1,22.6
7.89,0.22222222,-2.0,0.1,22.5
7.89,0.22710623,-2.0,0.1,22.5
7.89,0.22710623,-2.0,0.1,22.5
7.89,0.23199023,-2.0,0.1,22.5
7.89,0.22710623,-2.0,0.1,22.5
7.89,0.22710623,-2.0,0.1,22.5
7.89,0.22222222,-2.0,0.1,22.5
7.9,0.22710623,-2.0,0.1,22.5
7.9,0.23199023,-2.0,0.1,22.5
7.9,0.22222222,-2.0,0.1,22.5
7.9,0.22222222,-2.0,0.1,22.5
7.9,0.21733822,-2.0,0.1,22.5
7.9,0.22710623,-2.0,0.1,22.5
7.9,0.22222222,-2.0,0.1,22.5
7.91,0.22222222,-2.0,0.1,22.5
7.91,0.21733822,-2.0,0.1,22.5
7.91,0.21733822,-2.0,0.1,22.5
7.91,0.22222222,-2.0,0.1,22.5
7.91,0.22710623,-2.0,0.1,22.5
7.91,0.22710623,-2.0,0.1,22.5
7.91,0.22222222,-2.0,0.1,22.5
7.92,0.22710623,-2.0,0.1,22.5
7.92,0.22222222,-2.0,0.1,22.5
7.92,0.23199023,-2.0,0.1,22.5
7.92,0.22710623,-2.0,0.1,22.5
7.92,0.23199023,-2.0,0.1,22.5
7.92,0.22710623,-2.0,0.1,22.5
7.92,0.23199023,-2.0,0.1,22.5
7.92,0.23199023,-2.0,0.1,22.5
7.93,0.23687424,-2.0,0.1,22.6
7.93,0.23687424,-2.0,0.1,22.6
7.93,0.23687424,-2.0,0.1,22.6
7.93,0.23687424,-2.0,0.1,22.6
7.93,0.23687424,-2.0,0.1,22.6
7.93,0.24664225,-2.0,0.1,22.6
7.93,0.24175824,-2.0,0.1,22.6
7.94,0.24175824,-2.0,0.1,22.6
7.94,0.24664225,-2.0,0.1,22.6
7.94,0.24664225,-2.0,0.1,22.6
7.94,0.24175824,-2.0,0.1,22.5
7.94,0.24175824,-2.0,0.1,22.5
7.94,0.24664225,-2.0,0.1,22.5
7.94,0.24664225,-2.0,0.1,22.5
7.94,0.25152627,-2.0,0.1,22.5
7.95,0.25152627,-2.0,0.1,22.5
7.95,0.24664225,-2.0,0.1,22.5
7.95,0.24664225,-2.0,0.1,22.5
7.95,0.24664225,-2.0,0.1,22.5
7.95,0.24664225,-2.0,0.1,22.5
7.95,0.24664225,-2.0,0.1,22.6
7.95,0.24664225,-2.0,0.1,22.6
7.96,0.24175824,-2.0,0.1,22.6
7.96,0.24175824,-2.0,0.1,22.6
7.96,0.24175824,-2.0,0.1,22.6
7.96,0.23687424,-2.0,0.1,22.6
7.96,0.23199023,-2.0,0.1,22.6
7.96,0.22710623,-2.0,0.1,22.6
7.96,0.23199023,-2.0,0.1,22.6
7.96,0.23199023,-2.0,0.1,22.6
7.97,0.22222222,-2.0,0.1,22.6
7.97,0.21733822,-2.0,0.1,22.6
7.97,0.21245421,-2.0,0.1,22.6
7.97,0.21245421,-2.0,0.1,22.6
7.97,0.21245421,-2.0,0.1,22.6
7.97,0.2026862,-2.0,0.1,22.6
7.97,0.1978022,-2.0,0.1,22.6
7.98,0.18803419,-2.0,0.1,22.6
7.98,0.1929182,-2.0,0.1,22.6
7.98,0.18803419,-2.0,0.1,22.6
7.98,0.18315019,-2.0,0.1,22.6
7.98,0.18315019,-2.0,0.1,22.6
7.98,0.17338218,-2.0,0.1,22.6
7.98,0.17338218,-2.0,0.1,22.6
7.99,0.16849817,-2.0,0.1,22.6
7.99,0.16849817,-2.0,0.1,22.6
7.99,0.16849817,-2.0,0.1,22.6
7.99,0.16361417,-2.0,0.1,22.6
7.99,0.16361417,-2.0,0.1,22.6
7.99,0.15873016,-2.0,0.1,22.6
7.99,0.16361417,-2.0,0.1,22.6
7.99,0.15384616,-2.0,0.1,22.6
8.0,0.15873016,-2.0,0.1,22.6
8.0,0.15873016,-2.0,0.1,22.6
8.0,0.15873016,-2.0,0.1,22.6
8.0,0.15873016,-2.0,0.1,22.6
8.0,0.15384616,-2.0,0.1,22.6
8.0,0.15873016,-2.0,0.1,22.6
8.01,0.15384616,-2.0,0.1,22.6
8.01,0.15873016,-2.0,0.1,22.6
8.01,0.16361417,-2.0,0.1,22.6
8.01,0.15873016,-2.0,0.1,22.6
8.01,0.16361417,-2.0,0.1,22.6
8.01,0.16361417,-2.0,0.1,22.6
8.01,0.16361417,-2.0,0.1,22.6
8.01,0.16849817,-2.0,0.1,22.6
8.02,0.16361417,-2.0,0.1,22.6
8.02,0.16849817,-2.0,0.1,22.6
8.02,0.16849817,-2.0,0.1,22.5
8.02,0.16361417,-2.0,0.1,22.5
8.02,0.16849817,-2.0,0.1,22.5
8.02,0.16849817,-2.0,0.1,22.5
8.02,0.16849817,-2.0,0.1,22.5
8.02,0.16361417,-2.0,0.1,22.5
8.02,0.16849817,-2.0,0.1,22.5
8.02,0.16849817,-2.0,0.1,22.5
8.03,0.17338218,-2.0,0.1,22.5
8.03,0.16849817,-2.0,0.1,22.5
8.03,0.16849817,-2.0,0.1,22.5
8.03,0.17338218,-2.0,0.1,22.5
8.03,0.17338218,-2.0,0.1,22.5
8.03,0.17826618,-2.0,0.1,22.5
8.03,0.17826618,-2.0,0.1,22.5
8.03,0.17338218,-2.0,0.1,22.5
8.03,0.16849817,-2.0,0.1,22.5
8.03,0.17826618,-2.0,0.1,22.5
8.04,0.17826618,-2.0,0.1,22.5
8.04,0.17338218,-2.0,0.1,22.5
8.04,0.17826618,-2.0,0.1,22.5
8.04,0.17338218,-2.0,0.1,22.5
8.04,0.17826618,-2.0,0.1,22.5
8.04,0.17338218,-2.0,0.1,22.5
8.04,0.17338218,-2.0,0.1,22.5
8.04,0.17338218,-2.0,0.1,22.5
8.04,0.17338218,-2.0,0.1,22.5
8.05,0.17338218,-2.0,0.1,22.5
8.05,0.17826618,-2.0,0.1,22.5
8.05,0.17338218,-2.0,0.1,22.5
8.05,0.17338218,-2.0,0.1,22.5
8.05,0.17338218,-2.0,0.1,22.5
8.05,0.17338218,-2.0,0.1,22.5
8.05,0.17338218,-2.0,0.1,22.5
8.05,0.16849817,-2.0,0.1,22.5
8.06,0.16849817,-2.0,0.1,22.5
8.06,0.16361417,-2.0,0.1,22.5
8.06,0.16849817,-2.0,0.1,22.5
8.06,0.16361417,-2.0,0.1,22.5
8.06,0.16849817,-2.0,0.1,22.5
8.06,0.15873016,-2.0,0.1,22.5
8.06,0.15873016,-2.0,0.1,22.5
8.06,0.15384616,-2.0,0.1,22.5
8.07,0.15384616,-2.0,0.1,22.5
8.07,0.15384616,-2.0,0.1,22.5
8.07,0.15384616,-2.0,0.1,22.5
8.07,0.14896215,-2.0,0.1,22.5
8.07,0.14896215,-2.0,0.1,22.5
8.07,0.14407815,-2.0,0.1,22.5
8.07,0.13919415,-2.0,0.1,22.5
8.07,0.14407815,-2.0,0.1,22.5
8.07,0.14407815,-2.0,0.1,22.5
8.07,0.13919415,-2.0,0.1,22.5
8.08,0.13919415,-2.0,0.1,22.5
8.08,0.13431014,-2.0,0.1,22.5
8.08,0.12942614,-2.0,0.1,22.5
8.08,0.12942614,-2.0,0.1,22.5
8.08,0.13431014,-2.0,0.1,22.5
8.08,0.124542125,-2.0,0.1,22.5
8.08,0.12942614,-2.0,0.1,22.5
8.08,0.114774115,-2.0,0.1,22.5
8.08,0.114774115,-2.0,0.1,22.5
8.08,0.11965812,-2.0,0.1,22.5
8.09,0.11965812,-2.0,0.1,22.5
8.09,0.11965812,-2.0,0.1,22.5
8.09,0.114774115,-2.0,0.1,22.5
8.09,0.10989011,-2.0,0.1,22.5
8.09,0.10989011,-2.0,0.1,22.5
8.09,0.10989011,-2.0,0.1,22.5
8.09,0.105006106,-2.0,0.1,22.5
8.09,0.10989011,-2.0,0.1,22.5
8.1,0.105006106,-2.0,0.1,22.5
8.1,0.105006106,-2.0,0.1,22.5
8.1,0.1001221,-2.0,0.1,22.5
8.1,0.1001221,-2.0,0.1,22.5
8.1,0.105006106,-2.0,0.1,22.5
8.1,0.105006106,-2.0,0.1,22.5
8.1,0.10989011,-2.0,0.1,22.5
8.1,0.105006106,-2.0,0.1,22.5
8.1,0.1001221,-2.0,0.1,22.5
8.1,0.1001221,-2.0,0.1,22.5
8.11,0.1001221,-2.0,0.1,22.5
8.11,0.0952381,-2.0,0.1,22.5
8.11,0.105006106,-2.0,0.1,22.5
8.11,0.105006106,-2.0,0.1,22.5
8.11,0.1001221,-2.0,0.1,22.5
8.11,0.105006106,-2.0,0.1,22.5
8.11,0.105006106,-2.0,0.1,22.5
8.11,0.105006106,-2.0,0.1,22.5
8.11,0.105006106,-2.0,0.1,22.5
8.11,0.10989011,-2.0,0.1,22.5
8.12,0.105006106,-2.0,0.1,22.5
8.12,0.105006106,-2.0,0.1,22.5
8.12,0.105006106,-2.0,0.1,22.5
8.12,0.105006106,-2.0,0.1,22.5
8.12,0.10989011,-2.0,0.1,22.5
8.12,0.114774115,-2.0,0.1,22.400000000000002
8.12,0.10989011,-2.0,0.1,22.400000000000002
8.12,0.11965812,-2.0,0.1,22.400000000000002
8.12,0.114774115,-2.0,0.1,22.400000000000002
8.12,0.114774115,-2.0,0.1,22.400000000000002
8.13,0.114774115,-2.0,0.1,22.400000000000002
8.13,0.11965812,-2.0,0.1,22.400000000000002
8.13,0.11965812,-2.0,0.1,22.400000000000002
8.13,0.11965812,-2.0,0.1,22.400000000000002
8.13,0.124542125,-2.0,0.1,22.400000000000002
8.13,0.124542125,-2.0,0.1,22.400000000000002
8.13,0.124542125,-2.0,0.1,22.400000000000002
8.13,0.124542125,-2.0,0.1,22.400000000000002
8.13,0.12942614,-2.0,0.1,22.5
8.14,0.12942614,-2.0,0.1,22.5
8.14,0.12942614,-2.0,0.1,22.5
8.14,0.13919415,-2.0,0.1,22.5
8.15,0.13431014,-2.0,0.1,22.5
8.15,0.13431014,1.7000000000000002,0.1,22.5
8.15,0.14407815,1.7000000000000002,0.1,22.5
8.15,0.13431014,1.7000000000000002,0.1,22.5
8.16,0.13919415,1.7000000000000002,0.1,22.5
8.16,0.13919415,-2.0,0.1,22.6
8.16,0.13919415,-2.0,0.1,22.6
8.16,0.13431014,-2.0,0.1,22.6
8.16,0.13431014,-2.0,0.1,22.5
8.16,0.13431014,-2.0,0.1,22.5
8.16,0.12942614,-2.0,0.1,22.5
8.16,0.12942614,-2.0,0.1,22.5
8.16,0.124542125,-2.0,0.1,22.5
8.17,0.124542125,-2.0,0.1,22.5
8.17,0.124542125,-2.0,0.1,22.5
8.17,0.124542125,-2.0,0.1,22.5
8.17,0.12942614,-2.0,0.1,22.5
8.17,0.11965812,-2.0,0.1,22.5
8.17,0.124542125,-2.0,0.1,22.5
8.17,0.124542125,-2.0,0.1,22.5
8.17,0.11965812,-2.0,0.1,22.5
8.18,0.114774115,-2.0,0.1,22.5
8.18,0.114774115,-2.0,0.1,22.5
8.18,0.10989011,-2.0,0.1,22.5
8.18,0.114774115,-2.0,0.1,22.5
8.18,0.10989011,-2.0,0.1,22.5
8.18,0.10989011,-2.0,0.1,22.5
8.18,0.1001221,-2.0,0.1,22.5
8.18,0.105006106,-2.0,0.1,22.5
8.18,0.105006106,-2.0,0.1,22.5
8.18,0.0952381,-2.0,0.1,22.5
8.19,0.1001221,-2.0,0.1,22.5
8.19,0.0952381,-2.0,0.1,22.6
8.19,0.0952381,-2.0,0.1,22.6
8.19,0.09035409,-2.0,0.1,22.6
8.19,0.0952381,-2.0,0.1,22.6
8.19,0.1001221,-2.0,0.1,22.6
8.19,0.09035409,-2.0,0.1,22.6
8.19,0.08547009,-2.0,0.1,22.6
8.19,0.08547009,-2.0,0.1,22.6
8.2,0.08547009,-2.0,0.1,22.6
8.2,0.08547009,-2.0,0.1,22.6
8.2,0.08547009,-2.0,0.1,22.6
8.2,0.08058608,-2.0,0.1,22.6
8.2,0.07570208,-2.0,0.1,22.5
8.2,0.070818074,-2.0,0.1,22.5
8.2,0.07570208,-2.0,0.1,22.5
8.2,0.07570208,-2.0,0.1,22.5
8.2,0.07570208,-2.0,0.1,22.5
8.21,0.070818074,-2.0,0.1,22.5
8.21,0.06105006,-2.0,0.1,22.5
8.21,0.06105006,-2.0,0.1,22.5
8.21,0.06593407,-2.0,0.1,22.5
8.21,0.06593407,-2.0,0.1,22.5
8.21,0.06105006,-2.0,0.1,22.5
8.21,0.06105006,-2.0,0.1,22.5
8.21,0.06105006,-2.0,0.1,22.5
8.21,0.056166057,-2.0,0.1,22.5
8.21,0.06105006,-2.0,0.1,22.5
8.22,0.06105006,-2.0,0.1,22.5
8.22,0.06105006,-2.0,0.1,22.5
8.22,0.06105006,-2.0,0.1,22.5
8.22,0.056166057,-2.0,0.1,22.5
8.22,0.056166057,-2.0,0.1,22.5
8.22,0.06105006,-2.0,0.1,22.5
8.22,0.06105006,-2.0,0.1,22.5
8.22,0.06593407,-2.0,0.1,22.5
8.22,0.06105006,-2.0,0.1,22.5
8.22,0.056166057,-2.0,0.1,22.5
8.22,0.06105006,-2.0,0.1,22.5
8.23,0.06105006,-2.0,0.1,22.5
8.23,0.06105006,-2.0,0.1,22.5
8.23,0.06105006,-2.0,0.1,22.5
8.23,0.070818074,-2.0,0.1,22.5
8.23,0.07570208,-2.0,0.1,22.5
8.23,0.070818074,-2.0,0.1,22.5
8.23,0.070818074,-2.0,0.1,22.5
8.23,0.070818074,-2.0,0.1,22.5
8.23,0.07570208,-2.0,0.1,22.5
8.24,0.08058608,-2.0,0.1,22.5
8.24,0.08058608,-2.0,0.1,22.5
8.24,0.07570208,-2.0,0.1,22.5
8.24,0.08058608,-2.0,0.1,22.5
8.24,0.08058608,-2.0,0.1,22.5
8.24,0.08058608,-2.0,0.1,22.5
8.24,0.09035409,-2.0,0.1,22.5
8.24,0.09035409,-2.0,0.1,22.5
8.24,0.09035409,-2.0,0.1,22.5
8.24,0.09035409,-2.0,0.1,22.5
8.25,0.0952381,-2.0,0.1,22.5
8.25,0.09035409,-2.0,0.1,22.5
8.25,0.0952381,-2.0,0.1,22.5
8.25,0.0952381,-2.0,0.1,22.5
8.25,0.105006106,-2.0,0.1,22.400000000000002
8.25,0.0952381,-2.0,0.1,22.400000000000002
8.25,0.0952381,-2.0,0.1,22.400000000000002
8.25,0.1001221,-2.0,0.1,22.400000000000002
8.25,0.1001221,-2.0,0.1,22.400000000000002
8.26,0.1001221,-2.0,0.1,22.400000000000002
8.26,0.1001221,-2.0,0.1,22.400000000000002
8.26,0.105006106,-2.0,0.1,22.400000000000002
8.26,0.105006106,-2.0,0.1,22.400000000000002
8.26,0.10989011,-2.0,0.1,22.400000000000002
8.26,0.105006106,-2.0,0.1,22.400000000000002
8.26,0.105006106,-2.0,0.1,22.400000000000002
8.26,0.10989011,-2.0,0.1,22.400000000000002
8.26,0.10989011,-2.0,0.1,22.400000000000002
8.26,0.10989011,-2.0,0.1,22.400000000000002
8.27,0.10989011,-2.0,0.1,22.400000000000002
8.27,0.105006106,-2.0,0.1,22.400000000000002
8.27,0.10989011,-2.0,0.1,22.400000000000002
8.27,0.10989011,-2.0,0.1,22.400000000000002
8.27,0.10989011,-2.0,0.1,22.400000000000002
8.27,0.10989011,-2.0,0.1,22.400000000000002
8.27,0.114774115,-2.0,0.1,22.400000000000002
8.27,0.105006106,-2.0,0.1,22.400000000000002
8.28,0.10989011,-2.0,0.1,22.400000000000002
8.28,0.10989011,-2.0,0.1,22.400000000000002
8.28,0.114774115,-2.0,0.1,22.5
8.28,0.114774115,-2.0,0.1,22.5
8.28,0.10989011,-2.0,0.1,22.5
8.28,0.114774115,-2.0,0.1,22.5
8.28,0.10989011,-2.0,0.1,22.5
8.28,0.114774115,-2.0,0.1,22.5
8.28,0.114774115,-2.0,0.1,22.5
8.28,0.10989011,-2.0,0.1,22.5
8.29,0.114774115,-2.0,0.1,22.5
8.29,0.114774115,-2.0,0.1,22.5
8.29,0.10989011,-2.0,0.1,22.5
8.29,0.105006106,-2.0,0.1,22.5
8.29,0.105006106,-2.0,0.1,22.5
8.29,0.105006106,-2.0,0.1,22.5
8.29,0.1001221,-2.0,0.1,22.5
8.29,0.1001221,-2.0,0.1,22.5
8.29,0.1001221,-2.0,0.1,22.5
8.29,0.1001221,-2.0,0.1,22.5
8.3,0.0952381,-2.0,0.1,22.5
8.3,0.0952381,-2.0,0.1,22.5
8.3,0.09035409,-2.0,0.1,22.5
8.3,0.09035409,-2.0,0.1,22.5
8.3,0.0952381,-2.0,0.1,22.5
8.3,0.09035409,-2.0,0.1,22.6
8.3,0.09035409,-2.0,0.1,22.6
8.3,0.09035409,-2.0,0.1,22.6
8.31,0.08547009,-2.0,0.1,22.6
8.31,0.0952381,-2.0,0.1,22.6
8.31,0.1001221,-2.0,0.1,22.6
8.31,0.0952381,-2.0,0.1,22.6
8.31,0.1001221,-2.0,0.1,22.6
8.31,0.1001221,-2.0,0.1,22.6
8.31,0.1001221,-2.0,0.1,22.6
8.31,0.105006106,-2.0,0.1,22.6
8.31,0.10989011,-2.0,0.1,22.6
8.32,0.114774115,-2.0,0.1,22.6
8.32,0.11965812,-2.0,0.1,22.5
8.32,0.124542125,-2.0,0.1,22.5
8.32,0.12942614,-2.0,0.1,22.5
8.32,0.13431014,-2.0,0.1,22.5
8.32,0.12942614,-2.0,0.1,22.5
8.32,0.13919415,-2.0,0.1,22.5
8.32,0.14407815,-2.0,0.1,22.5
8.32,0.14896215,-2.0,0.1,22.5
8.32,0.14407815,-2.0,0.1,22.5
8.33,0.14407815,-2.0,0.1,22.5
8.33,0.15384616,-2.0,0.1,22.5
8.33,0.15384616,-2.0,0.1,22.5
8.33,0.14896215,-2.0,0.1,22.5
8.33,0.14896215,-2.0,0.1,22.6
8.33,0.15384616,-2.0,0.1,22.6
8.33,0.15384616,-2.0,0.1,22.6
8.33,0.14896215,-2.0,0.1,22.6
8.33,0.14407815,-2.0,0.1,22.6
8.33,0.14896215,-2.0,0.1,22.6
8.34,0.15384616,-2.0,0.1,22.6
8.34,0.14896215,-2.0,0.1,22.6
8.34,0.14896215,-2.0,0.1,22.6
8.34,0.13919415,-2.0,0.1,22.6
8.34,0.13431014,-2.0,0.1,22.6
8.34,0.13919415,-2.0,0.1,22.5
8.34,0.12942614,-2.0,0.1,22.5
8.35,0.11965812,-2.0,0.1,22.5
8.35,0.114774115,-2.0,0.1,22.5
8.35,0.10989011,-2.0,0.1,22.5
8.35,0.1001221,-2.0,0.1,22.5
8.35,0.0952381,-2.0,0.1,22.5
8.35,0.09035409,-2.0,0.1,22.5
8.35,0.08547009,-2.0,0.1,22.5
8.35,0.08547009,-2.0,0.1,22.5
8.36,0.08058608,-2.0,0.1,22.5
8.36,0.07570208,-2.0,0.1,22.5
8.36,0.070818074,-2.0,0.1,22.5
8.36,0.06593407,-2.0,0.1,22.5
8.36,0.06593407,-2.0,0.1,22.5
8.36,0.06593407,-2.0,0.1,22.5
8.36,0.06105006,-2.0,0.1,22.5
8.36,0.056166057,-2.0,0.1,22.5
8.37,0.056166057,-2.0,0.1,22.5
8.37,0.051282052,-2.0,0.1,22.5
8.37,0.046398047,-2.0,0.1,22.400000000000002
8.37,0.046398047,-2.0,0.1,22.400000000000002
8.37,0.046398047,-2.0,0.1,22.400000000000002
8.37,0.041514043,-2.0,0.1,22.400000000000002
8.37,0.041514043,-2.0,0.1,22.400000000000002
8.38,0.041514043,-2.0,0.1,22.400000000000002
8.38,0.041514043,-2.0,0.1,22.400000000000002
8.38,0.03663004,-2.0,0.1,22.400000000000002
8.38,0.03663004,-2.0,0.1,22.400000000000002
8.38,0.041514043,-2.0,0.1,22.400000000000002
8.38,0.041514043,-2.0,0.1,22.400000000000002
8.38,0.03663004,-2.0,0.1,22.400000000000002
8.38,0.041514043,-2.0,0.1,22.400000000000002
8.38,0.041514043,-2.0,0.1,22.400000000000002
8.38,0.041514043,-2.0,0.1,22.400000000000002
8.39,0.041514043,-2.0,0.1,22.400000000000002
8.39,0.046398047,-2.0,0.1,22.400000000000002
8.39,0.041514043,-2.0,0.1,22.400000000000002
8.39,0.046398047,-2.0,0.1,22.400000000000002
8.39,0.046398047,-2.0,0.1,22.400000000000002
8.39,0.046398047,-2.0,0.1,22.400000000000002
8.39,0.051282052,-2.0,0.1,22.400000000000002
8.39,0.051282052,-2.0,0.1,22.400000000000002
8.4,0.051282052,-2.0,0.1,22.400000000000002
8.4,0.051282052,-2.0,0.1,22.400000000000002
8.4,0.06105006,-2.0,0.1,22.400000000000002
8.4,0.056166057,-2.0,0.1,22.400000000000002
8.4,0.056166057,-2.0,0.1,22.400000000000002
8.4,0.06105006,-2.0,0.1,22.400000000000002
8.4,0.06593407,-2.0,0.1,22.400000000000002
8.4,0.06105006,-2.0,0.1,22.400000000000002
8.4,0.06105006,-2.0,0.1,22.400000000000002
8.41,0.06593407,-2.0,0.1,22.400000000000002
8.41,0.06593407,-2.0,0.1,22.400000000000002
8.41,0.070818074,-2.0,0.1,22.3
8.41,0.06593407,-2.0,0.1,22.3
8.41,0.070818074,-2.0,0.1,22.3
8.41,0.07570208,-2.0,0.1,22.3
8.41,0.070818074,-2.0,0.1,22.3
8.41,0.07570208,-2.0,0.1,22.3
8.42,0.07570208,-2.0,0.1,22.3
8.42,0.08058608,-2.0,0.1,22.3
8.42,0.08547009,-2.0,0.1,22.3
8.42,0.08547009,-2.0,0.1,22.3
8.42,0.08547009,-2.0,0.1,22.3
8.42,0.08547009,-2.0,0.1,22.3
8.42,0.09035409,-2.0,0.1,22.3
8.42,0.09035409,-2.0,0.1,22.3
8.43,0.09035409,-2.0,0.1,22.3
8.43,0.0952381,-2.0,0.1,22.3
8.43,0.0952381,-2.0,0.1,22.3
8.43,0.0952381,-2.0,0.1,22.3
8.43,0.0952381,-2.0,0.1,22.3
8.43,0.1001221,-2.0,0.1,22.3
8.43,0.1001221,-2.0,0.1,22.200000000000003
8.44,0.1001221,-2.0,0.1,22.200000000000003
8.44,0.1001221,-2.0,0.1,22.200000000000003
8.44,0.1001221,-2.0,0.1,22.200000000000003
8.44,0.0952381,-2.0,0.1,22.200000000000003
8.44,0.1001221,-2.0,0.1,22.200000000000003
8.44,0.1001221,-2.0,0.1,22.200000000000003
8.44,0.1001221,-2.0,0.1,22.200000000000003
8.44,0.105006106,-2.0,0.1,22.200000000000003
8.44,0.1001221,-2.0,0.1,22.200000000000003
8.45,0.10989011,-2.0,0.1,22.1
8.45,0.10989011,-2.0,0.1,22.1
8.45,0.10989011,-2.0,0.1,22.1
8.45,0.105006106,-2.0,0.1,22.1
8.45,0.10989011,-2.0,0.1,22.1
8.45,0.10989011,-2.0,0.1,22.1
8.45,0.10989011,-2.0,0.1,22.1
8.46,0.114774115,-2.0,0.1,22.1
8.46,0.114774115,-2.0,0.1,22.1
8.46,0.114774115,-1.9000000000000001,0.1,22.1
8.46,0.114774115,-1.9000000000000001,0.1,22.1
8.46,0.11965812,-1.9000000000000001,0.1,22.1
8.46,0.114774115,-1.9000000000000001,0.1,22.1
8.46,0.114774115,-1.9000000000000001,0.1,22.1
8.46,0.10989011,-1.9000000000000001,0.1,22.1
8.47,0.114774115,-1.9000000000000001,0.1,22.1
8.47,0.10989011,-1.9000000000000001,0.1,22.1
8.47,0.105006106,-1.9000000000000001,0.1,22.1
8.47,0.0952381,-2.0,0.1,22.200000000000003
8.47,0.09035409,-2.0,0.1,22.200000000000003
8.47,0.08058608,-2.0,0.1,22.200000000000003
8.48,0.07570208,-2.0,0.1,22.200000000000003
8.48,0.06105006,-2.0,0.1,22.200000000000003
8.48,0.046398047,-2.0,0.1,22.200000000000003
8.48,0.03663004,-2.0,0.1,22.200000000000003
8.48,0.031746034,-2.0,0.1,22.200000000000003
8.48,0.026862027,-2.0,0.1,22.200000000000003
8.48,0.021978023,-1.9000000000000001,0.1,22.1
8.49,0.012210012,-1.9000000000000001,0.1,22.1
8.49,0.0073260074,-1.9000000000000001,0.1,22.1
8.49,0.0024420025,-1.9000000000000001,0.1,22.1
8.49,-0.0024420025,-1.9000000000000001,0.1,22.1
8.49,-0.0024420025,-1.9000000000000001,0.1,22.1
8.49,-0.0024420025,-1.9000000000000001,0.1,22.1
8.5,-0.0073260074,-1.9000000000000001,0.1,22.1
8.5,-0.0073260074,-2.0,0.1,22.200000000000003
8.5,-0.0073260074,-2.0,0.1,22.200000000000003
8.5,-0.0073260074,-2.0,0.1,22.200000000000003
8.5,-0.0073260074,-2.0,0.1,22.200000000000003
8.5,-0.0024420025,-2.0,0.1,22.200000000000003
8.5,-0.0024420025,-2.0,0.1,22.200000000000003
8.5,-0.0024420025,-2.0,0.1,22.200000000000003
8.51,-0.0024420025,-2.0,0.1,22.200000000000003
8.51,0.0073260074,-2.0,0.1,22.200000000000003
8.51,0.0073260074,-2.0,0.1,22.200000000000003
8.51,0.017094018,-2.0,0.1,22.200000000000003
8.51,0.017094018,-2.0,0.1,22.200000000000003
8.51,0.026862027,-2.0,0.1,22.200000000000003
8.52,0.031746034,-2.0,0.1,22.200000000000003
8.52,0.031746034,-2.0,0.1,22.200000000000003
8.52,0.03663004,-2.0,0.1,22.200000000000003
8.52,0.041514043,-2.0,0.1,22.200000000000003
8.52,0.046398047,-2.0,0.1,22.200000000000003
8.52,0.051282052,-2.0,0.1,22.3
8.52,0.051282052,-2.0,0.1,22.3
8.53,0.056166057,-2.0,0.1,22.3
8.53,0.06105006,-2.0,0.1,22.3
8.53,0.06593407,-2.0,0.1,22.3
8.53,0.08058608,-2.0,0.1,22.3
8.53,0.08547009,-2.0,0.1,22.3
8.53,0.09035409,-2.0,0.1,22.3
8.53,0.09035409,-2.0,0.1,22.3
8.53,0.1001221,-2.0,0.1,22.3
8.54,0.105006106,-2.0,0.1,22.3
8.54,0.114774115,-2.0,0.1,22.3
8.54,0.11965812,-2.0,0.1,22.3
8.54,0.124542125,-2.0,0.1,22.3
8.54,0.12942614,-2.0,0.1,22.3
8.54,0.13431014,-2.0,0.1,22.3
8.54,0.13919415,-2.0,0.1,22.3
8.54,0.13919415,-2.0,0.1,22.3
8.55,0.14407815,-2.0,0.1,22.3
8.55,0.14896215,-2.0,0.1,22.3
8.55,0.14896215,-2.0,0.1,22.3
8.55,0.15384616,-2.0,0.1,22.3
8.55,0.15384616,-2.0,0.1,22.3
8.55,0.15384616,-2.0,0.1,22.3
8.55,0.15384616,-2.0,0.1,22.3
8.55,0.15384616,-2.0,0.1,22.3
8.56,0.15873016,-2.0,0.1,22.3
8.56,0.15873016,-2.0,0.1,22.3
8.56,0.15873016,-2.0,0.1,22.3
8.56,0.15873016,-2.0,0.1,22.3
8.56,0.16361417,-2.0,0.1,22.3
8.56,0.16361417,-2.0,0.1,22.3
8.56,0.16361417,-2.0,0.1,22.3
8.57,0.16361417,-2.0,0.1,22.3
8.57,0.15384616,-2.0,0.1,22.3
8.57,0.16849817,-2.0,0.1,22.3
8.57,0.16361417,-2.0,0.1,22.3
8.57,0.16361417,-2.0,0.1,22.3
8.57,0.16361417,-2.0,0.1,22.3
8.57,0.16361417,-2.0,0.1,22.3
8.58,0.16361417,-2.0,0.1,22.200000000000003
8.58,0.15873016,-2.0,0.1,22.200000000000003
8.58,0.16361417,-2.0,0.1,22.200000000000003
8.58,0.15873016,-2.0,0.1,22.200000000000003
8.58,0.16361417,-2.0,0.1,22.200000000000003
8.58,0.15873016,-2.0,0.1,22.200000000000003
8.58,0.15384616,-2.0,0.1,22.200000000000003
8.58,0.14896215,-2.0,0.1,22.200000000000003
8.59,0.14407815,-2.0,0.1,22.200000000000003
8.59,0.13431014,-2.0,0.1,22.200000000000003
8.59,0.12942614,-2.0,0.1,22.200000000000003
8.59,0.124542125,-2.0,0.1,22.200000000000003
8.59,0.10989011,-2.0,0.1,22.200000000000003
8.59,0.0952381,-2.0,0.1,22.200000000000003
8.59,0.08058608,-2.0,0.1,22.200000000000003
8.59,0.070818074,-2.0,0.1,22.200000000000003
8.6,0.06105006,-2.0,0.1,22.200000000000003
8.6,0.051282052,-2.0,0.1,22.200000000000003
8.6,0.03663004,-2.0,0.1,22.200000000000003
8.6,0.026862027,-2.0,0.1,22.200000000000003
8.6,0.021978023,-2.0,0.1,22.200000000000003
8.6,0.012210012,-2.0,0.1,22.200000000000003
8.6,0.0073260074,-2.0,0.1,22.200000000000003
8.6,0.0024420025,-2.0,0.1,22.200000000000003
8.61,-0.0024420025,-2.0,0.1,22.200000000000003
8.61,-0.0073260074,-2.0,0.1,22.200000000000003
8.61,-0.012210012,-2.0,0.1,22.200000000000003
8.61,-0.017094018,-2.0,0.1,22.200000000000003
8.61,-0.021978023,-2.0,0.1,22.200000000000003
8.61,-0.021978023,-2.0,0.1,22.200000000000003
8.61,-0.021978023,-2.0,0.1,22.200000000000003
8.61,-0.021978023,-2.0,0.1,22.200000000000003
8.61,-0.026862027,-2.0,0.1,22.200000000000003
8.61,-0.031746034,-2.0,0.1,22.200000000000003
8.62,-0.031746034,-2.0,0.1,22.200000000000003
8.62,-0.031746034,-2.0,0.1,22.200000000000003
8.62,-0.031746034,-2.0,0.1,22.200000000000003
8.62,-0.031746034,-2.0,0.1,22.200000000000003
8.62,-0.026862027,-2.0,0.1,22.200000000000003
8.62,-0.031746034,-2.0,0.1,22.200000000000003
8.62,-0.031746034,-2.0,0.1,22.200000000000003
8.62,-0.026862027,-2.0,0.1,22.200000000000003
8.62,-0.021978023,-2.0,0.1,22.200000000000003
8.62,-0.017094018,-2.0,0.1,22.200000000000003
8.63,-0.012210012,-2.0,0.1,22.200000000000003
8.63,-0.0073260074,-2.0,0.1,22.200000000000003
8.63,-0.012210012,-2.0,0.1,22.3
8.63,-0.0073260074,-2.0,0.1,22.3
8.63,-0.0024420025,-2.0,0.1,22.3
8.63,0.0024420025,-2.0,0.1,22.3
8.63,0.0073260074,-2.0,0.1,22.3
8.63,0.012210012,-2.0,0.1,22.3
8.64,0.012210012,-2.0,0.1,22.3
8.64,0.017094018,-2.0,0.1,22.3
8.64,0.021978023,-2.0,0.1,22.3
8.64,0.021978023,-2.0,0.1,22.3
8.64,0.026862027,-2.0,0.1,22.3
8.64,0.026862027,-2.0,0.1,22.3
8.64,0.031746034,-2.0,0.1,22.200000000000003
8.64,0.031746034,-2.0,0.1,22.200000000000003
8.64,0.03663004,-2.0,0.1,22.200000000000003
8.64,0.041514043,-2.0,0.1,22.200000000000003
8.65,0.051282052,-2.0,0.1,22.200000000000003
8.65,0.051282052,-2.0,0.1,22.200000000000003
8.65,0.06105006,-2.0,0.1,22.200000000000003
8.65,0.08058608,-2.0,0.1,22.200000000000003
8.65,0.08547009,-2.0,0.1,22.200000000000003
8.65,0.0952381,-2.0,0.1,22.200000000000003
8.65,0.0952381,-2.0,0.1,22.200000000000003
8.65,0.105006106,-2.0,0.1,22.200000000000003
8.65,0.10989011,-2.0,0.1,22.200000000000003
8.66,0.114774115,-2.0,0.1,22.200000000000003
8.66,0.11965812,-2.0,0.1,22.200000000000003
8.66,0.124542125,-2.0,0.1,22.200000000000003
8.66,0.12942614,-2.0,0.1,22.200000000000003
8.66,0.13431014,-2.0,0.1,22.200000000000003
8.66,0.13919415,-2.0,0.1,22.200000000000003
8.66,0.14407815,-2.0,0.1,22.200000000000003
8.66,0.14407815,-2.0,0.1,22.200000000000003
8.67,0.14896215,-2.0,0.1,22.200000000000003
8.67,0.14896215,-2.0,0.1,22.200000000000003
8.67,0.15384616,-2.0,0.1,22.1
8.67,0.15384616,-2.0,0.1,22.1
8.67,0.15384616,-2.0,0.1,22.1
8.67,0.14896215,-2.0,0.1,22.1
8.67,0.15384616,-2.0,0.1,22.1
8.67,0.15384616,-2.0,0.1,22.1
8.67,0.14896215,-2.0,0.1,22.1
8.67,0.15384616,-2.0,0.1,22.1
8.68,0.15384616,-2.0,0.1,22.1
8.68,0.14896215,-2.0,0.1,22.1
8.68,0.14896215,-2.0,0.1,22.1
8.68,0.14407815,-2.0,0.1,22.1
8.68,0.14407815,-2.0,0.1,22.1
8.68,0.13919415,-2.0,0.1,22.1
8.68,0.13919415,-2.0,0.1,22.1
8.68,0.13919415,-2.0,0.1,22.1
8.68,0.13431014,-2.0,0.1,22.1
8.69,0.12942614,-2.0,0.1,22.1
8.69,0.12942614,-2.0,0.1,22.1
8.69,0.124542125,-2.0,0.1,22.1
8.69,0.124542125,-2.0,0.1,22.1
8.69,0.114774115,-2.0,0.1,22.1
8.69,0.105006106,-2.0,0.1,22.1
8.69,0.10989011,-2.0,0.1,22.200000000000003
8.69,0.1001221,-2.0,0.1,22.200000000000003
8.69,0.105006106,-2.0,0.1,22.200000000000003
8.69,0.0952381,-2.0,0.1,22.200000000000003
8.7,0.09035409,-2.0,0.1,22.200000000000003
8.7,0.08547009,-2.0,0.1,22.200000000000003
8.7,0.08058608,-2.0,0.1,22.200000000000003
8.7,0.08058608,-2.0,0.1,22.200000000000003
8.7,0.08058608,-2.0,0.1,22.200000000000003
8.7,0.07570208,-2.0,0.1,22.200000000000003
8.7,0.070818074,-2.0,0.1,22.200000000000003
8.7,0.06105006,-2.0,0.1,22.200000000000003
8.7,0.06593407,-2.0,0.1,22.200000000000003
8.71,0.06593407,-2.0,0.1,22.200000000000003
8.71,0.051282052,-2.0,0.1,22.200000000000003
8.71,0.056166057,-2.0,0.1,22.200000000000003
8.71,0.041514043,-2.0,0.1,22.200000000000003
8.71,0.046398047,-2.0,0.1,22.200000000000003
8.71,0.046398047,-2.0,0.1,22.200000000000003
8.71,0.046398047,-2.0,0.1,22.200000000000003
8.71,0.046398047,-2.0,0.1,22.200000000000003
8.71,0.041514043,-2.0,0.1,22.200000000000003
8.72,0.03663004,-2.0,0.1,22.200000000000003
8.72,0.03663004,-2.0,0.1,22.200000000000003
8.72,0.041514043,-2.0,0.1,22.200000000000003
8.72,0.03663004,-2.0,0.1,22.200000000000003
8.72,0.031746034,-2.0,0.1,22.200000000000003
8.72,0.031746034,-2.0,0.1,22.200000000000003
8.72,0.031746034,-2.0,0.1,22.200000000000003
8.72,0.03663004,-2.0,0.1,22.200000000000003
8.72,0.03663004,-2.0,0.1,22.200000000000003
8.72,0.031746034,-2.0,0.1,22.200000000000003
8.73,0.031746034,-2.0,0.1,22.200000000000003
8.73,0.031746034,-2.0,0.1,22.200000000000003
8.73,0.026862027,-2.0,0.1,22.200000000000003
8.73,0.031746034,-2.0,0.1,22.200000000000003
8.73,0.031746034,-2.0,0.1,22.200000000000003
8.73,0.031746034,-2.0,0.1,22.3
8.73,0.031746034,-2.0,0.1,22.3
8.73,0.031746034,-2.0,0.1,22.3
8.73,0.031746034,-2.0,0.1,22.3
8.74,0.031746034,-2.0,0.1,22.3
8.74,0.031746034,-2.0,0.1,22.3
8.74,0.031746034,-2.0,0.1,22.3
8.74,0.03663004,-2.0,0.1,22.3
8.74,0.041514043,-2.0,0.1,22.3
8.74,0.03663004,-2.0,0.1,22.3
8.74,0.046398047,-2.0,0.1,22.3
8.74,0.046398047,-2.0,0.1,22.3
8.74,0.041514043,-2.0,0.1,22.3
8.74,0.046398047,-2.0,0.1,22.3
8.75,0.046398047,-2.0,0.1,22.3
8.75,0.046398047,-2.0,0.1,22.3
8.75,0.046398047,-2.0,0.1,22.3
8.75,0.056166057,-2.0,0.1,22.3
8.75,0.056166057,-2.0,0.1,22.3
8.75,0.056166057,-2.0,0.1,22.3
8.75,0.051282052,-2.0,0.1,22.3
8.75,0.051282052,-2.0,0.1,22.3
8.75,0.056166057,-2.0,0.1,22.3
8.76,0.06105006,-2.0,0.1,22.3
8.76,0.06593407,-2.0,0.1,22.3
8.76,0.06105006,-2.0,0.1,22.3
8.76,0.06593407,-2.0,0.1,22.3
8.76,0.06593407,-2.0,0.1,22.3
8.76,0.06105006,-2.0,0.1,22.3
8.76,0.06593407,-2.0,0.1,22.3
8.76,0.070818074,-2.0,0.1,22.3
8.76,0.07570208,-2.0,0.1,22.3
8.77,0.07570208,-2.0,0.1,22.3
8.77,0.07570208,-2.0,0.1,22.3
8.77,0.07570208,-2.0,0.1,22.3
8.77,0.07570208,-2.0,0.1,22.3
8.77,0.08547009,-2.0,0.1,22.3
8.77,0.09035409,-2.0,0.1,22.3
8.77,0.09035409,-2.0,0.1,22.3
8.77,0.08547009,-2.0,0.1,22.3
8.77,0.09035409,-2.0,0.1,22.3
8.78,0.08547009,-2.0,0.1,22.3
8.78,0.08547009,-2.0,0.1,22.3
8.78,0.0952381,-2.0,0.1,22.3
8.78,0.0952381,-2.0,0.1,22.3
8.78,0.0952381,-2.0,0.1,22.3
8.78,0.1001221,-2.0,0.1,22.3
8.78,0.0952381,-2.0,0.1,22.3
8.78,0.0952381,-2.0,0.1,22.3
8.78,0.1001221,-2.0,0.1,22.3
8.78,0.0952381,-2.0,0.1,22.400000000000002
8.79,0.1001221,-2.0,0.1,22.400000000000002
8.79,0.105006106,-2.0,0.1,22.400000000000002
8.79,0.1001221,-2.0,0.1,22.400000000000002
8.79,0.0952381,-2.0,0.1,22.400000000000002
8.79,0.0952381,-2.0,0.1,22.400000000000002
8.79,0.0952381,-2.0,0.1,22.400000000000002
8.79,0.1001221,-2.0,0.1,22.400000000000002
8.79,0.1001221,-2.0,0.1,22.400000000000002
8.79,0.0952381,-2.0,0.1,22.400000000000002
8.79,0.0952381,-2.0,0.1,22.400000000000002
8.8,0.0952381,-2.0,0.1,22.400000000000002
8.8,0.0952381,-2.0,0.1,22.400000000000002
8.8,0.1001221,-2.0,0.1,22.400000000000002
8.8,0.1001221,-2.0,0.1,22.400000000000002
8.8,0.1001221,-2.0,0.1,22.400000000000002
8.8,0.1001221,-2.0,0.1,22.400000000000002
8.8,0.0952381,-2.0,0.1,22.400000000000002
8.8,0.0952381,-2.0,0.1,22.400000000000002
8.8,0.1001221,-2.0,0.1,22.400000000000002
8.81,0.09035409,-2.0,0.1,22.400000000000002
8.81,0.1001221,-2.0,0.1,22.400000000000002
8.81,0.105006106,-2.0,0.1,22.400000000000002
8.81,0.0952381,-2.0,0.1,22.3
8.81,0.0952381,-2.0,0.1,22.3
8.81,0.0952381,-2.0,0.1,22.3
8.81,0.0952381,-2.0,0.1,22.3
8.81,0.09035409,-2.0,0.1,22.3
8.81,0.1001221,-2.0,0.1,22.3
8.81,0.0952381,-2.0,0.1,22.3
8.82,0.09035409,-2.0,0.1,22.3
8.82,0.09035409,-2.0,0.1,22.3
8.82,0.0952381,-2.0,0.1,22.3
8.82,0.0952381,-2.0,0.1,22.3
8.82,0.0952381,-2.0,0.1,22.3
8.82,0.1001221,-2.0,0.1,22.3
8.82,0.0952381,-2.0,0.1,22.3
8.82,0.1001221,-2.0,0.1,22.3
8.82,0.0952381,-2.0,0.1,22.3
8.83,0.0952381,-2.0,0.1,22.3
8.83,0.1001221,-2.0,0.1,22.3
8.83,0.1001221,-2.0,0.1,22.3
8.83,0.0952381,-2.0,0.1,22.3
8.83,0.0952381,-2.0,0.1,22.3
8.83,0.1001221,-2.0,0.1,22.3
8.83,0.1001221,-2.0,0.1,22.3
8.83,0.1001221,-2.0,0.1,22.3
8.83,0.105006106,-2.0,0.1,22.3
8.83,0.105006106,-2.0,0.1,22.3
8.84,0.1001221,-2.0,0.1,22.3
8.84,0.105006106,-2.0,0.1,22.3
8.84,0.105006106,-2.0,0.1,22.3
8.84,0.1001221,-2.0,0.1,22.3
8.84,0.105006106,-2.0,0.1,22.3
8.84,0.10989011,-2.0,0.1,22.3
8.84,0.105006106,-2.0,0.1,22.3
8.84,0.105006106,-2.0,0.1,22.3
8.85,0.105006106,-2.0,0.1,22.3
8.85,0.10989011,-2.0,0.1,22.3
8.85,0.105006106,-2.0,0.1,22.3
8.85,0.114774115,-2.0,0.1,22.200000000000003
8.85,0.114774115,-2.0,0.1,22.200000000000003
8.85,0.10989011,-2.0,0.1,22.200000000000003
8.85,0.10989011,-2.0,0.1,22.200000000000003
8.85,0.105006106,-2.0,0.1,22.200000000000003
8.85,0.10989011,-2.0,0.1,22.200000000000003
8.85,0.10989011,-2.0,0.1,22.200000000000003
8.86,0.114774115,-2.0,0.1,22.200000000000003
8.86,0.10989011,-2.0,0.1,22.200000000000003
8.86,0.105006106,-2.0,0.1,22.200000000000003
8.86,0.10989011,-2.0,0.1,22.200000000000003
8.86,0.105006106,-2.0,0.1,22.200000000000003
8.86,0.10989011,-2.0,0.1,22.200000000000003
8.86,0.10989011,-2.0,0.1,22.200000000000003
8.86,0.114774115,-2.0,0.1,22.200000000000003
8.87,0.10989011,-2.0,0.1,22.200000000000003
8.87,0.105006106,-2.0,0.1,22.200000000000003
8.87,0.105006106,-2.0,0.1,22.200000000000003
8.87,0.1001221,-2.0,0.1,22.200000000000003
8.87,0.105006106,-2.0,0.1,22.200000000000003
8.87,0.105006106,-2.0,0.1,22.200000000000003
8.87,0.105006106,-2.0,0.1,22.200000000000003
8.87,0.0952381,-2.0,0.1,22.200000000000003
8.87,0.0952381,-2.0,0.1,22.200000000000003
8.87,0.0952381,-2.0,0.1,22.400000000000002
8.88,0.1001221,-2.0,0.1,22.400000000000002
8.88,0.1001221,-2.0,0.1,22.400000000000002
8.88,0.1001221,-2.0,0.1,22.400000000000002
8.88,0.0952381,-2.0,0.1,22.400000000000002
8.88,0.09035409,-2.0,0.1,22.400000000000002
8.88,0.0952381,-2.0,0.1,22.400000000000002
8.88,0.0952381,-2.0,0.1,22.400000000000002
8.88,0.0952381,-2.0,0.1,22.400000000000002
8.88,0.1001221,-2.0,0.1,22.400000000000002
8.88,0.1001221,-2.0,0.1,22.400000000000002
8.88,0.0952381,-2.0,0.1,22.400000000000002
8.89,0.0952381,-2.0,0.1,22.400000000000002
8.89,0.0952381,-2.0,0.1,22.400000000000002
8.89,0.1001221,-2.0,0.1,22.400000000000002
8.89,0.1001221,-2.0,0.1,22.400000000000002
8.89,0.1001221,-2.0,0.1,22.400000000000002
8.89,0.0952381,-2.0,0.1,22.400000000000002
8.89,0.0952381,-2.0,0.1,22.400000000000002
8.89,0.0952381,-2.0,0.1,22.400000000000002
8.89,0.0952381,-2.0,0.1,22.400000000000002
8.9,0.1001221,-2.0,0.1,22.400000000000002
8.9,0.0952381,-2.0,0.1,22.400000000000002
8.9,0.1001221,-2.0,0.1,22.400000000000002
8.9,0.0952381,-2.0,0.1,22.400000000000002
8.9,0.0952381,-2.0,0.1,22.6
8.9,0.0952381,-2.0,0.1,22.6
8.9,0.1001221,-2.0,0.1,22.6
8.9,0.1001221,-2.0,0.1,22.6
8.91,0.1001221,-2.0,0.1,22.6
8.91,0.0952381,-2.0,0.1,22.6
8.91,0.1001221,-2.0,0.1,22.6
8.91,0.1001221,-2.0,0.1,22.6
8.91,0.1001221,-2.0,0.1,22.6
8.91,0.105006106,-2.0,0.1,22.6
8.91,0.105006106,-2.0,0.1,22.6
8.91,0.1001221,-2.0,0.1,22.6
8.91,0.1001221,-2.0,0.1,22.6
8.91,0.105006106,-2.0,0.1,22.6
8.92,0.1001221,-2.0,0.1,22.6
8.92,0.1001221,-2.0,0.1,22.6
8.92,0.10989011,-2.0,0.1,22.6
8.92,0.10989011,-2.0,0.1,22.6
8.92,0.10989011,-2.0,0.1,22.6
8.92,0.10989011,-2.0,0.1,22.6
8.92,0.1001221,-2.0,0.1,22.6
8.92,0.105006106,-2.0,0.1,22.6
8.92,0.105006106,-2.0,0.1,22.6
8.92,0.105006106,-2.0,0.1,22.6
8.93,0.10989011,-2.0,0.1,22.5
8.93,0.105006106,-2.0,0.1,22.5
8.93,0.10989011,-2.0,0.1,22.5
8.93,0.10989011,-2.0,0.1,22.5
8.93,0.105006106,-2.0,0.1,22.5
8.93,0.10989011,-2.0,0.1,22.5
8.93,0.10989011,-2.0,0.1,22.5
8.93,0.10989011,-2.0,0.1,22.5
8.93,0.105006106,-2.0,0.1,22.5
8.93,0.10989011,-2.0,0.1,22.5
8.94,0.10989011,-2.0,0.1,22.5
8.94,0.105006106,-2.0,0.1,22.5
8.94,0.114774115,-2.0,0.1,22.5
8.94,0.114774115,-2.0,0.1,22.3
8.94,0.114774115,-2.0,0.1,22.3
8.94,0.114774115,-2.0,0.1,22.3
8.94,0.10989011,-2.0,0.1,22.3
8.94,0.114774115,-2.0,0.1,22.3
8.94,0.10989011,-2.0,0.1,22.3
8.95,0.114774115,-2.0,0.1,22.3
8.95,0.114774115,-2.0,0.1,22.3
8.95,0.10989011,-2.0,0.1,22.3
8.95,0.10989011,-2.0,0.1,22.3
8.95,0.10989011,-2.0,0.1,22.3
8.95,0.114774115,-2.0,0.1,22.3
8.95,0.114774115,-2.0,0.1,22.3
8.95,0.10989011,-2.0,0.1,22.3
8.95,0.114774115,-2.0,0.1,22.3
8.96,0.11965812,-2.0,0.1,22.3
8.96,0.10989011,-2.0,0.1,22.3
8.96,0.114774115,-2.0,0.1,22.3
8.96,0.114774115,-2.0,0.1,22.3
8.96,0.114774115,-2.0,0.1,22.3
8.96,0.114774115,-2.0,0.1,22.3
8.96,0.114774115,-2.0,0.1,22.3
8.96,0.114774115,-2.0,0.1,22.3
8.96,0.114774115,-2.0,0.1,22.3
8.96,0.114774115,-1.9000000000000001,0.1,22.200000000000003
8.97,0.11965812,-1.9000000000000001,0.1,22.200000000000003
8.97,0.114774115,-1.9000000000000001,0.1,22.200000000000003
8.97,0.114774115,-1.9000000000000001,0.1,22.200000000000003
8.97,0.114774115,-1.9000000000000001,0.1,22.200000000000003
8.97,0.114774115,-1.9000000000000001,0.1,22.200000000000003
8.97,0.114774115,-1.9000000000000001,0.1,22.200000000000003
8.97,0.114774115,-1.9000000000000001,0.1,22.200000000000003
8.97,0.114774115,-1.9000000000000001,0.1,22.200000000000003
8.98,0.11965812,-1.9000000000000001,0.1,22.200000000000003
8.98,0.10989011,-1.9000000000000001,0.1,22.200000000000003
8.98,0.10989011,-1.9000000000000001,0.1,22.200000000000003
8.98,0.10989011,-1.9000000000000001,0.1,22.200000000000003
8.98,0.10989011,-1.9000000000000001,0.1,22.200000000000003
8.98,0.11965812,-1.9000000000000001,0.1,22.200000000000003
8.98,0.10989011,-1.9000000000000001,0.1,22.200000000000003
8.98,0.105006106,-1.9000000000000001,0.1,22.200000000000003
8.98,0.105006106,-1.9000000000000001,0.1,22.200000000000003
8.98,0.105006106,-1.9000000000000001,0.1,22.200000000000003
8.99,0.105006106,-1.9000000000000001,0.1,22.200000000000003
8.99,0.105006106,-1.9000000000000001,0.1,22.200000000000003
8.99,0.10989011,-1.9000000000000001,0.1,22.200000000000003
8.99,0.1001221,-1.9000000000000001,0.1,22.200000000000003
8.99,0.1001221,-1.9000000000000001,0.1,22.200000000000003
8.99,0.1001221,-1.9000000000000001,0.1,22.3
8.99,0.1001221,-1.9000000000000001,0.1,22.3
8.99,0.105006106,-1.9000000000000001,0.1,22.3
8.99,0.1001221,-1.9000000000000001,0.1,22.3
9.0,0.1001221,-1.9000000000000001,0.1,22.3
9.0,0.0952381,-1.9000000000000001,0.1,22.3
9.0,0.0952381,-1.9000000000000001,0.1,22.3
9.0,0.09035409,-1.9000000000000001,0.1,22.3
9.0,0.1001221,-1.9000000000000001,0.1,22.3
9.0,0.0952381,-1.9000000000000001,0.1,22.3
9.0,0.09035409,-1.9000000000000001,0.1,22.3
9.0,0.09035409,-1.9000000000000001,0.1,22.3
9.0,0.09035409,-1.9000000000000001,0.1,22.3
9.0,0.09035409,-1.9000000000000001,0.1,22.3
9.01,0.0952381,-1.9000000000000001,0.1,22.3
9.01,0.09035409,-1.9000000000000001,0.1,22.3
9.01,0.08547009,-1.9000000000000001,0.1,22.3
9.01,0.08547009,-1.9000000000000001,0.1,22.3
9.01,0.08547009,-1.9000000000000001,0.1,22.3
9.01,0.08547009,-1.9000000000000001,0.1,22.3
9.01,0.09035409,-1.9000000000000001,0.1,22.3
9.01,0.08547009,-1.9000000000000001,0.1,22.3
9.01,0.08547009,-1.9000000000000001,0.1,22.3
9.02,0.08058608,-1.9000000000000001,0.1,22.3
9.02,0.08058608,-1.9000000000000001,0.1,22.3
9.02,0.08547009,-1.9000000000000001,0.1,22.3
9.02,0.09035409,-1.9000000000000001,0.1,22.3
9.02,0.09035409,-1.9000000000000001,0.1,22.3
9.02,0.08058608,-1.9000000000000001,0.1,22.3
9.02,0.08058608,-1.9000000000000001,0.1,22.3
9.02,0.08547009,-1.9000000000000001,0.1,22.3
9.02,0.08547009,-1.9000000000000001,0.1,22.3
9.03,0.09035409,-1.9000000000000001,0.1,22.3
9.03,0.09035409,-1.9000000000000001,0.1,22.3
9.03,0.08547009,-1.9000000000000001,0.1,22.3
9.03,0.09035409,-1.9000000000000001,0.1,22.3
9.03,0.09035409,-1.9000000000000001,0.1,22.3
9.03,0.0952381,-1.9000000000000001,0.1,22.3
9.03,0.1001221,-1.9000000000000001,0.1,22.3
9.03,0.1001221,-1.9000000000000001,0.1,22.3
9.04,0.0952381,-1.9000000000000001,0.1,22.3
9.04,0.1001221,-1.9000000000000001,0.1,22.3
9.04,0.1001221,-1.9000000000000001,0.1,22.3
9.04,0.0952381,-1.9000000000000001,0.1,22.3
9.04,0.1001221,-1.9000000000000001,0.1,22.3
9.04,0.105006106,-1.9000000000000001,0.1,22.3
9.04,0.1001221,-1.9000000000000001,0.1,22.3
9.04,0.105006106,-1.9000000000000001,0.1,22.200000000000003
9.04,0.1001221,-1.9000000000000001,0.1,22.200000000000003
9.05,0.105006106,-1.9000000000000001,0.1,22.200000000000003
9.05,0.105006106,-1.9000000000000001,0.1,22.200000000000003
9.05,0.105006106,-1.9000000000000001,0.1,22.200000000000003
9.05,0.105006106,-1.9000000000000001,0.1,22.200000000000003
9.05,0.105006106,-1.9000000000000001,0.1,22.200000000000003
9.05,0.105006106,-1.9000000000000001,0.1,22.200000000000003
9.05,0.1001221,-1.9000000000000001,0.1,22.200000000000003
9.05,0.105006106,-1.9000000000000001,0.1,22.200000000000003
9.05,0.10989011,-1.9000000000000001,0.1,22.200000000000003
9.05,0.10989011,-1.9000000000000001,0.1,22.200000000000003
9.05,0.10989011,-1.9000000000000001,0.1,22.200000000000003
9.06,0.10989011,-1.9000000000000001,0.1,22.200000000000003
9.06,0.10989011,-1.9000000000000001,0.1,22.200000000000003
9.06,0.10989011,-1.9000000000000001,0.1,22.200000000000003
9.06,0.10989011,-1.9000000000000001,0.1,22.200000000000003
9.06,0.10989011,-1.9000000000000001,0.1,22.200000000000003
9.06,0.105006106,-1.9000000000000001,0.1,22.200000000000003
9.06,0.10989011,-1.9000000000000001,0.1,22.200000000000003
9.06,0.105006106,-1.9000000000000001,0.1,22.200000000000003
9.07,0.105006106,-1.9000000000000001,0.1,22.200000000000003
9.07,0.10989011,-1.9000000000000001,0.1,22.200000000000003
9.07,0.114774115,-1.9000000000000001,0.1,22.200000000000003
9.07,0.105006106,-1.9000000000000001,0.1,22.200000000000003
9.07,0.10989011,-2.0,0.1,22.200000000000003
9.07,0.105006106,-2.0,0.1,22.200000000000003
9.07,0.105006106,-2.0,0.1,22.200000000000003
9.07,0.105006106,-2.0,0.1,22.200000000000003
9.07,0.10989011,-2.0,0.1,22.200000000000003
9.07,0.1001221,-2.0,0.1,22.200000000000003
9.08,0.1001221,-2.0,0.1,22.200000000000003
9.08,0.1001221,-2.0,0.1,22.200000000000003
9.08,0.1001221,-2.0,0.1,22.200000000000003
9.08,0.1001221,-2.0,0.1,22.200000000000003
9.08,0.0952381,-2.0,0.1,22.200000000000003
9.08,0.1001221,-2.0,0.1,22.200000000000003
9.09,0.105006106,-2.0,0.1,22.200000000000003
9.09,0.0952381,-2.0,0.1,22.200000000000003
9.09,0.0952381,-2.0,0.1,22.200000000000003
9.09,0.0952381,-2.0,0.1,22.200000000000003
9.09,0.1001221,-2.0,0.1,22.200000000000003
9.09,0.105006106,-2.0,0.1,22.200000000000003
9.09,0.1001221,-2.0,0.1,22.200000000000003
9.09,0.1001221,-2.0,0.1,22.200000000000003
9.09,0.105006106,-2.0,0.1,22.200000000000003
9.1,0.10989011,-2.0,0.1,22.200000000000003
9.1,0.114774115,-2.0,0.1,22.200000000000003
9.1,0.114774115,-2.0,0.1,22.200000000000003
9.1,0.11965812,-2.0,0.1,22.200000000000003
9.1,0.124542125,-2.0,0.1,22.200000000000003
9.1,0.11965812,-2.0,0.1,22.200000000000003
9.1,0.13431014,-2.0,0.1,22.200000000000003
9.1,0.12942614,-2.0,0.1,22.200000000000003
9.1,0.13431014,-2.0,0.1,22.200000000000003
9.1,0.13431014,-2.0,0.1,22.200000000000003
9.11,0.14407815,-2.0,0.1,22.200000000000003
9.11,0.14896215,-2.0,0.1,22.200000000000003
9.11,0.14896215,-2.0,0.1,22.3
9.11,0.15384616,-2.0,0.1,22.3
9.11,0.15873016,-2.0,0.1,22.3
9.11,0.15873016,-2.0,0.1,22.3
9.11,0.15873016,-2.0,0.1,22.3
9.12,0.15384616,-2.0,0.1,22.3
9.12,0.15873016,-2.0,0.1,22.3
9.12,0.15873016,-2.0,0.1,22.3
9.12,0.15384616,-2.0,0.1,22.3
9.12,0.14896215,-2.0,0.1,22.3
9.12,0.14407815,-2.0,0.1,22.3
9.12,0.14407815,-2.0,0.1,22.3
9.13,0.13919415,-2.0,0.1,22.3
9.13,0.13919415,-2.0,0.1,22.3
9.13,0.12942614,-2.0,0.1,22.3
9.13,0.12942614,-2.0,0.1,22.3
9.13,0.124542125,-2.0,0.1,22.3
9.13,0.124542125,-2.0,0.1,22.3
9.13,0.124542125,-2.0,0.1,22.3
9.13,0.114774115,-2.0,0.1,22.3
9.14,0.105006106,-2.0,0.1,22.3
9.14,0.105006106,-2.0,0.1,22.3
9.14,0.105006106,-2.0,0.1,22.3
9.14,0.1001221,-2.0,0.1,22.3
9.14,0.0952381,-2.0,0.1,22.3
9.14,0.0952381,-2.0,0.1,22.3
9.14,0.09035409,-2.0,0.1,22.3
9.15,0.08547009,-2.0,0.1,22.3
9.15,0.08058608,-2.0,0.1,22.3
9.15,0.08547009,-2.0,0.1,22.400000000000002
9.15,0.08058608,-2.0,0.1,22.400000000000002
9.15,0.07570208,-2.0,0.1,22.400000000000002
9.15,0.07570208,-2.0,0.1,22.400000000000002
9.15,0.07570208,-2.0,0.1,22.400000000000002
9.15,0.08058608,-2.0,0.1,22.400000000000002
9.16,0.08058608,-2.0,0.1,22.400000000000002
9.16,0.07570208,-2.0,0.1,22.400000000000002
9.16,0.07570208,-2.0,0.1,22.400000000000002
9.16,0.08058608,-2.0,0.1,22.400000000000002
9.16,0.08547009,-2.0,0.1,22.400000000000002
9.16,0.08547009,-2.0,0.1,22.400000000000002
9.16,0.08547009,-2.0,0.1,22.400000000000002
9.17,0.09035409,-2.0,0.1,22.400000000000002
9.17,0.0952381,-2.0,0.1,22.400000000000002
9.17,0.0952381,-2.0,0.1,22.400000000000002
9.17,0.1001221,-2.0,0.1,22.400000000000002
9.17,0.105006106,-2.0,0.1,22.400000000000002
9.17,0.105006106,-2.0,0.1,22.400000000000002
9.18,0.10989011,-2.0,0.1,22.400000000000002
9.18,0.114774115,-2.0,0.1,22.400000000000002
9.18,0.114774115,-2.0,0.1,22.400000000000002
9.18,0.124542125,-2.0,0.1,22.400000000000002
9.18,0.12942614,-2.0,0.1,22.400000000000002
9.18,0.13431014,-2.0,0.1,22.400000000000002
9.19,0.13919415,-2.0,0.1,22.400000000000002
9.19,0.14407815,-2.0,0.1,22.400000000000002
9.19,0.14407815,-2.0,0.1,22.400000000000002
9.19,0.14407815,-2.0,0.1,22.400000000000002
9.19,0.15384616,-2.0,0.1,22.400000000000002
9.19,0.14896215,-2.0,0.1,22.400000000000002
9.19,0.15873016,-2.0,0.1,22.400000000000002
9.19,0.15873016,-2.0,0.1,22.400000000000002
9.2,0.16361417,-2.0,0.1,22.400000000000002
9.2,0.15873016,-2.0,0.1,22.400000000000002
9.2,0.16849817,-2.0,0.1,22.400000000000002
9.2,0.16849817,-2.0,0.1,22.400000000000002
9.2,0.16849817,-2.0,0.1,22.400000000000002
9.2,0.17338218,-2.0,0.1,22.400000000000002
9.2,0.17338218,-2.0,0.1,22.400000000000002
9.21,0.17338218,-2.0,0.1,22.400000000000002
9.21,0.16849817,-2.0,0.1,22.400000000000002
9.21,0.17338218,-2.0,0.1,22.400000000000002
9.21,0.17338218,-2.0,0.1,22.400000000000002
9.21,0.17826618,-2.0,0.1,22.400000000000002
9.21,0.17338218,-2.0,0.1,22.5
9.21,0.17338218,-2.0,0.1,22.5
9.22,0.17338218,-2.0,0.1,22.5
9.22,0.17338218,-2.0,0.1,22.5
9.22,0.17338218,-2.0,0.1,22.5
9.22,0.16849817,-2.0,0.1,22.5
9.22,0.16849817,-2.0,0.1,22.5
9.22,0.17338218,-2.0,0.1,22.5
9.22,0.17338218,-2.0,0.1,22.5
9.23,0.17826618,-2.0,0.1,22.6
9.23,0.17338218,-2.0,0.1,22.6
9.23,0.17338218,-2.0,0.1,22.6
9.23,0.17338218,-2.0,0.1,22.6
9.23,0.17338218,-2.0,0.1,22.6
9.23,0.16849817,-2.0,0.1,22.6
9.23,0.16849817,-2.0,0.1,22.6
9.24,0.16361417,-2.0,0.1,22.6
9.24,0.16849817,-2.0,0.1,22.6
9.24,0.17338218,-2.0,0.1,22.6
9.24,0.16849817,-2.0,0.1,22.5
9.24,0.17338218,-2.0,0.1,22.5
9.24,0.16849817,-2.0,0.1,22.5
9.24,0.17338218,-2.0,0.1,22.5
9.24,0.17338218,-2.0,0.1,22.5
9.24,0.17826618,-2.0,0.1,22.5
9.25,0.17338218,-2.0,0.1,22.5
9.25,0.17338218,-2.0,0.1,22.5
9.25,0.17826618,-2.0,0.1,22.5
9.25,0.17826618,-2.0,0.1,22.5
9.25,0.17338218,-2.0,0.1,22.400000000000002
9.25,0.17338218,-2.0,0.1,22.400000000000002
9.25,0.16849817,-2.0,0.1,22.400000000000002
9.26,0.16849817,-2.0,0.1,22.400000000000002
9.26,0.16361417,-2.0,0.1,22.400000000000002
9.26,0.15384616,-2.0,0.1,22.400000000000002
9.26,0.15384616,-2.0,0.1,22.400000000000002
9.26,0.14407815,-2.0,0.1,22.400000000000002
9.26,0.12942614,-2.0,0.1,22.400000000000002
9.26,0.12942614,-2.0,0.1,22.400000000000002
9.26,0.11965812,-2.0,0.1,22.3
9.27,0.105006106,-2.0,0.1,22.3
9.27,0.0952381,-2.0,0.1,22.3
9.27,0.09035409,-2.0,0.1,22.3
9.27,0.09035409,-2.0,0.1,22.3
9.27,0.08058608,-2.0,0.1,22.3
9.27,0.07570208,-2.0,0.1,22.3
9.27,0.07570208,-2.0,0.1,22.3
9.27,0.070818074,-2.0,0.1,22.3
9.27,0.06593407,-2.0,0.1,22.3
9.27,0.06105006,-2.0,0.1,22.3
9.27,0.056166057,-2.0,0.1,22.3
9.28,0.056166057,-2.0,0.1,22.3
9.28,0.056166057,-2.0,0.1,22.3
9.28,0.051282052,-2.0,0.1,22.3
9.28,0.046398047,-2.0,0.1,22.3
9.28,0.051282052,-2.0,0.1,22.3
9.28,0.051282052,-2.0,0.1,22.3
9.28,0.051282052,-2.0,0.1,22.3
9.28,0.051282052,-2.0,0.1,22.3
9.28,0.051282052,-2.0,0.1,22.3
9.29,0.051282052,-2.0,0.1,22.3
9.29,0.051282052,-2.0,0.1,22.3
9.29,0.06105006,-2.0,0.1,22.3
9.29,0.06105006,-2.0,0.1,22.3
9.29,0.06593407,-2.0,0.1,22.3
9.29,0.06593407,-2.0,0.1,22.3
9.29,0.070818074,-2.0,0.1,22.3
9.29,0.07570208,-2.0,0.1,22.3
9.29,0.07570208,-2.0,0.1,22.3
9.29,0.08547009,-2.0,0.1,22.3
9.3,0.09035409,-2.0,0.1,22.3
9.3,0.09035409,-2.0,0.1,22.3
9.3,0.0952381,-2.0,0.1,22.3
9.3,0.1001221,-2.0,0.1,22.3
9.3,0.1001221,-2.0,0.1,22.3
9.3,0.10989011,-2.0,0.1,22.3
9.3,0.114774115,-2.0,0.1,22.3
9.3,0.11965812,-2.0,0.1,22.3
9.3,0.11965812,-2.0,0.1,22.3
9.31,0.124542125,-2.0,0.1,22.3
9.31,0.13431014,-2.0,0.1,22.3
9.31,0.13431014,-2.0,0.1,22.3
9.31,0.14407815,-2.0,0.1,22.3
9.31,0.14896215,-2.0,0.1,22.3
9.31,0.14896215,-2.0,0.1,22.3
9.31,0.15384616,-2.0,0.1,22.3
9.31,0.15384616,-2.0,0.1,22.3
9.31,0.15873016,-2.0,0.1,22.3
9.31,0.16361417,-2.0,0.1,22.3
9.32,0.16361417,-2.0,0.1,22.400000000000002
9.32,0.16361417,-2.0,0.1,22.400000000000002
9.32,0.17338218,-2.0,0.1,22.400000000000002
9.32,0.16849817,-2.0,0.1,22.400000000000002
9.32,0.16849817,-2.0,0.1,22.400000000000002
9.32,0.17338218,-2.0,0.1,22.400000000000002
9.32,0.17338218,-2.0,0.1,22.400000000000002
9.32,0.17826618,-2.0,0.1,22.400000000000002
9.33,0.17826618,-2.0,0.1,22.400000000000002
9.33,0.17826618,-2.0,0.1,22.400000000000002
9.33,0.18315019,-2.0,0.1,22.400000000000002
9.33,0.17826618,-2.0,0.1,22.400000000000002
9.33,0.18315019,-2.0,0.1,22.5
9.33,0.17826618,-2.0,0.1,22.5
9.33,0.17826618,-2.0,0.1,22.5
9.33,0.18315019,-2.0,0.1,22.5
9.33,0.17826618,-2.0,0.1,22.5
9.33,0.17826618,-2.0,0.1,22.5
9.34,0.17826618,-2.0,0.1,22.5
9.34,0.17826618,-2.0,0.1,22.5
9.34,0.17338218,-2.0,0.1,22.5
9.34,0.17826618,-2.0,0.1,22.5
9.34,0.17826618,-2.0,0.1,22.5
9.34,0.17338218,-2.0,0.1,22.5
9.34,0.17338218,-2.0,0.1,22.5
9.34,0.17338218,-2.0,0.1,22.5
9.34,0.17338218,-2.0,0.1,22.5
9.34,0.17826618,-2.0,0.1,22.5
9.35,0.17338218,-2.0,0.1,22.5
9.35,0.17338218,-2.0,0.1,22.5
9.35,0.17338218,-2.0,0.1,22.5
9.35,0.17338218,-2.0,0.1,22.5
9.35,0.17338218,-2.0,0.1,22.5
9.35,0.17338218,-2.0,0.1,22.5
9.35,0.17338218,-2.0,0.1,22.5
9.35,0.17826618,-2.0,0.1,22.5
9.35,0.17826618,-2.0,0.1,22.5
9.36,0.17338218,-2.0,0.1,22.400000000000002
9.36,0.18315019,-2.0,0.1,22.400000000000002
9.36,0.18315019,-2.0,0.1,22.400000000000002
9.36,0.17826618,-2.0,0.1,22.400000000000002
9.36,0.18315019,-2.0,0.1,22.400000000000002
9.36,0.17826618,-2.0,0.1,22.400000000000002
9.36,0.18315019,-2.0,0.1,22.400000000000002
9.37,0.18315019,-2.0,0.1,22.400000000000002
9.37,0.17826618,-2.0,0.1,22.400000000000002
9.37,0.17338218,-2.0,0.1,22.400000000000002
9.37,0.16849817,-2.0,0.1,22.400000000000002
9.37,0.16361417,-2.0,0.1,22.400000000000002
9.37,0.15873016,-2.0,0.1,22.400000000000002
9.37,0.14407815,-2.0,0.1,22.400000000000002
9.38,0.13431014,-2.0,0.1,22.400000000000002
9.38,0.12942614,-2.0,0.1,22.400000000000002
9.38,0.11965812,-2.0,0.1,22.400000000000002
9.38,0.105006106,-2.0,0.1,22.400000000000002
9.38,0.09035409,-2.0,0.1,22.400000000000002
9.38,0.08058608,-2.0,0.1,22.400000000000002
9.38,0.070818074,-2.0,0.1,22.400000000000002
9.38,0.06593407,-2.0,0.1,22.400000000000002
9.39,0.056166057,-2.0,0.1,22.400000000000002
9.39,0.046398047,-2.0,0.1,22.400000000000002
9.39,0.046398047,-2.0,0.1,22.400000000000002
9.39,0.03663004,-2.0,0.1,22.400000000000002
9.39,0.031746034,-2.0,0.1,22.400000000000002
9.39,0.031746034,-2.0,0.1,22.400000000000002
9.39,0.031746034,-2.0,0.1,22.400000000000002
9.39,0.026862027,-2.0,0.1,22.3
9.4,0.026862027,-2.0,0.1,22.3
9.4,0.031746034,-2.0,0.1,22.3
9.4,0.026862027,-2.0,0.1,22.3
9.4,0.03663004,-2.0,0.1,22.3
9.4,0.031746034,-2.0,0.1,22.3
9.4,0.031746034,-2.0,0.1,22.3
9.4,0.031746034,-2.0,0.1,22.3
9.4,0.03663004,-2.0,0.1,22.3
9.4,0.041514043,-2.0,0.1,22.3
9.41,0.046398047,-2.0,0.1,22.3
9.41,0.046398047,-2.0,0.1,22.3
9.41,0.056166057,-2.0,0.1,22.3
9.41,0.056166057,-2.0,0.1,22.3
9.41,0.056166057,-2.0,0.1,22.3
9.41,0.06105006,-2.0,0.1,22.3
9.41,0.070818074,-2.0,0.1,22.3
9.41,0.07570208,-2.0,0.1,22.3
9.41,0.08058608,-2.0,0.1,22.3
9.41,0.08547009,-2.0,0.1,22.3
9.42,0.09035409,-2.0,0.1,22.3
9.42,0.105006106,-2.0,0.1,22.3
9.42,0.105006106,-2.0,0.1,22.3
9.42,0.114774115,-2.0,0.1,22.3
9.42,0.11965812,-2.0,0.1,22.400000000000002
9.42,0.12942614,-2.0,0.1,22.400000000000002
9.42,0.13431014,-2.0,0.1,22.400000000000002
9.42,0.14407815,-2.0,0.1,22.400000000000002
9.42,0.14896215,-2.0,0.1,22.400000000000002
9.43,0.14896215,-2.0,0.1,22.400000000000002
