Time(s),Torque,signal_0,signal_1,signal_2
0.0,-0.0073260074,-2.3000000000000003,0.5,15.3
0.01,-0.0073260074,-0.2,1.1,15.9
0.01,0.012210012,-0.2,1.1,15.9
0.01,0.031746034,-0.2,1.1,15.9
0.01,0.070818074,-0.2,1.1,15.9
0.02,0.11965812,-0.2,1.1,15.9
0.02,0.15384616,-0.2,1.1,15.9
0.02,0.1978022,-0.2,1.1,15.9
0.02,0.23199023,-0.2,1.1,15.9
0.03,0.26129428,-0.2,1.0,15.9
0.03,0.2954823,-0.2,1.0,15.9
0.03,0.31990233,-0.2,1.0,15.9
0.03,0.33455434,-0.2,1.0,15.9
0.04,0.34920636,-0.2,1.0,15.9
0.04,0.35409036,-0.2,1.0,15.9
0.04,0.35897437,-0.1,1.1,16.0
0.04,0.36874238,-0.1,1.1,16.0
0.04,0.37362638,-0.1,1.1,16.0
0.04,0.3785104,-0.1,1.1,16.0
0.04,0.37362638,-0.1,1.1,16.0
0.05,0.37362638,-0.1,1.1,16.0
0.05,0.36874238,-0.1,1.1,16.0
0.05,0.36385837,-0.1,1.1,16.0
0.05,0.36385837,-0.1,1.1,16.0
0.05,0.35897437,-0.1,1.1,16.0
0.05,0.35897437,0.2,1.3,16.2
0.05,0.35897437,0.2,1.3,16.2
0.05,0.35409036,0.2,1.3,16.2
0.06,0.34432235,0.2,1.3,16.2
0.06,0.33455434,0.2,1.3,16.2
0.06,0.32967034,0.2,1.3,16.2
0.06,0.31013432,0.2,1.3,16.2
0.06,0.3003663,0.2,1.3,16.2
0.06,0.3003663,0.2,1.3,16.2
0.06,0.2759463,0.2,1.3,16.2
0.07,0.27106228,0.5,1.5,16.2
0.07,0.26129428,0.5,1.5,16.2
0.07,0.24664225,0.5,1.5,16.2
0.07,0.23199023,0.5,1.5,16.2
0.07,0.22710623,0.5,1.5,16.2
0.07,0.20757021,0.5,1.5,16.2
0.07,0.1978022,0.5,1.5,16.2
0.07,0.18803419,0.5,1.5,16.2
0.07,0.17338218,0.5,1.5,16.2
0.08,0.15873016,0.5,1.5,16.2
0.08,0.14896215,0.8,1.6,16.2
0.08,0.14407815,0.8,1.6,16.2
0.08,0.12942614,0.8,1.6,16.2
0.08,0.114774115,0.8,1.6,16.2
0.08,0.10989011,0.8,1.6,16.2
0.08,0.105006106,0.8,1.6,16.2
0.08,0.1001221,0.8,1.6,16.2
0.09,0.09035409,0.8,1.6,16.2
0.09,0.07570208,0.8,1.6,16.2
0.09,0.07570208,0.8,1.6,16.2
0.09,0.06593407,0.8,1.6,16.2
0.09,0.06593407,1.1,1.8,16.0
0.09,0.051282052,1.1,1.8,16.0
0.09,0.046398047,1.1,1.8,16.0
0.09,0.03663004,1.1,1.8,16.0
0.09,0.03663004,1.1,1.8,16.0
0.1,0.03663004,1.1,1.8,16.0
0.1,0.026862027,1.1,1.8,16.0
0.1,0.026862027,1.1,1.8,16.0
0.1,0.017094018,1.1,1.8,16.0
0.1,0.017094018,1.1,1.8,16.0
0.1,0.012210012,1.1,1.8,16.0
0.1,0.012210012,1.2000000000000002,1.9000000000000001,16.0
0.1,0.012210012,1.2000000000000002,1.9000000000000001,16.0
0.11,0.012210012,1.2000000000000002,1.9000000000000001,16.0
0.11,0.012210012,1.2000000000000002,1.9000000000000001,16.0
0.11,0.012210012,1.2000000000000002,1.9000000000000001,16.0
0.11,0.0073260074,1.2000000000000002,1.9000000000000001,16.0
0.11,0.017094018,1.2000000000000002,1.9000000000000001,16.0
0.11,0.017094018,1.2000000000000002,1.9000000000000001,16.0
0.11,0.017094018,1.2000000000000002,1.9000000000000001,16.0
0.11,0.026862027,1.2000000000000002,1.9000000000000001,16.0
0.12,0.021978023,1.2000000000000002,1.9000000000000001,16.0
0.12,0.017094018,1.0,1.9000000000000001,15.9
0.12,0.031746034,1.0,1.9000000000000001,15.9
0.12,0.031746034,1.0,1.9000000000000001,15.9
0.12,0.03663004,1.0,1.9000000000000001,15.9
0.12,0.03663004,1.0,1.9000000000000001,15.9
0.12,0.051282052,1.0,1.9000000000000001,15.9
0.12,0.051282052,1.0,1.9000000000000001,15.9
0.13,0.051282052,1.0,1.9000000000000001,15.9
0.13,0.06105006,1.0,1.9000000000000001,15.9
0.13,0.06593407,1.0,1.9000000000000001,15.9
0.13,0.070818074,0.9,1.8,16.0
0.13,0.08058608,0.9,1.8,16.0
0.13,0.08058608,0.9,1.8,16.0
0.13,0.08547009,0.9,1.8,16.0
0.13,0.08547009,0.9,1.8,16.0
0.14,0.0952381,0.9,1.8,16.0
0.14,0.10989011,0.9,1.8,16.0
0.14,0.114774115,0.9,1.8,16.0
0.14,0.114774115,0.9,1.8,16.0
0.14,0.11965812,0.9,1.8,16.0
0.14,0.12942614,0.9,1.8,16.0
0.14,0.12942614,0.9,1.8,16.0
0.14,0.13431014,0.8,1.7000000000000002,16.0
0.14,0.14407815,0.8,1.7000000000000002,16.0
0.14,0.14407815,0.8,1.7000000000000002,16.0
0.15,0.14407815,0.8,1.7000000000000002,16.0
0.15,0.14407815,0.8,1.7000000000000002,16.0
0.15,0.15384616,0.8,1.7000000000000002,16.0
0.15,0.15873016,0.8,1.7000000000000002,16.0
0.15,0.16361417,0.8,1.7000000000000002,16.0
0.15,0.15873016,0.8,1.7000000000000002,16.0
0.15,0.16361417,0.8,1.7000000000000002,16.0
0.15,0.16849817,0.8,1.7000000000000002,16.0
0.15,0.16849817,0.8,1.7000000000000002,16.0
0.15,0.16849817,0.8,1.7000000000000002,16.0
0.16,0.16849817,0.7000000000000001,1.7000000000000002,16.0
0.16,0.16849817,0.7000000000000001,1.7000000000000002,16.0
0.16,0.17338218,0.7000000000000001,1.7000000000000002,16.0
0.16,0.17338218,0.7000000000000001,1.7000000000000002,16.0
0.16,0.17826618,0.7000000000000001,1.7000000000000002,16.0
0.16,0.17826618,0.7000000000000001,1.7000000000000002,16.0
0.16,0.17826618,0.7000000000000001,1.7000000000000002,16.0
0.16,0.17826618,0.7000000000000001,1.7000000000000002,16.0
0.16,0.17338218,0.7000000000000001,1.7000000000000002,16.0
0.16,0.17826618,0.7000000000000001,1.7000000000000002,16.0
0.17,0.17826618,0.7000000000000001,1.7000000000000002,16.0
0.17,0.17826618,0.7000000000000001,1.7000000000000002,16.0
0.17,0.17826618,0.6000000000000001,1.6,16.0
0.17,0.17826618,0.6000000000000001,1.6,16.0
0.17,0.17338218,0.6000000000000001,1.6,16.0
0.17,0.17338218,0.6000000000000001,1.6,16.0
0.17,0.16361417,0.6000000000000001,1.6,16.0
0.17,0.16361417,0.6000000000000001,1.6,16.0
0.17,0.16361417,0.6000000000000001,1.6,16.0
0.17,0.16361417,0.6000000000000001,1.6,16.0
0.18,0.16361417,0.6000000000000001,1.6,16.0
0.18,0.15873016,0.6000000000000001,1.6,16.0
0.18,0.15873016,0.6000000000000001,1.6,16.0
0.18,0.15384616,0.6000000000000001,1.6,16.0
0.18,0.15384616,0.6000000000000001,1.6,16.0
0.18,0.14896215,0.6000000000000001,1.6,16.0
0.18,0.14407815,0.6000000000000001,1.6,16.1
0.18,0.13919415,0.6000000000000001,1.6,16.1
0.18,0.13919415,0.6000000000000001,1.6,16.1
0.19,0.13431014,0.6000000000000001,1.6,16.1
0.19,0.11965812,0.6000000000000001,1.6,16.1
0.19,0.11965812,0.6000000000000001,1.6,16.1
0.19,0.11965812,0.6000000000000001,1.6,16.1
0.19,0.114774115,0.6000000000000001,1.6,16.1
0.19,0.114774115,0.6000000000000001,1.6,16.1
0.19,0.11965812,0.6000000000000001,1.6,16.1
0.19,0.10989011,0.6000000000000001,1.6,16.1
0.19,0.105006106,0.6000000000000001,1.6,16.1
0.19,0.0952381,0.6000000000000001,1.6,16.1
0.19,0.09035409,0.5,1.6,16.0
0.2,0.08547009,0.5,1.6,16.0
0.2,0.08058608,0.5,1.6,16.0
0.2,0.07570208,0.5,1.6,16.0
0.2,0.070818074,0.5,1.6,16.0
0.2,0.06593407,0.5,1.6,16.0
0.2,0.06105006,0.5,1.6,16.0
0.2,0.06105006,0.5,1.6,16.0
0.2,0.056166057,0.5,1.6,16.0
0.2,0.051282052,0.5,1.6,16.0
0.2,0.046398047,0.5,1.6,16.0
0.21,0.046398047,0.5,1.6,16.0
0.21,0.041514043,0.4,1.5,16.1
0.21,0.03663004,0.4,1.5,16.1
0.21,0.03663004,0.4,1.5,16.1
0.21,0.03663004,0.4,1.5,16.1
0.21,0.031746034,0.4,1.5,16.1
0.21,0.026862027,0.4,1.5,16.1
0.21,0.026862027,0.4,1.5,16.1
0.21,0.026862027,0.4,1.5,16.1
0.22,0.026862027,0.4,1.5,16.1
0.22,0.031746034,0.4,1.5,16.1
0.22,0.031746034,0.4,1.5,16.1
0.22,0.026862027,0.4,1.5,16.1
0.22,0.021978023,0.4,1.5,16.1
0.22,0.021978023,0.4,1.5,16.1
0.22,0.021978023,0.30000000000000004,1.5,16.1
0.22,0.021978023,0.30000000000000004,1.5,16.1
0.22,0.021978023,0.30000000000000004,1.5,16.1
0.22,0.021978023,0.30000000000000004,1.5,16.1
0.22,0.021978023,0.30000000000000004,1.5,16.1
0.23,0.021978023,0.30000000000000004,1.5,16.1
0.23,0.021978023,0.30000000000000004,1.5,16.1
0.23,0.026862027,0.30000000000000004,1.5,16.1
0.23,0.021978023,0.30000000000000004,1.5,16.1
0.23,0.026862027,0.30000000000000004,1.5,16.1
0.23,0.026862027,0.30000000000000004,1.5,16.1
0.23,0.026862027,0.30000000000000004,1.5,16.1
0.23,0.026862027,0.30000000000000004,1.5,16.1
0.23,0.031746034,0.2,1.4000000000000001,16.1
0.23,0.031746034,0.2,1.4000000000000001,16.1
0.24,0.031746034,0.2,1.4000000000000001,16.1
0.24,0.03663004,0.2,1.4000000000000001,16.1
0.24,0.031746034,0.2,1.4000000000000001,16.1
0.24,0.03663004,0.2,1.4000000000000001,16.1
0.24,0.03663004,0.2,1.4000000000000001,16.1
0.24,0.041514043,0.2,1.4000000000000001,16.1
0.24,0.041514043,0.2,1.4000000000000001,16.1
0.24,0.041514043,0.2,1.4000000000000001,16.1
0.24,0.046398047,0.2,1.4000000000000001,16.1
0.24,0.046398047,0.2,1.4000000000000001,16.1
0.25,0.056166057,0.2,1.4000000000000001,16.1
0.25,0.056166057,0.1,1.3,16.2
0.25,0.056166057,0.1,1.3,16.2
0.25,0.06105006,0.1,1.3,16.2
0.25,0.06593407,0.1,1.3,16.2
0.25,0.06593407,0.1,1.3,16.2
0.25,0.070818074,0.1,1.3,16.2
0.25,0.07570208,0.1,1.3,16.2
0.25,0.07570208,0.1,1.3,16.2
0.26,0.07570208,0.1,1.3,16.2
0.26,0.08058608,0.1,1.3,16.2
0.26,0.08547009,0.1,1.3,16.2
0.26,0.08547009,0.1,1.3,16.2
0.26,0.08058608,0.1,1.3,16.2
0.26,0.08547009,0.1,1.3,16.2
0.26,0.09035409,0.1,1.3,16.2
0.26,0.09035409,0.1,1.3,16.2
0.27,0.0952381,0.1,1.3,16.2
0.27,0.09035409,0.1,1.3,16.2
0.27,0.0952381,0.1,1.3,16.2
0.27,0.1001221,0.1,1.3,16.2
0.27,0.1001221,0.1,1.3,16.2
0.27,0.1001221,0.1,1.3,16.2
0.27,0.1001221,0.1,1.3,16.2
0.27,0.105006106,0.1,1.2000000000000002,16.2
0.27,0.1001221,0.1,1.2000000000000002,16.2
0.27,0.105006106,0.1,1.2000000000000002,16.2
0.28,0.105006106,0.1,1.2000000000000002,16.2
0.28,0.105006106,0.1,1.2000000000000002,16.2
0.28,0.0952381,0.1,1.2000000000000002,16.2
0.28,0.105006106,0.1,1.2000000000000002,16.2
0.28,0.105006106,0.1,1.2000000000000002,16.2
0.28,0.0952381,0.1,1.2000000000000002,16.2
0.28,0.1001221,0.1,1.2000000000000002,16.2
0.28,0.105006106,0.1,1.2000000000000002,16.2
0.28,0.0952381,0.1,1.2000000000000002,16.2
0.29,0.1001221,0.1,1.2000000000000002,16.2
0.29,0.1001221,0.1,1.2000000000000002,16.3
0.29,0.1001221,0.1,1.2000000000000002,16.3
0.29,0.0952381,0.1,1.2000000000000002,16.3
0.29,0.0952381,0.1,1.2000000000000002,16.3
0.29,0.0952381,0.1,1.2000000000000002,16.3
0.29,0.09035409,0.1,1.2000000000000002,16.3
0.29,0.09035409,0.1,1.2000000000000002,16.3
0.29,0.09035409,0.1,1.2000000000000002,16.3
0.29,0.09035409,0.1,1.2000000000000002,16.3
0.29,0.08547009,0.1,1.2000000000000002,16.3
0.3,0.08547009,0.1,1.2000000000000002,16.3
0.3,0.09035409,0.1,1.2000000000000002,16.3
0.3,0.08547009,0.1,1.2000000000000002,16.3
0.3,0.08058608,0.1,1.1,16.3
0.3,0.08058608,0.1,1.1,16.3
0.3,0.08058608,0.1,1.1,16.3
0.3,0.07570208,0.1,1.1,16.3
0.3,0.08058608,0.1,1.1,16.3
0.3,0.070818074,0.1,1.1,16.3
0.3,0.06105006,0.1,1.1,16.3
0.31,0.06593407,0.1,1.1,16.3
0.31,0.06593407,0.1,1.1,16.3
0.31,0.06105006,0.1,1.1,16.3
0.31,0.06105006,0.1,1.1,16.3
0.31,0.051282052,0.1,1.1,16.3
0.31,0.051282052,0.1,1.1,16.400000000000002
0.31,0.051282052,0.1,1.1,16.400000000000002
0.31,0.051282052,0.1,1.1,16.400000000000002
0.31,0.046398047,0.1,1.1,16.400000000000002
0.32,0.041514043,0.1,1.1,16.400000000000002
0.32,0.041514043,0.1,1.1,16.400000000000002
0.32,0.031746034,0.1,1.1,16.400000000000002
0.32,0.031746034,0.1,1.1,16.400000000000002
0.32,0.031746034,0.1,1.1,16.400000000000002
0.32,0.031746034,0.1,1.1,16.400000000000002
0.32,0.026862027,0.1,1.1,16.400000000000002
0.32,0.026862027,0.1,1.1,16.400000000000002
0.32,0.021978023,0.1,1.1,16.400000000000002
0.32,0.021978023,0.1,1.1,16.400000000000002
0.33,0.026862027,0.1,1.1,16.400000000000002
0.33,0.017094018,0.1,1.1,16.400000000000002
0.33,0.012210012,0.1,1.1,16.400000000000002
0.33,0.012210012,0.1,1.1,16.400000000000002
0.33,0.017094018,0.1,1.1,16.400000000000002
0.33,0.017094018,0.1,1.1,16.400000000000002
0.33,0.017094018,0.1,1.1,16.400000000000002
0.33,0.017094018,0.1,1.1,16.400000000000002
0.33,0.017094018,0.1,1.1,16.400000000000002
0.33,0.012210012,0.1,1.1,16.400000000000002
0.34,0.012210012,0.1,1.1,16.400000000000002
0.34,0.012210012,0.1,1.1,16.400000000000002
0.34,0.017094018,0.1,1.1,16.400000000000002
0.34,0.017094018,0.1,1.1,16.400000000000002
0.34,0.017094018,0.1,1.1,16.400000000000002
0.34,0.017094018,0.1,1.1,16.400000000000002
0.34,0.012210012,0.1,1.1,16.400000000000002
0.34,0.017094018,0.1,1.1,16.400000000000002
0.34,0.017094018,0.1,1.1,16.400000000000002
0.34,0.021978023,0.1,1.1,16.400000000000002
0.35,0.017094018,0.1,1.1,16.400000000000002
0.35,0.017094018,0.1,1.1,16.400000000000002
0.35,0.017094018,0.1,1.1,16.400000000000002
0.35,0.021978023,0.1,1.1,16.400000000000002
0.35,0.021978023,0.1,1.1,16.400000000000002
0.35,0.021978023,0.1,1.1,16.400000000000002
0.35,0.021978023,0.1,1.1,16.400000000000002
0.35,0.026862027,0.1,1.1,16.400000000000002
0.35,0.031746034,0.1,1.1,16.400000000000002
0.35,0.026862027,0.1,1.1,16.400000000000002
0.36,0.031746034,0.1,1.1,16.400000000000002
0.36,0.026862027,0.1,1.1,16.400000000000002
0.36,0.026862027,0.1,1.1,16.400000000000002
0.36,0.031746034,0.1,1.1,16.400000000000002
0.36,0.031746034,0.1,1.1,16.400000000000002
0.36,0.031746034,0.1,1.1,16.400000000000002
0.36,0.03663004,0.1,1.1,16.400000000000002
0.36,0.03663004,0.1,1.1,16.400000000000002
0.36,0.03663004,0.1,1.1,16.3
0.36,0.03663004,0.1,1.1,16.3
0.37,0.03663004,0.1,1.1,16.3
0.37,0.041514043,0.1,1.1,16.3
0.37,0.041514043,0.1,1.1,16.3
0.37,0.046398047,0.1,1.1,16.3
0.37,0.041514043,0.1,1.1,16.3
0.37,0.046398047,0.1,1.1,16.3
0.37,0.051282052,0.1,1.1,16.3
0.37,0.051282052,0.1,1.1,16.3
0.37,0.051282052,0.1,1.1,16.3
0.38,0.051282052,0.1,1.1,16.3
0.38,0.051282052,0.1,1.1,16.3
0.38,0.051282052,0.1,1.1,16.3
0.38,0.051282052,0.1,1.1,16.3
0.38,0.06105006,0.1,1.1,16.3
0.38,0.056166057,0.1,1.1,16.3
0.38,0.06105006,0.1,1.1,16.3
0.38,0.06593407,0.1,1.1,16.3
0.38,0.056166057,0.1,1.1,16.3
0.38,0.06105006,0.1,1.1,16.3
0.38,0.06105006,0.1,1.1,16.3
0.39,0.06105006,0.1,1.1,16.3
0.39,0.06105006,0.1,1.1,16.3
0.39,0.070818074,0.1,1.1,16.3
0.39,0.06593407,0.1,1.1,16.3
0.39,0.06105006,0.1,1.1,16.400000000000002
0.39,0.06105006,0.1,1.1,16.400000000000002
0.39,0.06105006,0.1,1.1,16.400000000000002
0.39,0.06593407,0.1,1.1,16.400000000000002
0.39,0.06593407,0.1,1.1,16.400000000000002
0.39,0.06593407,0.1,1.1,16.400000000000002
0.4,0.06593407,0.1,1.1,16.400000000000002
0.4,0.06105006,0.1,1.1,16.400000000000002
0.4,0.06105006,0.1,1.1,16.400000000000002
0.4,0.06105006,0.1,1.1,16.400000000000002
0.4,0.06105006,0.1,1.1,16.400000000000002
0.4,0.06105006,0.1,1.1,16.400000000000002
0.4,0.06105006,0.1,1.1,16.400000000000002
0.4,0.06105006,0.1,1.1,16.400000000000002
0.4,0.06105006,0.1,1.1,16.400000000000002
0.4,0.056166057,0.1,1.1,16.400000000000002
0.41,0.06105006,0.1,1.1,16.400000000000002
0.41,0.06105006,0.1,1.1,16.400000000000002
0.41,0.056166057,0.1,1.1,16.400000000000002
0.41,0.06105006,0.1,1.1,16.400000000000002
0.41,0.06105006,0.1,1.1,16.400000000000002
0.41,0.06105006,0.1,1.1,16.400000000000002
0.41,0.06593407,0.1,1.1,16.400000000000002
0.41,0.06593407,0.1,1.1,16.400000000000002
0.41,0.06593407,0.1,1.1,16.400000000000002
0.41,0.06105006,0.1,1.1,16.400000000000002
0.42,0.06593407,0.1,1.1,16.5
0.42,0.06105006,0.1,1.1,16.5
0.42,0.070818074,0.1,1.1,16.5
0.42,0.07570208,0.1,1.1,16.5
0.42,0.08058608,0.1,1.1,16.5
0.42,0.08547009,0.1,1.1,16.5
0.42,0.08547009,0.1,1.1,16.5
0.42,0.08547009,0.1,1.1,16.5
0.43,0.0952381,0.1,1.1,16.5
0.43,0.1001221,0.1,1.1,16.5
0.43,0.105006106,0.1,1.1,16.5
0.43,0.1001221,0.1,1.1,16.5
0.43,0.1001221,0.1,1.1,16.5
0.43,0.105006106,0.1,1.1,16.5
0.43,0.10989011,0.1,1.1,16.5
0.43,0.105006106,0.1,1.1,16.5
0.44,0.10989011,0.1,1.1,16.5
0.44,0.10989011,0.1,1.1,16.5
0.44,0.105006106,0.1,1.1,16.5
0.44,0.10989011,0.1,1.1,16.5
0.44,0.1001221,0.1,1.0,16.5
0.44,0.1001221,0.1,1.0,16.5
0.44,0.1001221,0.1,1.0,16.5
0.44,0.1001221,0.1,1.0,16.5
0.44,0.1001221,0.1,1.0,16.5
0.45,0.105006106,0.1,1.0,16.5
0.45,0.0952381,0.1,1.0,16.5
0.45,0.09035409,0.1,1.0,16.5
0.45,0.0952381,0.1,1.0,16.5
0.45,0.08547009,0.1,1.0,16.5
0.45,0.08547009,0.1,1.0,16.5
0.45,0.08058608,0.1,1.0,16.5
0.45,0.07570208,0.1,1.0,16.5
0.45,0.070818074,0.1,1.0,16.5
0.46,0.06593407,0.1,1.0,16.5
0.46,0.06593407,0.1,1.0,16.5
0.46,0.06105006,0.1,1.0,16.5
0.46,0.06105006,0.1,1.0,16.5
0.46,0.056166057,0.1,1.0,16.5
0.46,0.051282052,0.1,1.0,16.5
0.46,0.046398047,0.1,1.0,16.5
0.46,0.046398047,0.1,1.0,16.5
0.46,0.041514043,0.1,1.0,16.5
0.47,0.041514043,0.1,1.0,16.5
0.47,0.03663004,0.1,1.0,16.5
0.47,0.031746034,0.1,1.0,16.5
0.47,0.031746034,0.1,1.0,16.5
0.47,0.031746034,0.1,1.0,16.5
0.47,0.026862027,0.1,1.0,16.5
0.47,0.026862027,0.1,1.0,16.5
0.47,0.026862027,0.1,1.0,16.5
0.47,0.021978023,0.1,1.0,16.5
0.48,0.021978023,0.1,1.0,16.5
0.48,0.021978023,0.1,1.0,16.5
0.48,0.021978023,0.1,1.0,16.5
0.48,0.017094018,0.1,1.0,16.5
0.48,0.017094018,0.1,1.0,16.5
0.48,0.017094018,0.1,1.1,16.5
0.48,0.012210012,0.1,1.1,16.5
0.48,0.017094018,0.1,1.1,16.5
0.48,0.012210012,0.1,1.1,16.5
0.48,0.012210012,0.1,1.1,16.5
0.49,0.017094018,0.1,1.1,16.5
0.49,0.017094018,0.1,1.1,16.5
0.49,0.012210012,0.1,1.1,16.5
0.49,0.017094018,0.1,1.1,16.5
0.49,0.012210012,0.1,1.1,16.5
0.49,0.017094018,0.1,1.1,16.5
0.49,0.017094018,0.1,1.1,16.5
0.49,0.017094018,0.1,1.1,16.5
0.49,0.017094018,0.1,1.1,16.5
0.49,0.021978023,0.1,1.1,16.5
0.49,0.021978023,0.1,1.1,16.5
0.5,0.021978023,0.1,1.1,16.5
0.5,0.026862027,0.1,1.1,16.5
0.5,0.026862027,0.1,1.1,16.5
0.5,0.026862027,0.1,1.1,16.5
0.5,0.026862027,0.1,1.1,16.5
0.5,0.031746034,0.1,1.1,16.5
0.5,0.031746034,0.1,1.1,16.5
0.5,0.031746034,0.1,1.1,16.5
0.5,0.03663004,0.1,1.1,16.5
0.5,0.03663004,0.1,1.1,16.5
0.51,0.03663004,0.1,1.1,16.5
0.51,0.041514043,0.1,1.1,16.5
0.51,0.046398047,0.1,1.1,16.5
0.51,0.051282052,0.1,1.1,16.5
0.51,0.046398047,0.1,1.1,16.5
0.51,0.051282052,0.1,1.1,16.5
0.51,0.056166057,0.1,1.1,16.5
0.51,0.051282052,0.1,1.1,16.5
0.51,0.056166057,0.1,1.1,16.5
0.51,0.056166057,0.1,1.1,16.5
0.52,0.06105006,0.1,1.1,16.5
0.52,0.06105006,0.1,1.1,16.5
0.52,0.06105006,0.1,1.1,16.5
0.52,0.06593407,0.1,1.2000000000000002,16.5
0.52,0.06593407,0.1,1.2000000000000002,16.5
0.52,0.06593407,0.1,1.2000000000000002,16.5
0.52,0.070818074,0.1,1.2000000000000002,16.5
0.52,0.07570208,0.1,1.2000000000000002,16.5
0.52,0.07570208,0.1,1.2000000000000002,16.5
0.52,0.070818074,0.1,1.2000000000000002,16.5
0.53,0.07570208,0.1,1.2000000000000002,16.5
0.53,0.07570208,0.1,1.2000000000000002,16.5
0.53,0.07570208,0.1,1.2000000000000002,16.5
0.53,0.08058608,0.1,1.2000000000000002,16.5
0.53,0.08058608,0.1,1.2000000000000002,16.5
0.53,0.08058608,0.1,1.2000000000000002,16.5
0.53,0.08058608,0.1,1.2000000000000002,16.5
0.53,0.08058608,0.1,1.2000000000000002,16.5
0.53,0.08058608,0.1,1.2000000000000002,16.5
0.53,0.08058608,0.1,1.2000000000000002,16.5
0.54,0.08058608,0.1,1.2000000000000002,16.5
0.54,0.08058608,0.1,1.2000000000000002,16.5
0.54,0.08547009,0.1,1.2000000000000002,16.5
0.54,0.08058608,0.1,1.2000000000000002,16.5
0.54,0.08547009,0.1,1.2000000000000002,16.5
0.54,0.08058608,0.1,1.2000000000000002,16.5
0.54,0.08058608,0.1,1.2000000000000002,16.5
0.54,0.08058608,0.1,1.2000000000000002,16.5
0.54,0.08058608,0.1,1.2000000000000002,16.5
0.55,0.08058608,0.1,1.2000000000000002,16.5
0.55,0.08547009,0.1,1.2000000000000002,16.5
0.55,0.08547009,0.1,1.2000000000000002,16.5
0.55,0.08058608,0.1,1.2000000000000002,16.5
0.55,0.08058608,0.1,1.2000000000000002,16.5
0.55,0.08058608,0.1,1.2000000000000002,16.5
0.55,0.08058608,0.1,1.2000000000000002,16.5
0.55,0.08058608,0.1,1.2000000000000002,16.5
0.55,0.08058608,0.1,1.2000000000000002,16.5
0.56,0.08058608,0.1,1.2000000000000002,16.5
0.56,0.08058608,0.1,1.2000000000000002,16.5
0.56,0.07570208,0.1,1.2000000000000002,16.5
0.56,0.08058608,0.1,1.2000000000000002,16.5
0.56,0.08058608,0.1,1.2000000000000002,16.5
0.62,0.07570208,0.1,1.2000000000000002,16.5
0.62,-0.0073260074,1.7000000000000002,1.2000000000000002,16.5
0.63,-0.0073260074,1.7000000000000002,1.3,16.7
0.63,0.012210012,1.7000000000000002,1.3,16.7
0.64,0.041514043,1.7000000000000002,1.4000000000000001,16.7
0.64,0.041514043,1.7000000000000002,1.4000000000000001,16.7
0.65,0.06593407,1.7000000000000002,1.4000000000000001,16.7
0.65,0.105006106,1.7000000000000002,1.4000000000000001,16.7
0.66,0.105006106,1.7000000000000002,1.4000000000000001,16.7
0.66,0.124542125,1.7000000000000002,1.4000000000000001,16.7
0.67,0.13431014,0.1,1.4000000000000001,16.7
0.67,0.13919415,0.1,1.4000000000000001,16.7
0.67,0.13431014,0.1,1.4000000000000001,16.7
0.67,0.13919415,0.1,1.4000000000000001,16.7
0.68,0.14407815,0.1,1.4000000000000001,16.7
0.68,0.14407815,0.1,1.4000000000000001,16.7
0.68,0.14407815,0.1,1.4000000000000001,16.7
0.68,0.14896215,0.1,1.4000000000000001,16.7
0.68,0.14896215,0.1,1.4000000000000001,16.7
0.69,0.15384616,0.1,1.4000000000000001,16.7
0.69,0.14896215,0.1,1.3,16.7
0.69,0.15384616,0.1,1.3,16.7
0.69,0.13919415,0.1,1.3,16.7
0.7,0.13431014,0.1,1.3,16.7
0.7,0.12942614,0.1,1.3,16.7
0.7,0.11965812,0.1,1.3,16.7
0.7,0.10989011,0.1,1.3,16.7
0.7,0.0952381,0.1,1.3,16.7
0.7,0.08547009,0.1,1.3,16.7
0.7,0.07570208,0.1,1.3,16.7
0.7,0.056166057,0.1,1.3,16.7
0.71,0.046398047,0.1,1.3,16.7
0.71,0.03663004,0.1,1.3,16.7
0.71,0.021978023,0.1,1.3,16.7
0.71,0.012210012,0.1,1.3,16.7
0.71,0.0024420025,0.1,1.3,16.7
0.71,-0.0073260074,0.1,1.3,16.7
0.71,-0.017094018,0.1,1.3,16.7
0.72,-0.021978023,0.1,1.3,16.7
0.72,-0.03663004,0.1,1.3,16.7
0.72,-0.041514043,0.1,1.3,16.7
0.72,-0.046398047,0.1,1.3,16.7
0.72,-0.051282052,0.1,1.3,16.7
0.72,-0.056166057,0.1,1.3,16.7
0.72,-0.06593407,0.1,1.3,16.7
0.73,-0.070818074,0.1,1.3,16.7
0.73,-0.070818074,0.1,1.3,16.7
0.73,-0.070818074,0.1,1.3,16.7
0.73,-0.070818074,0.1,1.3,16.7
0.73,-0.07570208,0.1,1.3,16.7
0.73,-0.07570208,0.1,1.3,16.7
0.73,-0.070818074,0.1,1.3,16.7
0.73,-0.070818074,0.1,1.3,16.7
0.73,-0.06593407,0.1,1.3,16.7
0.74,-0.070818074,0.1,1.3,16.7
0.74,-0.06593407,0.1,1.3,16.7
0.74,-0.06593407,0.1,1.3,16.7
0.74,-0.056166057,0.1,1.4000000000000001,16.8
0.74,-0.051282052,0.1,1.4000000000000001,16.8
0.74,-0.046398047,0.1,1.4000000000000001,16.8
0.74,-0.03663004,0.1,1.4000000000000001,16.8
0.74,-0.031746034,0.1,1.4000000000000001,16.8
0.75,-0.026862027,0.1,1.4000000000000001,16.8
0.75,-0.026862027,0.1,1.4000000000000001,16.8
0.75,-0.021978023,0.1,1.4000000000000001,16.8
0.75,-0.012210012,0.1,1.4000000000000001,16.8
0.75,-0.0073260074,0.1,1.4000000000000001,16.8
0.75,-0.0024420025,0.1,1.4000000000000001,16.8
0.75,0.0024420025,0.1,1.4000000000000001,16.8
0.75,0.0073260074,0.1,1.4000000000000001,16.8
0.75,0.017094018,0.1,1.4000000000000001,16.8
0.76,0.021978023,0.1,1.4000000000000001,16.8
0.76,0.026862027,0.1,1.4000000000000001,16.8
0.76,0.021978023,0.1,1.4000000000000001,16.8
0.76,0.031746034,0.1,1.4000000000000001,16.8
0.76,0.03663004,0.1,1.4000000000000001,16.8
0.76,0.03663004,0.1,1.4000000000000001,16.8
0.76,0.046398047,0.1,1.4000000000000001,16.8
0.76,0.046398047,0.1,1.4000000000000001,16.8
0.77,0.051282052,0.1,1.4000000000000001,16.8
0.77,0.056166057,0.1,1.4000000000000001,16.8
0.77,0.06593407,0.1,1.4000000000000001,16.8
0.77,0.070818074,0.1,1.4000000000000001,16.8
0.77,0.08547009,0.1,1.4000000000000001,16.8
0.77,0.1001221,0.1,1.4000000000000001,16.8
0.77,0.1001221,0.1,1.4000000000000001,16.8
0.78,0.10989011,0.1,1.4000000000000001,16.8
0.78,0.10989011,0.1,1.4000000000000001,16.8
0.78,0.11965812,0.1,1.4000000000000001,16.900000000000002
0.78,0.11965812,0.1,1.4000000000000001,16.900000000000002
0.78,0.124542125,0.1,1.4000000000000001,16.900000000000002
0.78,0.12942614,0.1,1.4000000000000001,16.900000000000002
0.78,0.13431014,0.1,1.4000000000000001,16.900000000000002
0.78,0.13431014,0.1,1.4000000000000001,16.900000000000002
0.79,0.13431014,0.1,1.4000000000000001,16.900000000000002
0.79,0.13431014,0.1,1.4000000000000001,16.900000000000002
0.79,0.12942614,0.1,1.4000000000000001,16.900000000000002
0.79,0.12942614,0.1,1.4000000000000001,16.900000000000002
0.79,0.13431014,0.1,1.4000000000000001,16.900000000000002
0.79,0.12942614,0.2,1.4000000000000001,16.8
0.79,0.12942614,0.2,1.4000000000000001,16.8
0.79,0.12942614,0.2,1.4000000000000001,16.8
0.8,0.124542125,0.2,1.4000000000000001,16.8
0.8,0.124542125,0.2,1.4000000000000001,16.8
0.8,0.11965812,0.2,1.4000000000000001,16.8
0.8,0.11965812,0.2,1.4000000000000001,16.8
0.8,0.114774115,0.2,1.4000000000000001,16.8
0.8,0.10989011,0.2,1.4000000000000001,16.8
0.8,0.105006106,0.2,1.4000000000000001,16.8
0.8,0.105006106,0.2,1.4000000000000001,16.8
0.8,0.105006106,0.2,1.4000000000000001,16.8
0.8,0.1001221,0.2,1.4000000000000001,16.7
0.81,0.1001221,0.2,1.4000000000000001,16.7
0.81,0.0952381,0.2,1.4000000000000001,16.7
0.81,0.09035409,0.2,1.4000000000000001,16.7
0.81,0.09035409,0.2,1.4000000000000001,16.7
0.81,0.08547009,0.2,1.4000000000000001,16.7
0.81,0.08058608,0.2,1.4000000000000001,16.7
0.81,0.08058608,0.2,1.4000000000000001,16.7
0.81,0.07570208,0.2,1.4000000000000001,16.7
0.81,0.06593407,0.2,1.4000000000000001,16.7
0.81,0.06593407,0.2,1.4000000000000001,16.7
0.82,0.06105006,0.2,1.4000000000000001,16.7
0.82,0.06105006,0.2,1.4000000000000001,16.7
0.82,0.051282052,0.2,1.4000000000000001,16.7
0.82,0.051282052,0.2,1.4000000000000001,16.7
0.82,0.051282052,0.2,1.4000000000000001,16.7
0.82,0.046398047,0.2,1.4000000000000001,16.7
0.82,0.041514043,0.2,1.4000000000000001,16.7
0.82,0.041514043,0.2,1.4000000000000001,16.7
0.82,0.03663004,0.2,1.4000000000000001,16.7
0.82,0.031746034,0.2,1.4000000000000001,16.7
0.83,0.026862027,0.2,1.4000000000000001,16.7
0.83,0.026862027,0.2,1.4000000000000001,16.7
0.83,0.026862027,0.2,1.4000000000000001,16.7
0.83,0.026862027,0.2,1.4000000000000001,16.7
0.83,0.021978023,0.2,1.4000000000000001,16.7
0.83,0.017094018,0.2,1.4000000000000001,16.7
0.83,0.017094018,0.2,1.4000000000000001,16.7
0.83,0.017094018,0.2,1.4000000000000001,16.7
0.83,0.017094018,0.2,1.4000000000000001,16.7
0.83,0.017094018,0.2,1.4000000000000001,16.7
0.84,0.012210012,0.2,1.4000000000000001,16.7
0.84,0.017094018,0.2,1.4000000000000001,16.7
0.84,0.012210012,0.2,1.4000000000000001,16.7
0.84,0.012210012,0.2,1.4000000000000001,16.7
0.84,0.0073260074,0.2,1.4000000000000001,16.7
0.84,0.012210012,0.2,1.4000000000000001,16.7
0.84,0.012210012,0.2,1.4000000000000001,16.7
0.84,0.012210012,0.2,1.4000000000000001,16.7
0.84,0.012210012,0.2,1.4000000000000001,16.6
0.84,0.012210012,0.2,1.4000000000000001,16.6
0.85,0.012210012,0.2,1.4000000000000001,16.6
0.85,0.0073260074,0.2,1.4000000000000001,16.6
0.85,0.0073260074,0.2,1.4000000000000001,16.6
0.85,0.0073260074,0.2,1.4000000000000001,16.6
0.85,0.012210012,0.2,1.4000000000000001,16.6
0.85,0.0073260074,0.2,1.4000000000000001,16.6
0.85,0.012210012,0.2,1.4000000000000001,16.6
0.85,0.012210012,0.2,1.4000000000000001,16.6
0.85,0.012210012,0.2,1.4000000000000001,16.6
0.85,0.012210012,0.2,1.4000000000000001,16.6
0.86,0.012210012,0.2,1.4000000000000001,16.6
0.86,0.012210012,0.2,1.4000000000000001,16.7
0.86,0.017094018,0.2,1.4000000000000001,16.7
0.86,0.021978023,0.2,1.4000000000000001,16.7
0.86,0.021978023,0.2,1.4000000000000001,16.7
0.86,0.021978023,0.2,1.4000000000000001,16.7
0.86,0.021978023,0.2,1.4000000000000001,16.7
0.86,0.021978023,0.2,1.4000000000000001,16.7
0.86,0.021978023,0.2,1.4000000000000001,16.7
0.86,0.026862027,0.2,1.4000000000000001,16.7
0.87,0.026862027,0.2,1.4000000000000001,16.7
0.87,0.031746034,0.2,1.4000000000000001,16.7
0.87,0.03663004,0.2,1.4000000000000001,16.7
0.87,0.03663004,0.2,1.4000000000000001,16.7
0.87,0.03663004,0.2,1.5,16.7
0.87,0.041514043,0.2,1.5,16.7
0.87,0.041514043,0.2,1.5,16.7
0.87,0.046398047,0.2,1.5,16.7
0.87,0.046398047,0.2,1.5,16.7
0.87,0.046398047,0.2,1.5,16.7
0.88,0.051282052,0.2,1.5,16.7
0.88,0.051282052,1.7000000000000002,1.5,16.7
0.88,0.056166057,1.7000000000000002,1.5,16.7
0.88,0.056166057,1.7000000000000002,1.5,16.7
0.88,0.056166057,0.2,1.5,16.7
0.88,0.06105006,0.2,1.5,16.7
0.88,0.06105006,0.2,1.5,16.7
0.88,0.06105006,0.30000000000000004,1.5,16.7
0.88,0.06105006,0.30000000000000004,1.5,16.7
0.88,0.06593407,0.30000000000000004,1.5,16.7
0.88,0.06593407,0.30000000000000004,1.5,16.7
0.89,0.070818074,0.30000000000000004,1.5,16.7
0.89,0.070818074,0.30000000000000004,1.5,16.7
0.89,0.070818074,1.7000000000000002,1.5,16.7
0.89,0.07570208,1.7000000000000002,1.5,16.7
0.89,0.070818074,1.7000000000000002,1.5,16.7
0.89,0.07570208,1.7000000000000002,1.5,16.7
0.89,0.08058608,0.30000000000000004,1.5,16.7
0.89,0.08058608,0.30000000000000004,1.5,16.7
0.89,0.08058608,0.30000000000000004,1.6,16.6
0.9,0.08058608,0.30000000000000004,1.6,16.6
0.9,0.08547009,0.30000000000000004,1.6,16.6
0.9,0.09035409,0.30000000000000004,1.6,16.6
0.9,0.08547009,0.30000000000000004,1.6,16.6
0.9,0.08547009,0.30000000000000004,1.6,16.6
0.9,0.09035409,0.30000000000000004,1.6,16.6
0.9,0.09035409,1.7000000000000002,1.6,16.6
0.9,0.09035409,1.7000000000000002,1.6,16.6
0.9,0.09035409,1.7000000000000002,1.6,16.6
0.9,0.08547009,0.30000000000000004,1.6,16.6
0.91,0.08058608,0.30000000000000004,1.6,16.6
0.91,0.09035409,0.30000000000000004,1.6,16.6
0.91,0.09035409,0.30000000000000004,1.6,16.6
0.91,0.08547009,0.30000000000000004,1.6,16.6
0.91,0.09035409,0.30000000000000004,1.6,16.6
0.91,0.08547009,0.30000000000000004,1.6,16.6
0.91,0.08547009,0.30000000000000004,1.6,16.6
0.91,0.08547009,0.30000000000000004,1.6,16.6
0.91,0.09035409,0.30000000000000004,1.6,16.6
0.91,0.08547009,1.7000000000000002,1.6,16.6
0.92,0.08547009,1.7000000000000002,1.6,16.6
0.92,0.08547009,1.7000000000000002,1.6,16.6
0.92,0.08547009,1.7000000000000002,1.6,16.6
0.92,0.09035409,0.30000000000000004,1.6,16.6
0.92,0.09035409,0.30000000000000004,1.6,16.6
0.92,0.08058608,0.30000000000000004,1.6,16.6
0.92,0.08058608,0.4,1.7000000000000002,16.5
0.92,0.08547009,0.4,1.7000000000000002,16.5
0.92,0.08547009,0.4,1.7000000000000002,16.5
0.92,0.08058608,0.4,1.7000000000000002,16.5
0.93,0.08058608,0.4,1.7000000000000002,16.5
0.93,0.08058608,0.4,1.7000000000000002,16.5
0.93,0.08058608,1.7000000000000002,1.7000000000000002,16.5
0.93,0.08547009,1.7000000000000002,1.7000000000000002,16.5
0.93,0.08058608,1.7000000000000002,1.7000000000000002,16.5
0.93,0.08058608,1.7000000000000002,1.7000000000000002,16.5
0.93,0.08547009,0.4,1.7000000000000002,16.5
0.93,0.08547009,0.4,1.7000000000000002,16.5
0.93,0.08058608,0.4,1.7000000000000002,16.5
0.93,0.08058608,0.4,1.7000000000000002,16.400000000000002
0.94,0.08058608,0.4,1.7000000000000002,16.400000000000002
0.94,0.08058608,0.4,1.7000000000000002,16.400000000000002
0.94,0.08058608,0.4,1.7000000000000002,16.400000000000002
0.94,0.07570208,0.4,1.7000000000000002,16.400000000000002
0.94,0.08058608,0.4,1.7000000000000002,16.400000000000002
0.94,0.08058608,1.7000000000000002,1.7000000000000002,16.400000000000002
0.94,0.07570208,1.7000000000000002,1.7000000000000002,16.400000000000002
0.94,0.07570208,1.7000000000000002,1.7000000000000002,16.400000000000002
0.94,0.07570208,1.7000000000000002,1.7000000000000002,16.400000000000002
0.94,0.07570208,0.4,1.7000000000000002,16.400000000000002
0.94,0.07570208,0.4,1.7000000000000002,16.400000000000002
0.95,0.07570208,0.4,1.7000000000000002,16.400000000000002
0.95,0.07570208,0.4,1.7000000000000002,16.3
0.95,0.070818074,0.4,1.7000000000000002,16.3
0.95,0.070818074,0.4,1.7000000000000002,16.3
0.95,0.07570208,0.4,1.7000000000000002,16.3
0.95,0.070818074,0.4,1.7000000000000002,16.3
0.95,0.070818074,1.7000000000000002,1.7000000000000002,16.3
0.95,0.07570208,1.7000000000000002,1.7000000000000002,16.3
0.95,0.070818074,1.7000000000000002,1.7000000000000002,16.3
0.96,0.070818074,1.7000000000000002,1.7000000000000002,16.3
0.96,0.07570208,1.7000000000000002,1.7000000000000002,16.3
0.96,0.070818074,0.4,1.7000000000000002,16.3
0.96,0.06593407,0.4,1.7000000000000002,16.3
0.96,0.06593407,0.4,1.7000000000000002,16.3
0.96,0.06593407,0.4,1.7000000000000002,16.400000000000002
0.96,0.070818074,0.4,1.7000000000000002,16.400000000000002
0.96,0.070818074,0.4,1.7000000000000002,16.400000000000002
0.96,0.070818074,0.4,1.7000000000000002,16.400000000000002
0.96,0.06593407,0.4,1.7000000000000002,16.400000000000002
0.97,0.06105006,0.4,1.7000000000000002,16.400000000000002
0.97,0.070818074,1.7000000000000002,1.7000000000000002,16.400000000000002
0.97,0.06593407,1.7000000000000002,1.7000000000000002,16.400000000000002
0.97,0.06593407,1.7000000000000002,1.7000000000000002,16.400000000000002
0.97,0.06593407,1.7000000000000002,1.7000000000000002,16.400000000000002
0.97,0.06593407,0.4,1.7000000000000002,16.400000000000002
0.97,0.06105006,0.4,1.7000000000000002,16.400000000000002
0.97,0.06105006,0.4,1.7000000000000002,16.400000000000002
0.97,0.06105006,0.4,1.7000000000000002,16.400000000000002
0.97,0.06105006,0.4,1.7000000000000002,16.400000000000002
0.98,0.06105006,0.4,1.7000000000000002,16.400000000000002
0.98,0.06105006,0.4,1.7000000000000002,16.400000000000002
0.98,0.06105006,0.4,1.7000000000000002,16.400000000000002
0.98,0.06105006,1.7000000000000002,1.7000000000000002,16.400000000000002
0.98,0.056166057,1.7000000000000002,1.7000000000000002,16.400000000000002
0.98,0.056166057,1.7000000000000002,1.7000000000000002,16.400000000000002
0.98,0.056166057,1.7000000000000002,1.7000000000000002,16.400000000000002
0.98,0.06105006,1.7000000000000002,1.7000000000000002,16.400000000000002
0.98,0.06105006,0.4,1.7000000000000002,16.400000000000002
0.98,0.056166057,0.4,1.7000000000000002,16.400000000000002
0.98,0.051282052,0.4,1.7000000000000002,16.400000000000002
0.99,0.056166057,0.4,1.7000000000000002,16.400000000000002
0.99,0.056166057,0.4,1.7000000000000002,16.400000000000002
0.99,0.056166057,0.4,1.7000000000000002,16.400000000000002
0.99,0.06105006,0.4,1.7000000000000002,16.400000000000002
0.99,0.056166057,0.4,1.7000000000000002,16.400000000000002
0.99,0.051282052,1.7000000000000002,1.7000000000000002,16.400000000000002
0.99,0.051282052,1.7000000000000002,1.7000000000000002,16.400000000000002
0.99,0.051282052,1.7000000000000002,1.7000000000000002,16.400000000000002
0.99,0.051282052,1.7000000000000002,1.7000000000000002,16.400000000000002
0.99,0.056166057,1.7000000000000002,1.7000000000000002,16.400000000000002
1.0,0.056166057,0.4,1.7000000000000002,16.400000000000002
1.0,0.056166057,0.4,1.7000000000000002,16.400000000000002
1.0,0.056166057,0.4,1.7000000000000002,16.400000000000002
1.0,0.056166057,0.5,1.7000000000000002,16.400000000000002
1.0,0.051282052,0.5,1.7000000000000002,16.400000000000002
1.0,0.046398047,0.5,1.7000000000000002,16.400000000000002
1.0,0.056166057,0.5,1.7000000000000002,16.400000000000002
1.0,0.06105006,0.5,1.7000000000000002,16.400000000000002
1.0,0.056166057,0.5,1.7000000000000002,16.400000000000002
1.0,0.056166057,1.7000000000000002,1.7000000000000002,16.400000000000002
1.01,0.06105006,1.7000000000000002,1.7000000000000002,16.400000000000002
1.01,0.056166057,1.7000000000000002,1.7000000000000002,16.400000000000002
1.01,0.051282052,1.7000000000000002,1.7000000000000002,16.400000000000002
1.01,0.06105006,0.5,1.7000000000000002,16.400000000000002
1.01,0.06105006,0.5,1.7000000000000002,16.400000000000002
1.01,0.056166057,0.5,1.7000000000000002,16.400000000000002
1.01,0.06105006,0.5,1.7000000000000002,16.5
1.01,0.06105006,0.5,1.7000000000000002,16.5
1.02,0.06593407,0.5,1.7000000000000002,16.5
1.02,0.06105006,0.5,1.7000000000000002,16.5
1.02,0.06593407,0.5,1.7000000000000002,16.5
1.02,0.070818074,0.5,1.7000000000000002,16.5
1.02,0.06593407,1.7000000000000002,1.7000000000000002,16.5
1.02,0.070818074,1.7000000000000002,1.7000000000000002,16.5
1.02,0.070818074,1.7000000000000002,1.7000000000000002,16.5
1.02,0.06593407,1.7000000000000002,1.7000000000000002,16.5
1.02,0.07570208,0.5,1.7000000000000002,16.5
1.02,0.08058608,0.5,1.7000000000000002,16.5
1.02,0.07570208,0.5,1.7000000000000002,16.5
1.03,0.08058608,0.5,1.6,16.6
1.03,0.08058608,0.5,1.6,16.6
1.03,0.08058608,0.5,1.6,16.6
1.03,0.08058608,0.5,1.6,16.6
1.03,0.08058608,0.5,1.6,16.6
1.03,0.09035409,0.5,1.6,16.6
1.03,0.08547009,1.7000000000000002,1.6,16.6
1.03,0.08547009,1.7000000000000002,1.6,16.6
1.03,0.08547009,1.7000000000000002,1.6,16.6
1.03,0.08547009,1.7000000000000002,1.6,16.6
1.03,0.08547009,0.5,1.6,16.6
1.04,0.09035409,0.5,1.6,16.6
1.04,0.08547009,0.5,1.6,16.6
1.04,0.09035409,0.5,1.6,16.6
1.04,0.09035409,0.5,1.6,16.6
1.04,0.09035409,0.5,1.6,16.6
1.04,0.09035409,0.5,1.6,16.6
1.04,0.09035409,0.5,1.6,16.6
1.04,0.09035409,0.5,1.6,16.6
1.04,0.09035409,1.7000000000000002,1.6,16.6
1.05,0.09035409,1.7000000000000002,1.6,16.6
1.05,0.0952381,1.7000000000000002,1.6,16.6
1.05,0.0952381,1.7000000000000002,1.6,16.6
1.05,0.0952381,0.5,1.6,16.6
1.05,0.0952381,0.5,1.6,16.6
1.05,0.09035409,0.5,1.6,16.6
1.05,0.0952381,0.5,1.6,16.5
1.05,0.0952381,0.5,1.6,16.5
1.05,0.0952381,0.5,1.6,16.5
1.05,0.0952381,0.5,1.6,16.5
1.06,0.0952381,0.5,1.6,16.5
1.06,0.0952381,0.5,1.6,16.5
1.06,0.09035409,1.7000000000000002,1.6,16.5
1.06,0.0952381,1.7000000000000002,1.6,16.5
1.06,0.0952381,1.7000000000000002,1.6,16.5
1.06,0.0952381,1.7000000000000002,1.6,16.5
1.06,0.0952381,0.5,1.6,16.5
1.06,0.0952381,0.5,1.6,16.5
1.06,0.0952381,0.5,1.6,16.5
1.06,0.1001221,0.5,1.5,16.6
1.07,0.0952381,0.5,1.5,16.6
1.07,0.105006106,0.5,1.5,16.6
1.07,0.105006106,0.5,1.5,16.6
1.07,0.0952381,0.5,1.5,16.6
1.07,0.0952381,1.7000000000000002,1.5,16.6
1.07,0.0952381,1.7000000000000002,1.5,16.6
1.07,0.0952381,1.7000000000000002,1.5,16.6
1.07,0.0952381,1.7000000000000002,1.5,16.6
1.07,0.1001221,1.7000000000000002,1.5,16.6
1.07,0.0952381,0.5,1.5,16.6
1.07,0.1001221,0.5,1.5,16.6
1.08,0.1001221,0.5,1.5,16.6
1.08,0.0952381,0.5,1.5,16.5
1.08,0.09035409,0.5,1.5,16.5
1.08,0.09035409,0.5,1.5,16.5
1.08,0.0952381,0.5,1.5,16.5
1.08,0.0952381,0.5,1.5,16.5
1.08,0.09035409,0.5,1.5,16.5
1.08,0.09035409,1.7000000000000002,1.5,16.5
1.08,0.09035409,1.7000000000000002,1.5,16.5
1.08,0.09035409,1.7000000000000002,1.5,16.5
1.09,0.09035409,1.7000000000000002,1.5,16.5
1.09,0.09035409,0.5,1.5,16.5
1.09,0.08547009,0.5,1.5,16.5
1.09,0.08547009,0.5,1.5,16.5
1.09,0.08547009,0.5,1.5,16.5
1.09,0.08058608,0.5,1.5,16.5
1.09,0.08547009,0.5,1.5,16.5
1.1,0.08058608,1.7000000000000002,1.5,16.5
1.1,0.07570208,1.7000000000000002,1.5,16.5
1.1,0.070818074,1.7000000000000002,1.5,16.5
1.1,0.070818074,1.7000000000000002,1.5,16.5
1.1,0.07570208,0.5,1.5,16.5
1.1,0.07570208,0.5,1.5,16.5
1.1,0.06593407,0.6000000000000001,1.5,16.5
1.11,0.070818074,0.6000000000000001,1.5,16.5
1.11,0.070818074,0.6000000000000001,1.5,16.5
1.11,0.070818074,1.7000000000000002,1.5,16.5
1.11,0.06593407,1.7000000000000002,1.5,16.5
1.11,0.06593407,1.7000000000000002,1.5,16.5
1.11,0.06593407,1.7000000000000002,1.5,16.5
1.11,0.06593407,0.6000000000000001,1.5,16.5
1.12,0.06105006,0.6000000000000001,1.5,16.5
1.12,0.06105006,0.6000000000000001,1.5,16.5
1.12,0.06105006,0.6000000000000001,1.5,16.5
1.12,0.06593407,0.6000000000000001,1.5,16.5
1.12,0.06105006,1.7000000000000002,1.5,16.5
1.12,0.06105006,1.7000000000000002,1.5,16.5
1.12,0.06105006,1.7000000000000002,1.5,16.5
1.12,0.06593407,1.7000000000000002,1.5,16.5
1.13,0.06593407,0.6000000000000001,1.5,16.5
1.13,0.070818074,0.6000000000000001,1.5,16.5
1.13,0.06593407,0.6000000000000001,1.5,16.5
1.13,0.06593407,0.6000000000000001,1.5,16.5
1.13,0.06593407,0.6000000000000001,1.5,16.5
1.13,0.06593407,0.6000000000000001,1.5,16.5
1.13,0.070818074,0.6000000000000001,1.5,16.5
1.13,0.070818074,1.7000000000000002,1.5,16.5
1.14,0.070818074,1.7000000000000002,1.5,16.5
1.14,0.070818074,1.7000000000000002,1.5,16.5
1.14,0.070818074,0.6000000000000001,1.5,16.5
1.14,0.070818074,0.6000000000000001,1.5,16.5
1.14,0.07570208,0.6000000000000001,1.5,16.5
1.14,0.07570208,0.7000000000000001,1.5,16.5
1.14,0.07570208,0.7000000000000001,1.5,16.5
1.15,0.070818074,0.7000000000000001,1.5,16.5
1.15,0.07570208,0.7000000000000001,1.5,16.5
1.15,0.07570208,1.7000000000000002,1.5,16.5
1.15,0.08058608,1.7000000000000002,1.5,16.5
1.15,0.08058608,1.7000000000000002,1.5,16.5
1.15,0.08058608,0.7000000000000001,1.5,16.5
1.15,0.08547009,0.7000000000000001,1.5,16.5
1.16,0.08058608,0.7000000000000001,1.6,16.400000000000002
1.16,0.08547009,0.7000000000000001,1.6,16.400000000000002
1.16,0.08058608,0.7000000000000001,1.6,16.400000000000002
1.16,0.08058608,0.7000000000000001,1.6,16.400000000000002
1.16,0.08547009,0.7000000000000001,1.6,16.400000000000002
1.16,0.08547009,1.7000000000000002,1.6,16.400000000000002
1.16,0.08547009,1.7000000000000002,1.6,16.400000000000002
1.16,0.08547009,1.7000000000000002,1.6,16.400000000000002
1.17,0.08547009,0.7000000000000001,1.6,16.400000000000002
1.17,0.09035409,0.7000000000000001,1.6,16.400000000000002
1.17,0.08547009,0.7000000000000001,1.5,16.400000000000002
1.17,0.08547009,0.7000000000000001,1.5,16.400000000000002
1.17,0.08547009,0.7000000000000001,1.5,16.400000000000002
1.17,0.08547009,0.7000000000000001,1.5,16.400000000000002
1.17,0.08547009,0.7000000000000001,1.5,16.400000000000002
1.17,0.09035409,0.7000000000000001,1.5,16.400000000000002
1.18,0.08547009,0.7000000000000001,1.5,16.400000000000002
1.18,0.08058608,0.7000000000000001,1.5,16.400000000000002
1.18,0.08547009,0.7000000000000001,1.5,16.400000000000002
1.18,0.08547009,0.7000000000000001,1.5,16.400000000000002
1.18,0.09035409,0.7000000000000001,1.5,16.400000000000002
1.18,0.09035409,0.7000000000000001,1.5,16.400000000000002
1.18,0.07570208,0.7000000000000001,1.5,16.400000000000002
1.19,0.08547009,0.7000000000000001,1.5,16.400000000000002
1.19,0.08058608,0.7000000000000001,1.5,16.400000000000002
1.19,0.08058608,0.7000000000000001,1.5,16.400000000000002
1.19,0.08058608,0.7000000000000001,1.5,16.400000000000002
1.19,0.07570208,0.7000000000000001,1.5,16.400000000000002
1.19,0.08058608,0.7000000000000001,1.5,16.400000000000002
1.19,0.08058608,0.7000000000000001,1.5,16.400000000000002
1.19,0.08058608,0.7000000000000001,1.5,16.3
1.2,0.07570208,0.7000000000000001,1.5,16.3
1.2,0.08058608,0.7000000000000001,1.5,16.3
1.2,0.07570208,0.7000000000000001,1.5,16.3
1.2,0.08058608,0.7000000000000001,1.5,16.3
1.2,0.08058608,1.7000000000000002,1.5,16.3
1.2,0.07570208,1.7000000000000002,1.5,16.3
1.2,0.08058608,1.7000000000000002,1.5,16.3
1.2,0.08058608,0.7000000000000001,1.5,16.3
1.21,0.09035409,0.7000000000000001,1.5,16.3
1.21,0.08547009,0.7000000000000001,1.5,16.3
1.21,0.09035409,0.7000000000000001,1.5,16.3
1.21,0.0952381,0.7000000000000001,1.5,16.3
1.21,0.1001221,0.7000000000000001,1.5,16.3
1.21,0.105006106,0.7000000000000001,1.5,16.3
1.21,0.10989011,1.7000000000000002,1.5,16.3
1.22,0.114774115,1.7000000000000002,1.5,16.3
1.22,0.11965812,1.7000000000000002,1.5,16.3
1.22,0.11965812,0.7000000000000001,1.5,16.3
1.22,0.124542125,0.7000000000000001,1.5,16.3
1.22,0.12942614,0.7000000000000001,1.5,16.3
1.22,0.13431014,0.7000000000000001,1.5,16.3
1.22,0.13431014,0.7000000000000001,1.5,16.3
1.22,0.13919415,0.7000000000000001,1.5,16.3
1.23,0.14407815,0.7000000000000001,1.5,16.3
1.23,0.13431014,1.7000000000000002,1.5,16.3
1.23,0.13919415,1.7000000000000002,1.5,16.3
1.23,0.13431014,1.7000000000000002,1.5,16.3
1.23,0.13431014,0.7000000000000001,1.5,16.3
1.23,0.13431014,0.7000000000000001,1.5,16.3
1.23,0.124542125,0.7000000000000001,1.5,16.3
1.23,0.124542125,0.7000000000000001,1.5,16.3
1.24,0.12942614,0.7000000000000001,1.5,16.3
1.24,0.114774115,0.7000000000000001,1.5,16.3
1.24,0.114774115,0.7000000000000001,1.5,16.3
1.24,0.114774115,0.7000000000000001,1.5,16.3
1.24,0.105006106,0.7000000000000001,1.5,16.3
1.24,0.105006106,0.7000000000000001,1.5,16.3
1.24,0.0952381,0.7000000000000001,1.5,16.3
1.25,0.09035409,0.7000000000000001,1.5,16.3
1.25,0.08058608,0.7000000000000001,1.5,16.2
1.25,0.08058608,0.7000000000000001,1.5,16.2
1.25,0.08058608,0.7000000000000001,1.5,16.2
1.25,0.06593407,0.7000000000000001,1.5,16.2
1.25,0.06593407,0.7000000000000001,1.5,16.2
1.25,0.06105006,0.7000000000000001,1.5,16.2
1.25,0.06105006,0.7000000000000001,1.5,16.2
1.25,0.06105006,0.7000000000000001,1.5,16.2
1.26,0.051282052,0.7000000000000001,1.5,16.2
1.26,0.051282052,0.7000000000000001,1.5,16.2
1.26,0.03663004,0.7000000000000001,1.5,16.2
1.26,0.041514043,0.7000000000000001,1.5,16.1
1.26,0.046398047,0.7000000000000001,1.5,16.1
1.26,0.03663004,0.7000000000000001,1.5,16.1
1.26,0.031746034,0.7000000000000001,1.5,16.1
1.27,0.031746034,0.7000000000000001,1.5,16.1
1.27,0.031746034,0.7000000000000001,1.5,16.1
1.27,0.031746034,0.7000000000000001,1.5,16.1
1.27,0.026862027,0.7000000000000001,1.5,16.1
1.27,0.021978023,0.7000000000000001,1.5,16.1
1.27,0.021978023,0.7000000000000001,1.5,16.1
1.27,0.021978023,0.7000000000000001,1.5,16.1
1.27,0.026862027,0.7000000000000001,1.5,16.1
1.28,0.021978023,0.7000000000000001,1.5,16.1
1.28,0.017094018,0.7000000000000001,1.5,16.1
1.28,0.021978023,0.7000000000000001,1.5,16.1
1.28,0.021978023,0.7000000000000001,1.5,16.1
1.28,0.031746034,0.7000000000000001,1.5,16.1
1.28,0.026862027,0.7000000000000001,1.5,16.1
1.28,0.026862027,0.7000000000000001,1.5,16.1
1.28,0.031746034,0.7000000000000001,1.5,16.1
1.28,0.031746034,0.7000000000000001,1.5,16.1
1.29,0.03663004,0.7000000000000001,1.5,16.1
1.29,0.041514043,0.7000000000000001,1.5,16.1
1.29,0.041514043,0.7000000000000001,1.5,16.1
1.29,0.046398047,0.7000000000000001,1.5,16.1
1.29,0.046398047,0.7000000000000001,1.5,16.1
1.29,0.046398047,0.7000000000000001,1.5,16.1
1.29,0.051282052,0.7000000000000001,1.5,16.1
1.29,0.051282052,0.7000000000000001,1.5,16.1
1.29,0.051282052,0.7000000000000001,1.5,16.1
1.29,0.056166057,0.7000000000000001,1.5,16.1
1.29,0.06593407,0.7000000000000001,1.5,16.1
1.3,0.06593407,0.7000000000000001,1.5,16.1
1.3,0.06593407,0.7000000000000001,1.5,16.1
1.3,0.06593407,0.7000000000000001,1.6,15.9
1.3,0.070818074,0.7000000000000001,1.6,15.9
1.3,0.070818074,0.7000000000000001,1.6,15.9
1.3,0.07570208,0.7000000000000001,1.6,15.9
1.3,0.07570208,0.7000000000000001,1.6,15.9
1.3,0.08058608,0.7000000000000001,1.6,15.9
1.3,0.08058608,0.7000000000000001,1.6,15.9
1.31,0.08058608,0.7000000000000001,1.6,15.9
1.31,0.08547009,0.7000000000000001,1.6,15.9
1.31,0.09035409,0.7000000000000001,1.6,15.9
1.31,0.0952381,0.7000000000000001,1.6,15.9
1.31,0.1001221,0.7000000000000001,1.6,15.9
1.31,0.1001221,0.7000000000000001,1.6,15.9
1.31,0.105006106,0.8,1.6,16.0
1.31,0.105006106,0.8,1.6,16.0
1.31,0.1001221,0.8,1.6,16.0
1.31,0.105006106,0.8,1.6,16.0
1.32,0.10989011,0.8,1.6,16.0
1.32,0.10989011,0.8,1.6,16.0
1.32,0.11965812,0.8,1.6,16.0
1.32,0.11965812,0.8,1.6,16.0
1.32,0.114774115,0.8,1.6,16.0
1.32,0.11965812,0.8,1.6,16.0
1.32,0.114774115,0.8,1.6,16.0
1.32,0.11965812,0.8,1.6,16.0
1.32,0.11965812,0.8,1.6,15.9
1.32,0.124542125,0.8,1.6,15.9
1.33,0.12942614,0.8,1.6,15.9
1.33,0.12942614,0.8,1.6,15.9
1.33,0.124542125,0.8,1.6,15.9
1.33,0.11965812,0.8,1.6,15.9
1.33,0.124542125,0.8,1.6,15.9
1.33,0.124542125,0.8,1.6,15.9
1.33,0.12942614,0.8,1.6,15.9
1.33,0.12942614,0.8,1.6,15.9
1.33,0.124542125,0.8,1.6,15.9
1.33,0.12942614,0.8,1.6,15.9
1.34,0.124542125,0.8,1.6,15.9
1.34,0.124542125,0.8,1.6,15.9
1.34,0.12942614,0.8,1.6,15.9
1.34,0.12942614,0.8,1.6,15.9
1.34,0.12942614,0.8,1.6,15.9
1.34,0.12942614,0.8,1.6,15.9
1.34,0.12942614,0.8,1.6,15.9
1.34,0.124542125,0.8,1.6,15.9
1.34,0.12942614,0.8,1.6,15.9
1.35,0.12942614,0.8,1.6,15.9
1.35,0.124542125,0.8,1.6,15.9
1.35,0.13431014,0.8,1.6,15.9
1.35,0.13431014,0.8,1.6,15.9
1.35,0.12942614,0.8,1.6,15.9
1.35,0.13431014,0.8,1.5,15.9
1.35,0.12942614,0.8,1.5,15.9
1.35,0.12942614,0.8,1.5,15.9
1.35,0.13431014,0.8,1.5,15.9
1.35,0.13431014,0.8,1.5,15.9
1.36,0.13431014,0.8,1.5,15.9
1.36,0.13431014,0.8,1.5,15.9
1.36,0.13431014,0.8,1.5,15.9
1.36,0.13919415,0.8,1.5,15.9
1.36,0.13431014,0.8,1.5,15.9
1.36,0.13919415,0.8,1.5,15.9
1.36,0.14407815,0.8,1.5,15.9
1.36,0.13431014,0.8,1.5,15.9
1.36,0.13919415,0.8,1.5,15.9
1.36,0.13919415,0.8,1.5,15.9
1.37,0.13431014,0.8,1.5,15.9
1.37,0.13431014,0.8,1.5,15.9
1.37,0.13919415,0.8,1.5,15.9
1.37,0.12942614,0.8,1.5,15.9
1.37,0.12942614,0.8,1.5,15.9
1.37,0.11965812,0.8,1.5,15.9
1.37,0.11965812,0.8,1.5,15.9
1.37,0.10989011,0.8,1.5,15.9
1.37,0.1001221,0.8,1.5,15.9
1.37,0.0952381,0.8,1.5,15.9
1.38,0.08547009,0.8,1.4000000000000001,15.9
1.38,0.07570208,0.8,1.4000000000000001,15.9
1.38,0.06593407,0.8,1.4000000000000001,15.9
1.38,0.056166057,0.8,1.4000000000000001,15.9
1.38,0.056166057,0.8,1.4000000000000001,15.9
1.38,0.046398047,0.8,1.4000000000000001,15.9
1.38,0.041514043,0.8,1.4000000000000001,15.9
1.38,0.031746034,0.8,1.4000000000000001,15.9
1.39,0.031746034,0.8,1.4000000000000001,15.9
1.39,0.026862027,0.8,1.4000000000000001,15.9
1.39,0.017094018,0.8,1.4000000000000001,15.9
1.39,0.017094018,0.8,1.4000000000000001,15.9
1.39,0.012210012,0.7000000000000001,1.4000000000000001,15.9
1.39,0.0073260074,0.7000000000000001,1.4000000000000001,15.9
1.39,0.0073260074,0.7000000000000001,1.4000000000000001,15.9
1.39,0.0073260074,0.7000000000000001,1.4000000000000001,15.9
1.39,0.0073260074,0.7000000000000001,1.4000000000000001,15.9
1.39,0.0073260074,0.7000000000000001,1.4000000000000001,15.9
1.4,0.0024420025,0.7000000000000001,1.4000000000000001,15.9
1.4,0.0024420025,0.7000000000000001,1.4000000000000001,15.9
1.4,0.0024420025,0.7000000000000001,1.4000000000000001,15.9
1.4,0.0024420025,0.7000000000000001,1.4000000000000001,15.9
1.4,0.0024420025,0.7000000000000001,1.4000000000000001,15.9
1.4,0.0073260074,0.7000000000000001,1.4000000000000001,15.9
1.4,0.0073260074,0.7000000000000001,1.4000000000000001,15.9
1.4,0.0073260074,0.7000000000000001,1.4000000000000001,15.9
1.41,0.012210012,0.7000000000000001,1.4000000000000001,15.9
1.41,0.012210012,0.7000000000000001,1.4000000000000001,15.9
1.41,0.017094018,0.7000000000000001,1.4000000000000001,15.9
1.41,0.017094018,0.7000000000000001,1.4000000000000001,15.9
1.41,0.021978023,0.7000000000000001,1.4000000000000001,15.9
1.41,0.026862027,0.7000000000000001,1.4000000000000001,15.9
1.41,0.031746034,0.7000000000000001,1.4000000000000001,15.9
1.41,0.03663004,0.7000000000000001,1.4000000000000001,15.9
1.42,0.03663004,0.7000000000000001,1.4000000000000001,15.8
1.42,0.03663004,0.7000000000000001,1.4000000000000001,15.8
1.42,0.041514043,0.7000000000000001,1.4000000000000001,15.8
1.42,0.041514043,0.7000000000000001,1.4000000000000001,15.8
1.42,0.046398047,0.7000000000000001,1.4000000000000001,15.8
1.42,0.046398047,0.7000000000000001,1.4000000000000001,15.8
1.42,0.051282052,0.7000000000000001,1.4000000000000001,15.8
1.42,0.056166057,0.7000000000000001,1.4000000000000001,15.8
1.42,0.056166057,0.7000000000000001,1.4000000000000001,15.8
1.42,0.06105006,0.7000000000000001,1.4000000000000001,15.8
1.43,0.06593407,0.7000000000000001,1.4000000000000001,15.8
1.43,0.07570208,0.7000000000000001,1.4000000000000001,15.8
1.43,0.08058608,0.7000000000000001,1.4000000000000001,15.8
1.43,0.08058608,0.7000000000000001,1.4000000000000001,15.8
1.43,0.08547009,0.7000000000000001,1.4000000000000001,15.8
1.43,0.0952381,0.7000000000000001,1.4000000000000001,15.8
1.43,0.0952381,0.7000000000000001,1.4000000000000001,15.8
1.43,0.10989011,0.7000000000000001,1.4000000000000001,15.8
1.44,0.105006106,0.7000000000000001,1.4000000000000001,15.8
1.44,0.10989011,0.7000000000000001,1.4000000000000001,15.8
1.44,0.11965812,0.7000000000000001,1.4000000000000001,15.8
1.44,0.124542125,0.7000000000000001,1.4000000000000001,15.8
1.44,0.13431014,0.7000000000000001,1.3,15.8
1.44,0.13431014,0.7000000000000001,1.3,15.8
1.44,0.13431014,0.7000000000000001,1.3,15.8
1.45,0.13431014,0.7000000000000001,1.3,15.8
1.45,0.14407815,0.7000000000000001,1.3,15.8
1.45,0.13919415,0.7000000000000001,1.3,15.8
1.45,0.14407815,0.7000000000000001,1.3,15.8
1.45,0.14896215,0.7000000000000001,1.3,15.8
1.45,0.14896215,0.7000000000000001,1.3,15.8
1.45,0.15384616,0.7000000000000001,1.3,15.8
1.46,0.14407815,0.7000000000000001,1.3,15.700000000000001
1.46,0.14896215,0.7000000000000001,1.3,15.700000000000001
1.46,0.14896215,0.7000000000000001,1.3,15.700000000000001
1.46,0.15384616,0.7000000000000001,1.3,15.700000000000001
1.46,0.15873016,0.7000000000000001,1.3,15.700000000000001
1.46,0.15384616,0.7000000000000001,1.3,15.700000000000001
1.46,0.15384616,0.7000000000000001,1.3,15.700000000000001
1.46,0.15384616,0.7000000000000001,1.3,15.700000000000001
1.47,0.15873016,0.7000000000000001,1.3,15.700000000000001
1.47,0.15384616,0.7000000000000001,1.3,15.8
1.47,0.15384616,0.7000000000000001,1.3,15.8
1.47,0.15384616,0.7000000000000001,1.3,15.8
1.47,0.15384616,0.7000000000000001,1.3,15.8
1.47,0.15873016,0.7000000000000001,1.3,15.8
1.48,0.15384616,0.7000000000000001,1.3,15.8
1.48,0.15873016,0.7000000000000001,1.3,15.8
1.48,0.15384616,0.7000000000000001,1.3,15.8
1.48,0.15384616,0.7000000000000001,1.3,15.8
1.48,0.15384616,0.7000000000000001,1.3,15.8
1.48,0.14896215,0.6000000000000001,1.2000000000000002,15.8
1.48,0.14407815,0.6000000000000001,1.2000000000000002,15.8
1.48,0.13919415,0.6000000000000001,1.2000000000000002,15.8
1.48,0.13919415,0.6000000000000001,1.2000000000000002,15.8
1.49,0.13431014,0.6000000000000001,1.2000000000000002,15.8
1.49,0.11965812,0.6000000000000001,1.2000000000000002,15.8
1.49,0.114774115,0.6000000000000001,1.2000000000000002,15.8
1.49,0.105006106,0.6000000000000001,1.2000000000000002,15.8
1.49,0.0952381,0.6000000000000001,1.2000000000000002,15.8
1.49,0.09035409,0.6000000000000001,1.2000000000000002,15.8
1.49,0.070818074,0.6000000000000001,1.2000000000000002,15.8
1.49,0.06105006,0.6000000000000001,1.2000000000000002,15.8
1.49,0.06105006,0.6000000000000001,1.2000000000000002,15.8
1.5,0.046398047,0.6000000000000001,1.2000000000000002,15.8
1.5,0.031746034,0.6000000000000001,1.2000000000000002,15.8
1.5,0.021978023,0.6000000000000001,1.2000000000000002,15.8
1.5,0.012210012,0.6000000000000001,1.2000000000000002,15.8
1.5,0.0024420025,0.6000000000000001,1.2000000000000002,15.8
1.5,-0.0024420025,0.6000000000000001,1.2000000000000002,15.8
1.5,-0.012210012,0.6000000000000001,1.2000000000000002,15.8
1.5,-0.017094018,0.6000000000000001,1.2000000000000002,15.8
1.51,-0.017094018,0.6000000000000001,1.2000000000000002,15.8
1.51,-0.017094018,0.6000000000000001,1.1,15.8
1.51,-0.021978023,0.6000000000000001,1.1,15.8
1.51,-0.026862027,0.6000000000000001,1.1,15.8
1.51,-0.026862027,0.6000000000000001,1.1,15.8
1.51,-0.021978023,0.6000000000000001,1.1,15.8
1.51,-0.026862027,0.6000000000000001,1.1,15.8
1.51,-0.031746034,0.6000000000000001,1.1,15.8
1.51,-0.031746034,0.6000000000000001,1.1,15.8
1.52,-0.026862027,0.6000000000000001,1.1,15.8
1.52,-0.031746034,0.6000000000000001,1.1,15.8
1.52,-0.031746034,0.6000000000000001,1.1,15.8
1.52,-0.031746034,0.6000000000000001,1.1,15.8
1.52,-0.031746034,0.5,1.1,15.8
1.52,-0.026862027,0.5,1.1,15.8
1.52,-0.021978023,0.5,1.1,15.8
1.52,-0.021978023,0.5,1.1,15.8
1.52,-0.017094018,0.5,1.1,15.8
1.53,-0.012210012,0.5,1.1,15.8
1.53,-0.0024420025,0.5,1.1,15.8
1.53,-0.0024420025,0.5,1.1,15.8
1.53,-0.0024420025,0.5,1.1,15.8
1.53,0.0073260074,0.5,1.1,15.8
1.53,0.012210012,0.5,1.1,15.8
1.53,0.012210012,0.5,1.1,15.8
1.53,0.017094018,0.5,1.1,15.8
1.53,0.021978023,0.5,1.1,15.8
1.53,0.031746034,0.5,1.1,15.8
1.54,0.03663004,0.5,1.1,15.8
1.54,0.03663004,0.5,1.1,15.8
1.54,0.03663004,0.5,1.1,15.8
1.54,0.041514043,0.5,1.1,15.8
1.54,0.046398047,0.5,1.1,15.8
1.54,0.046398047,0.5,1.1,15.8
1.54,0.046398047,0.5,1.1,15.8
1.54,0.051282052,0.5,1.1,15.8
1.54,0.06105006,0.5,1.1,15.8
1.55,0.06593407,0.5,1.1,15.8
1.55,0.07570208,0.5,1.1,15.8
1.55,0.08058608,0.5,1.1,15.8
1.55,0.09035409,0.5,1.1,15.8
1.55,0.0952381,0.5,1.1,15.8
1.55,0.1001221,0.5,1.1,15.8
1.55,0.10989011,0.5,1.1,15.8
1.55,0.105006106,0.5,1.1,15.8
1.55,0.114774115,0.5,1.1,15.8
1.55,0.11965812,0.5,1.1,15.8
1.55,0.124542125,0.5,1.1,15.8
1.56,0.13431014,0.5,1.1,15.8
1.56,0.13431014,0.5,1.1,15.8
1.56,0.13919415,0.5,1.1,15.8
1.56,0.14407815,0.5,1.1,15.8
1.56,0.14896215,0.5,1.1,15.8
1.56,0.15384616,0.5,1.1,15.8
1.56,0.15873016,0.5,1.1,15.8
1.56,0.15873016,0.5,1.1,15.8
1.56,0.15873016,0.5,1.1,15.8
1.57,0.15873016,0.5,1.1,15.8
1.57,0.16361417,0.5,1.1,15.8
1.57,0.16849817,0.5,1.1,15.8
1.57,0.16361417,0.5,1.1,15.8
1.57,0.16361417,0.5,1.1,15.8
1.57,0.16849817,0.5,1.1,15.8
1.57,0.17338218,0.5,1.1,15.8
1.57,0.16849817,0.5,1.1,15.8
1.57,0.16849817,0.5,1.1,15.8
1.58,0.16361417,0.5,1.1,15.8
1.58,0.16361417,0.5,1.1,15.8
1.58,0.16361417,0.5,1.1,15.8
1.58,0.16361417,0.5,1.1,15.8
1.58,0.15873016,0.5,1.1,15.8
1.58,0.15384616,0.5,1.1,15.8
1.58,0.15384616,0.5,1.1,15.8
1.58,0.14896215,0.5,1.1,15.8
1.58,0.14896215,0.5,1.1,15.8
1.58,0.14407815,0.5,1.1,15.8
1.58,0.14896215,0.4,1.0,15.9
1.59,0.13919415,0.4,1.0,15.9
1.59,0.13431014,0.4,1.0,15.9
1.59,0.13431014,0.4,1.0,15.9
1.59,0.12942614,0.4,1.0,15.9
1.59,0.12942614,0.4,1.0,15.9
1.59,0.11965812,0.4,1.0,15.9
1.59,0.10989011,0.4,1.0,15.9
1.59,0.114774115,0.4,1.0,15.9
1.6,0.10989011,0.4,1.0,15.9
1.6,0.10989011,0.4,1.0,15.9
1.6,0.105006106,0.4,1.0,15.9
1.6,0.0952381,0.4,1.0,15.9
1.6,0.0952381,0.4,1.0,15.9
1.6,0.09035409,0.4,1.0,15.9
1.6,0.08547009,0.4,1.0,15.9
1.6,0.08058608,0.4,1.0,15.9
1.6,0.07570208,0.4,1.0,15.9
1.61,0.070818074,0.4,1.0,15.9
1.61,0.070818074,0.4,1.0,15.9
1.61,0.06593407,0.4,1.0,15.9
1.61,0.06105006,0.4,1.0,15.9
1.61,0.056166057,0.4,1.0,15.9
1.61,0.056166057,0.30000000000000004,0.9,15.9
1.61,0.056166057,0.30000000000000004,0.9,15.9
1.61,0.051282052,0.30000000000000004,0.9,15.9
1.61,0.051282052,0.30000000000000004,0.9,15.9
1.62,0.046398047,0.30000000000000004,0.9,15.9
1.62,0.046398047,0.30000000000000004,0.9,15.9
1.62,0.046398047,0.30000000000000004,0.9,15.9
1.62,0.041514043,0.30000000000000004,0.9,15.9
1.62,0.041514043,0.30000000000000004,0.9,15.9
1.62,0.03663004,0.30000000000000004,0.9,15.9
1.62,0.03663004,0.30000000000000004,0.9,15.9
1.62,0.031746034,0.30000000000000004,0.9,15.9
1.62,0.03663004,0.30000000000000004,0.9,15.9
1.62,0.041514043,0.30000000000000004,0.9,15.9
1.63,0.031746034,0.30000000000000004,0.9,15.9
1.63,0.031746034,0.30000000000000004,0.9,15.9
1.63,0.031746034,0.30000000000000004,0.9,15.9
1.63,0.031746034,0.30000000000000004,0.9,15.9
1.63,0.03663004,0.30000000000000004,0.9,15.9
1.63,0.031746034,0.30000000000000004,0.9,15.9
1.63,0.03663004,0.30000000000000004,0.9,15.9
1.63,0.03663004,0.30000000000000004,0.9,15.9
1.63,0.031746034,0.30000000000000004,0.9,15.9
1.63,0.031746034,0.30000000000000004,0.9,15.9
1.64,0.03663004,0.30000000000000004,0.9,15.9
1.64,0.03663004,0.2,0.9,15.9
1.64,0.041514043,0.2,0.9,15.9
1.64,0.041514043,0.2,0.9,15.9
1.64,0.041514043,0.2,0.9,15.9
1.64,0.046398047,0.2,0.9,15.9
1.64,0.046398047,0.2,0.9,15.9
1.64,0.051282052,0.2,0.9,15.9
1.64,0.051282052,0.2,0.9,15.9
1.64,0.051282052,0.2,0.9,15.9
1.64,0.051282052,0.2,0.9,15.9
1.65,0.056166057,0.2,0.9,15.9
1.65,0.056166057,0.2,0.9,15.9
1.65,0.06105006,0.2,0.9,15.9
1.65,0.06105006,0.2,0.9,15.9
1.65,0.06593407,0.2,0.9,15.9
1.65,0.070818074,0.2,0.9,15.9
1.65,0.070818074,0.2,0.9,15.9
1.65,0.07570208,0.2,0.9,15.9
1.65,0.08058608,0.2,0.9,15.9
1.65,0.08058608,0.2,0.9,15.9
1.66,0.08058608,0.2,0.9,15.9
1.66,0.08547009,0.2,0.9,15.9
1.66,0.09035409,0.2,0.9,15.9
1.66,0.08547009,0.2,0.9,15.9
1.66,0.09035409,0.2,0.9,15.9
1.66,0.09035409,0.2,0.9,15.9
1.66,0.09035409,0.2,0.9,15.8
1.66,0.0952381,0.2,0.9,15.8
1.66,0.1001221,0.2,0.9,15.8
1.67,0.1001221,0.2,0.9,15.8
1.67,0.105006106,0.2,0.9,15.8
1.67,0.105006106,0.2,0.9,15.8
1.67,0.105006106,0.2,0.9,15.8
1.67,0.105006106,0.2,0.9,15.8
1.67,0.114774115,0.2,0.9,15.8
1.67,0.114774115,0.2,0.9,15.8
1.67,0.114774115,0.2,0.9,15.8
1.67,0.114774115,0.1,0.8,15.8
1.67,0.114774115,0.1,0.8,15.8
1.68,0.114774115,0.1,0.8,15.8
1.68,0.114774115,0.1,0.8,15.8
1.68,0.11965812,0.1,0.8,15.8
1.68,0.124542125,0.1,0.8,15.8
1.68,0.124542125,0.1,0.8,15.8
1.68,0.11965812,0.1,0.8,15.8
1.68,0.124542125,0.1,0.8,15.8
1.68,0.124542125,0.1,0.8,15.8
1.68,0.11965812,0.1,0.8,15.8
1.69,0.124542125,0.1,0.8,15.8
1.69,0.12942614,0.1,0.8,15.8
1.69,0.124542125,0.1,0.8,15.9
1.69,0.124542125,0.1,0.8,15.9
1.69,0.11965812,0.1,0.8,15.9
1.69,0.11965812,0.1,0.8,15.9
1.69,0.11965812,0.1,0.8,15.9
1.69,0.124542125,0.1,0.8,15.9
1.69,0.124542125,0.1,0.8,15.9
1.69,0.124542125,0.1,0.8,15.9
1.7,0.11965812,0.1,0.8,15.9
1.7,0.11965812,0.1,0.8,15.9
1.7,0.11965812,0.1,0.8,15.9
1.7,0.114774115,0.1,0.8,15.9
1.7,0.11965812,0.1,0.8,15.9
1.7,0.124542125,0.1,0.8,15.9
1.7,0.11965812,0.1,0.8,15.9
1.7,0.11965812,0.1,0.8,15.9
1.7,0.114774115,0.1,0.8,15.9
1.7,0.114774115,0.1,0.8,15.9
1.71,0.10989011,0.1,0.8,15.9
1.71,0.114774115,0.1,0.8,15.9
1.71,0.105006106,0.1,0.8,15.9
1.71,0.105006106,0.1,0.8,15.9
1.71,0.10989011,0.1,0.8,15.9
1.71,0.105006106,0.1,0.8,15.9
1.71,0.1001221,0.1,0.8,15.9
1.71,0.105006106,0.1,0.8,15.9
1.71,0.1001221,0.1,0.7000000000000001,16.0
1.71,0.0952381,0.1,0.7000000000000001,16.0
1.72,0.0952381,0.1,0.7000000000000001,16.0
1.72,0.0952381,0.1,0.7000000000000001,16.0
1.72,0.0952381,0.1,0.7000000000000001,16.0
1.72,0.0952381,0.1,0.7000000000000001,16.0
1.72,0.0952381,0.1,0.7000000000000001,16.0
1.72,0.09035409,0.1,0.7000000000000001,16.0
1.72,0.0952381,0.1,0.7000000000000001,16.0
1.72,0.0952381,0.1,0.7000000000000001,16.0
1.72,0.0952381,0.1,0.7000000000000001,16.0
1.72,0.0952381,0.1,0.7000000000000001,16.0
1.73,0.0952381,0.1,0.7000000000000001,16.0
1.73,0.09035409,0.1,0.7000000000000001,16.0
1.73,0.09035409,0.1,0.7000000000000001,16.0
1.73,0.08547009,0.1,0.7000000000000001,16.0
1.73,0.0952381,0.1,0.7000000000000001,16.0
1.73,0.09035409,0.1,0.7000000000000001,16.0
1.73,0.09035409,0.1,0.7000000000000001,16.0
1.73,0.08547009,0.1,0.7000000000000001,16.0
1.73,0.09035409,0.1,0.7000000000000001,16.0
1.73,0.0952381,0.1,0.7000000000000001,16.0
1.74,0.0952381,0.1,0.7000000000000001,16.0
1.74,0.0952381,0.1,0.7000000000000001,16.0
1.74,0.09035409,0.1,0.7000000000000001,16.0
1.74,0.09035409,0.1,0.7000000000000001,16.0
1.74,0.0952381,0.1,0.6000000000000001,16.1
1.74,0.09035409,0.1,0.6000000000000001,16.1
1.74,0.0952381,0.1,0.6000000000000001,16.1
1.74,0.0952381,0.1,0.6000000000000001,16.1
1.74,0.0952381,0.1,0.6000000000000001,16.1
1.74,0.0952381,0.1,0.6000000000000001,16.1
1.75,0.09035409,0.1,0.6000000000000001,16.1
1.75,0.09035409,0.1,0.6000000000000001,16.1
1.75,0.0952381,0.1,0.6000000000000001,16.1
1.75,0.0952381,0.1,0.6000000000000001,16.1
1.75,0.0952381,0.1,0.6000000000000001,16.1
1.75,0.09035409,0.1,0.6000000000000001,16.1
1.75,0.09035409,0.1,0.6000000000000001,16.1
1.75,0.09035409,0.1,0.5,16.2
1.75,0.08547009,0.1,0.5,16.2
1.75,0.08547009,0.1,0.5,16.2
1.76,0.09035409,0.1,0.5,16.2
1.76,0.09035409,0.1,0.5,16.2
1.76,0.09035409,0.1,0.5,16.2
1.76,0.08547009,0.1,0.5,16.2
1.76,0.08058608,0.1,0.5,16.2
1.76,0.08547009,0.1,0.5,16.2
1.76,0.09035409,0.1,0.5,16.2
1.76,0.08547009,0.1,0.5,16.2
1.76,0.08058608,0.1,0.5,16.2
1.76,0.08547009,0.1,0.5,16.2
1.77,0.08547009,-0.1,0.5,16.3
1.77,0.08547009,-0.1,0.5,16.3
1.77,0.08058608,-0.1,0.5,16.3
1.77,0.08547009,-0.1,0.5,16.3
1.77,0.08547009,-0.1,0.5,16.3
1.77,0.09035409,-0.1,0.5,16.3
1.77,0.08058608,-0.1,0.5,16.3
1.77,0.08547009,-0.1,0.5,16.3
1.77,0.08547009,-0.1,0.5,16.3
1.77,0.09035409,-0.1,0.5,16.3
1.78,0.0952381,-0.1,0.5,16.3
1.78,0.0952381,-0.1,0.5,16.3
1.78,0.09035409,-0.1,0.5,16.3
1.78,0.0952381,-0.1,0.4,16.3
1.78,0.0952381,-0.1,0.4,16.3
1.78,0.0952381,-0.1,0.4,16.3
1.78,0.09035409,-0.1,0.4,16.3
1.78,0.0952381,-0.1,0.4,16.3
1.78,0.105006106,-0.1,0.4,16.3
1.78,0.1001221,-0.1,0.4,16.3
1.79,0.0952381,-0.1,0.4,16.3
1.79,0.0952381,-0.1,0.4,16.3
1.79,0.09035409,-0.1,0.4,16.3
1.79,0.0952381,-0.1,0.4,16.3
1.79,0.1001221,-0.1,0.4,16.3
1.79,0.1001221,-0.1,0.4,16.400000000000002
1.79,0.09035409,-0.1,0.4,16.400000000000002
1.79,0.0952381,-0.1,0.4,16.400000000000002
1.8,0.0952381,-0.1,0.4,16.400000000000002
1.8,0.0952381,-0.1,0.4,16.400000000000002
1.8,0.0952381,-0.1,0.4,16.400000000000002
1.8,0.1001221,-0.1,0.4,16.400000000000002
1.8,0.1001221,-0.1,0.4,16.400000000000002
1.8,0.1001221,-0.1,0.4,16.400000000000002
1.8,0.105006106,-0.1,0.4,16.400000000000002
1.8,0.105006106,-0.1,0.4,16.400000000000002
1.8,0.105006106,-0.1,0.4,16.400000000000002
1.8,0.105006106,-0.2,0.30000000000000004,16.5
1.81,0.105006106,-0.2,0.30000000000000004,16.5
1.81,0.10989011,-0.2,0.30000000000000004,16.5
1.81,0.10989011,-0.2,0.30000000000000004,16.5
1.81,0.114774115,-0.2,0.30000000000000004,16.5
1.81,0.114774115,-0.2,0.30000000000000004,16.5
1.81,0.11965812,-0.2,0.30000000000000004,16.5
1.81,0.114774115,-0.2,0.30000000000000004,16.5
1.81,0.114774115,-0.2,0.30000000000000004,16.5
1.81,0.11965812,-0.2,0.30000000000000004,16.5
1.82,0.11965812,-0.2,0.30000000000000004,16.5
1.82,0.12942614,-0.2,0.30000000000000004,16.5
1.82,0.11965812,-0.2,0.30000000000000004,16.5
1.82,0.12942614,-0.2,0.30000000000000004,16.6
1.82,0.124542125,-0.2,0.30000000000000004,16.6
1.82,0.124542125,-0.2,0.30000000000000004,16.6
1.82,0.12942614,-0.2,0.30000000000000004,16.6
1.82,0.12942614,-0.2,0.30000000000000004,16.6
1.82,0.124542125,-0.2,0.30000000000000004,16.6
1.82,0.11965812,-0.2,0.30000000000000004,16.6
1.83,0.12942614,-0.2,0.30000000000000004,16.6
1.83,0.124542125,-0.2,0.30000000000000004,16.6
1.83,0.124542125,-0.2,0.30000000000000004,16.6
1.83,0.12942614,-0.2,0.30000000000000004,16.6
1.83,0.11965812,-0.2,0.30000000000000004,16.6
1.83,0.11965812,-0.2,0.2,16.7
1.83,0.124542125,-0.2,0.2,16.7
1.83,0.124542125,-0.2,0.2,16.7
1.83,0.124542125,-0.2,0.2,16.7
1.83,0.124542125,-0.2,0.2,16.7
1.84,0.114774115,-0.2,0.2,16.7
1.84,0.11965812,-0.2,0.2,16.7
1.84,0.124542125,-0.2,0.2,16.7
1.84,0.11965812,-0.2,0.2,16.7
1.84,0.11965812,-0.2,0.2,16.7
1.84,0.114774115,-0.2,0.2,16.7
1.84,0.11965812,-0.2,0.2,16.7
1.84,0.11965812,-0.2,0.2,16.7
1.84,0.10989011,-0.2,0.2,16.7
1.84,0.10989011,-0.2,0.2,16.7
1.84,0.114774115,-0.2,0.2,16.7
1.85,0.10989011,-0.2,0.2,16.7
1.85,0.10989011,-0.2,0.2,16.7
1.85,0.114774115,-0.2,0.2,16.7
1.85,0.10989011,-0.2,0.2,16.7
1.85,0.10989011,-0.2,0.2,16.7
1.85,0.114774115,-0.2,0.2,16.7
1.85,0.10989011,-0.2,0.2,16.7
1.85,0.105006106,-0.2,0.2,16.7
1.85,0.10989011,-0.2,0.2,16.7
1.86,0.10989011,-0.2,0.2,16.7
1.86,0.10989011,-0.2,0.2,16.7
1.86,0.105006106,-0.2,0.2,16.7
1.86,0.105006106,-0.2,0.2,16.7
1.86,0.10989011,-0.2,0.2,16.7
1.86,0.105006106,-0.2,0.2,16.7
1.86,0.105006106,-0.2,0.2,16.7
1.86,0.105006106,-0.2,0.2,16.7
1.86,0.1001221,-0.2,0.2,16.7
1.86,0.0952381,-0.2,0.2,16.7
1.87,0.0952381,-0.2,0.2,16.7
1.87,0.0952381,-0.2,0.2,16.7
1.87,0.09035409,-0.2,0.2,16.7
1.87,0.09035409,-0.2,0.2,16.7
1.87,0.08547009,-0.30000000000000004,0.2,16.8
1.87,0.08547009,-0.30000000000000004,0.2,16.8
1.87,0.08547009,-0.30000000000000004,0.2,16.8
1.87,0.07570208,-0.30000000000000004,0.2,16.8
1.87,0.08058608,-0.30000000000000004,0.2,16.8
1.87,0.08058608,-0.30000000000000004,0.2,16.8
1.88,0.070818074,-0.30000000000000004,0.2,16.8
1.88,0.06593407,-0.30000000000000004,0.2,16.8
1.88,0.070818074,-0.30000000000000004,0.2,16.8
1.88,0.070818074,-0.30000000000000004,0.2,16.8
1.88,0.070818074,-0.30000000000000004,0.2,16.8
1.88,0.070818074,-0.30000000000000004,0.2,16.8
1.88,0.06593407,-0.30000000000000004,0.2,16.8
1.88,0.056166057,-0.30000000000000004,0.1,16.8
1.88,0.06105006,-0.30000000000000004,0.1,16.8
1.88,0.06105006,-0.30000000000000004,0.1,16.8
1.89,0.056166057,-0.30000000000000004,0.1,16.8
1.89,0.06105006,-0.30000000000000004,0.1,16.8
1.89,0.056166057,-0.30000000000000004,0.1,16.8
1.89,0.051282052,-0.30000000000000004,0.1,16.8
1.89,0.051282052,-0.30000000000000004,0.1,16.8
1.89,0.051282052,-0.30000000000000004,0.1,16.8
1.89,0.051282052,-0.30000000000000004,0.1,16.8
1.89,0.051282052,-0.30000000000000004,0.1,16.8
1.89,0.051282052,-0.30000000000000004,0.1,16.8
1.89,0.041514043,-0.30000000000000004,0.1,16.8
1.89,0.03663004,-0.30000000000000004,0.1,16.8
1.9,0.041514043,-0.30000000000000004,0.1,16.8
1.9,0.051282052,-0.30000000000000004,0.1,16.8
1.9,0.041514043,-0.30000000000000004,0.1,16.8
1.9,0.041514043,-0.30000000000000004,0.1,16.8
1.9,0.03663004,-0.30000000000000004,0.1,16.8
1.9,0.03663004,-0.30000000000000004,0.1,16.8
1.9,0.03663004,-0.30000000000000004,0.1,16.8
1.9,0.041514043,-0.30000000000000004,0.1,16.8
1.91,0.041514043,-0.30000000000000004,0.1,16.8
1.91,0.03663004,-0.30000000000000004,0.1,16.8
1.91,0.03663004,-0.30000000000000004,0.1,16.8
1.91,0.03663004,-0.30000000000000004,0.1,16.8
1.91,0.031746034,-0.30000000000000004,0.1,16.900000000000002
1.91,0.03663004,-0.30000000000000004,0.1,16.900000000000002
1.91,0.03663004,-0.30000000000000004,0.1,16.900000000000002
1.91,0.041514043,-0.30000000000000004,0.1,16.900000000000002
1.91,0.041514043,-0.30000000000000004,0.1,16.900000000000002
1.91,0.041514043,-0.30000000000000004,0.1,16.900000000000002
1.91,0.03663004,-0.30000000000000004,0.1,16.900000000000002
1.92,0.03663004,-0.30000000000000004,0.1,16.900000000000002
1.93,0.031746034,-0.30000000000000004,0.1,16.900000000000002
1.93,0.051282052,-0.30000000000000004,0.1,16.900000000000002
1.93,0.051282052,-0.30000000000000004,0.1,16.900000000000002
1.93,0.06105006,-0.30000000000000004,0.1,16.900000000000002
1.93,0.056166057,-0.30000000000000004,0.1,16.900000000000002
1.94,0.056166057,-0.30000000000000004,0.1,17.0
1.94,0.06105006,-0.30000000000000004,0.1,17.0
1.94,0.06593407,-0.30000000000000004,0.1,17.0
1.94,0.06593407,-0.30000000000000004,0.1,17.0
1.94,0.070818074,-0.30000000000000004,0.1,17.0
1.94,0.070818074,-0.30000000000000004,0.1,17.0
1.94,0.06593407,-0.30000000000000004,0.1,17.0
1.94,0.070818074,-0.30000000000000004,0.1,17.0
1.94,0.070818074,-0.30000000000000004,0.1,17.0
1.94,0.070818074,-0.30000000000000004,0.1,17.0
1.94,0.070818074,-0.30000000000000004,0.1,17.0
1.95,0.070818074,-0.30000000000000004,0.1,17.0
1.95,0.08058608,-0.30000000000000004,0.1,17.0
1.95,0.07570208,-0.30000000000000004,0.1,16.900000000000002
1.95,0.07570208,-0.30000000000000004,0.1,16.900000000000002
1.95,0.07570208,-0.30000000000000004,0.1,16.900000000000002
1.95,0.070818074,-0.30000000000000004,0.1,16.900000000000002
1.95,0.07570208,-0.30000000000000004,0.1,16.900000000000002
1.95,0.07570208,-0.30000000000000004,0.1,16.900000000000002
1.95,0.08058608,-0.30000000000000004,0.1,16.900000000000002
1.95,0.08058608,-0.30000000000000004,0.1,16.900000000000002
1.96,0.08058608,-0.30000000000000004,0.1,16.900000000000002
1.96,0.08058608,-0.30000000000000004,0.1,16.900000000000002
1.96,0.07570208,-0.30000000000000004,0.1,16.900000000000002
1.96,0.07570208,-0.30000000000000004,0.1,16.900000000000002
1.96,0.08058608,-0.30000000000000004,0.1,16.900000000000002
1.96,0.08547009,-0.30000000000000004,0.1,17.0
1.96,0.08547009,-0.30000000000000004,0.1,17.0
1.96,0.08547009,-0.30000000000000004,0.1,17.0
1.96,0.08058608,-0.30000000000000004,0.1,17.0
1.96,0.08058608,-0.30000000000000004,0.1,17.0
1.97,0.08058608,-0.30000000000000004,0.1,17.0
1.97,0.08058608,-0.30000000000000004,0.1,17.0
1.97,0.08058608,-0.30000000000000004,0.1,17.0
1.97,0.08058608,-0.30000000000000004,0.1,17.0
1.97,0.08058608,-0.30000000000000004,0.1,17.0
1.97,0.08058608,-0.30000000000000004,0.1,17.0
1.97,0.08058608,-0.30000000000000004,0.1,17.0
1.97,0.07570208,-0.30000000000000004,0.1,17.0
1.97,0.07570208,-0.30000000000000004,0.1,17.0
1.97,0.07570208,-0.30000000000000004,0.1,17.0
1.97,0.070818074,-0.30000000000000004,0.1,17.0
1.98,0.07570208,-0.30000000000000004,0.1,17.0
1.98,0.08058608,-0.30000000000000004,0.1,17.0
1.98,0.07570208,-0.30000000000000004,0.1,17.0
1.98,0.070818074,-0.30000000000000004,0.1,17.0
1.98,0.070818074,-0.30000000000000004,0.1,17.0
1.98,0.06593407,-0.30000000000000004,0.1,17.0
1.98,0.06593407,-0.30000000000000004,0.1,17.0
1.98,0.070818074,-0.30000000000000004,0.1,17.0
1.98,0.070818074,-0.30000000000000004,0.1,17.0
1.99,0.06593407,-0.30000000000000004,0.1,17.0
1.99,0.070818074,-0.30000000000000004,0.1,17.1
1.99,0.06593407,-0.30000000000000004,0.1,17.1
1.99,0.06593407,-0.30000000000000004,0.1,17.1
1.99,0.06593407,-0.30000000000000004,0.1,17.1
1.99,0.070818074,-0.30000000000000004,0.1,17.1
1.99,0.07570208,-0.30000000000000004,0.1,17.1
1.99,0.07570208,-0.30000000000000004,0.1,17.1
1.99,0.070818074,-0.30000000000000004,0.1,17.1
1.99,0.07570208,-0.30000000000000004,0.1,17.1
2.0,0.07570208,-0.30000000000000004,0.1,17.1
2.0,0.07570208,-0.30000000000000004,0.1,17.1
2.0,0.08547009,-0.30000000000000004,0.1,17.1
2.0,0.09035409,-0.30000000000000004,0.1,17.1
2.0,0.09035409,-0.30000000000000004,0.1,17.1
2.0,0.0952381,-0.30000000000000004,0.1,17.1
2.0,0.1001221,-0.30000000000000004,0.1,17.1
2.01,0.105006106,-0.30000000000000004,0.1,17.1
2.01,0.105006106,-0.30000000000000004,0.1,17.1
2.01,0.10989011,-0.30000000000000004,0.1,17.1
2.01,0.10989011,-0.30000000000000004,0.1,17.1
2.01,0.10989011,-0.30000000000000004,0.1,17.1
2.01,0.114774115,-0.30000000000000004,0.1,17.1
2.01,0.10989011,-0.30000000000000004,0.1,17.1
2.01,0.114774115,-0.30000000000000004,0.1,17.1
2.01,0.114774115,-0.30000000000000004,0.1,17.1
2.01,0.114774115,-0.30000000000000004,0.1,17.1
2.02,0.10989011,-0.30000000000000004,0.1,17.1
2.02,0.10989011,-0.30000000000000004,0.1,17.1
2.02,0.114774115,-0.30000000000000004,0.1,17.1
2.02,0.11965812,-0.30000000000000004,0.1,17.1
2.02,0.114774115,-0.30000000000000004,0.1,17.1
2.02,0.10989011,-0.30000000000000004,0.1,17.1
2.02,0.10989011,-0.30000000000000004,0.1,17.1
2.02,0.1001221,-0.30000000000000004,0.1,17.1
2.02,0.105006106,-0.30000000000000004,0.1,17.1
2.02,0.105006106,-0.30000000000000004,0.1,17.1
2.03,0.1001221,-0.30000000000000004,0.1,17.2
2.03,0.1001221,-0.30000000000000004,0.1,17.2
2.03,0.09035409,-0.30000000000000004,0.1,17.2
2.03,0.08547009,-0.30000000000000004,0.1,17.2
2.03,0.08547009,-0.30000000000000004,0.1,17.2
2.03,0.08547009,-0.30000000000000004,0.1,17.2
2.03,0.08058608,-0.30000000000000004,0.1,17.2
2.03,0.08058608,-0.30000000000000004,0.1,17.2
2.03,0.070818074,-0.30000000000000004,0.1,17.2
2.03,0.06593407,-0.30000000000000004,0.1,17.2
2.04,0.070818074,-0.30000000000000004,0.1,17.2
2.04,0.06593407,-0.30000000000000004,0.1,17.2
2.04,0.056166057,-0.30000000000000004,0.1,17.2
2.04,0.056166057,-0.30000000000000004,0.1,17.3
2.04,0.051282052,-0.30000000000000004,0.1,17.3
2.04,0.051282052,-0.30000000000000004,0.1,17.3
2.04,0.046398047,-0.30000000000000004,0.1,17.3
2.04,0.046398047,-0.30000000000000004,0.1,17.3
2.04,0.041514043,-0.30000000000000004,0.1,17.3
2.04,0.046398047,-0.30000000000000004,0.1,17.3
2.05,0.041514043,-0.30000000000000004,0.1,17.3
2.05,0.03663004,-0.30000000000000004,0.1,17.3
2.05,0.03663004,-0.30000000000000004,0.1,17.3
2.05,0.031746034,-0.30000000000000004,0.1,17.3
2.05,0.03663004,-0.30000000000000004,0.1,17.3
2.05,0.03663004,-0.30000000000000004,0.1,17.3
2.05,0.031746034,-0.30000000000000004,0.1,17.3
2.05,0.031746034,-0.30000000000000004,0.1,17.3
2.05,0.026862027,-0.30000000000000004,0.1,17.3
2.05,0.026862027,-0.30000000000000004,0.1,17.3
2.06,0.026862027,-0.30000000000000004,0.1,17.3
2.06,0.026862027,-0.30000000000000004,0.1,17.3
2.06,0.026862027,-0.30000000000000004,0.1,17.3
2.06,0.021978023,-0.30000000000000004,0.1,17.3
2.06,0.021978023,-0.30000000000000004,0.1,17.3
2.06,0.021978023,-0.30000000000000004,0.1,17.3
2.06,0.021978023,-0.30000000000000004,0.1,17.3
2.06,0.021978023,-0.30000000000000004,0.1,17.3
2.06,0.026862027,-0.30000000000000004,0.1,17.3
2.06,0.026862027,-0.30000000000000004,0.1,17.3
2.06,0.031746034,-0.30000000000000004,0.1,17.3
2.07,0.031746034,-0.30000000000000004,0.1,17.3
2.07,0.026862027,-0.30000000000000004,0.1,17.3
2.07,0.031746034,-0.30000000000000004,0.1,17.3
2.07,0.03663004,-0.30000000000000004,0.1,17.3
2.07,0.03663004,-0.30000000000000004,0.1,17.3
2.07,0.03663004,-0.30000000000000004,0.1,17.3
2.07,0.03663004,-0.30000000000000004,0.1,17.3
2.07,0.03663004,-0.30000000000000004,0.1,17.3
2.07,0.041514043,-0.30000000000000004,0.1,17.3
2.08,0.03663004,-0.30000000000000004,0.1,17.3
2.08,0.041514043,-0.30000000000000004,0.1,17.3
2.08,0.046398047,-0.30000000000000004,0.1,17.400000000000002
2.08,0.046398047,-0.30000000000000004,0.1,17.400000000000002
2.08,0.046398047,-0.30000000000000004,0.1,17.400000000000002
2.08,0.046398047,-0.30000000000000004,0.1,17.400000000000002
2.08,0.046398047,-0.30000000000000004,0.1,17.400000000000002
2.08,0.046398047,-0.30000000000000004,0.1,17.400000000000002
2.08,0.051282052,-0.30000000000000004,0.1,17.400000000000002
2.08,0.051282052,-0.30000000000000004,0.1,17.400000000000002
2.08,0.051282052,-0.30000000000000004,0.1,17.400000000000002
2.09,0.051282052,-0.30000000000000004,0.1,17.400000000000002
2.09,0.056166057,-0.30000000000000004,0.1,17.400000000000002
2.09,0.056166057,-0.30000000000000004,0.1,17.400000000000002
2.09,0.06105006,-0.30000000000000004,0.1,17.400000000000002
2.09,0.06105006,-0.30000000000000004,0.1,17.3
2.09,0.06105006,-0.30000000000000004,0.1,17.3
2.09,0.06105006,-0.30000000000000004,0.1,17.3
2.09,0.06593407,-0.30000000000000004,0.1,17.3
2.09,0.06593407,-0.30000000000000004,0.1,17.3
2.1,0.06593407,-0.30000000000000004,0.1,17.3
2.1,0.06593407,-0.30000000000000004,0.1,17.3
2.1,0.070818074,-0.30000000000000004,0.1,17.3
2.1,0.070818074,-0.30000000000000004,0.1,17.3
2.1,0.07570208,-0.30000000000000004,0.1,17.3
2.1,0.070818074,-0.30000000000000004,0.1,17.3
2.1,0.07570208,-0.30000000000000004,0.1,17.3
2.1,0.07570208,-0.30000000000000004,0.1,17.3
2.1,0.07570208,-0.30000000000000004,0.1,17.3
2.1,0.07570208,-0.30000000000000004,0.1,17.3
2.1,0.08058608,-0.30000000000000004,0.1,17.3
2.11,0.07570208,-0.30000000000000004,0.1,17.3
2.11,0.08058608,-0.30000000000000004,0.1,17.3
2.11,0.08058608,-0.30000000000000004,0.1,17.3
2.11,0.08547009,-0.30000000000000004,0.1,17.3
2.11,0.08058608,-0.30000000000000004,0.1,17.3
2.11,0.08058608,-0.30000000000000004,0.1,17.3
2.11,0.08547009,-0.30000000000000004,0.1,17.3
2.11,0.08058608,-0.30000000000000004,0.1,17.3
2.11,0.08547009,-0.30000000000000004,0.1,17.3
2.11,0.08547009,-0.30000000000000004,0.1,17.3
2.12,0.09035409,-0.30000000000000004,0.1,17.3
2.12,0.08547009,-0.30000000000000004,0.1,17.400000000000002
2.12,0.08547009,-0.30000000000000004,0.1,17.400000000000002
2.12,0.08058608,-0.30000000000000004,0.1,17.400000000000002
2.12,0.08058608,-0.30000000000000004,0.1,17.400000000000002
2.12,0.08547009,-0.30000000000000004,0.1,17.400000000000002
2.12,0.08547009,-0.30000000000000004,0.1,17.400000000000002
2.12,0.08547009,-0.30000000000000004,0.1,17.400000000000002
2.12,0.08058608,-0.30000000000000004,0.1,17.400000000000002
2.12,0.08547009,-0.30000000000000004,0.1,17.400000000000002
2.13,0.08547009,-0.30000000000000004,0.1,17.400000000000002
2.13,0.08058608,-0.30000000000000004,0.1,17.400000000000002
2.13,0.08058608,-0.30000000000000004,0.1,17.400000000000002
2.13,0.08058608,-0.30000000000000004,0.1,17.400000000000002
2.13,0.08058608,-0.30000000000000004,0.1,17.400000000000002
2.13,0.08058608,-0.30000000000000004,0.1,17.400000000000002
2.13,0.09035409,-0.30000000000000004,0.1,17.400000000000002
2.13,0.08547009,-0.30000000000000004,0.1,17.400000000000002
2.13,0.08547009,-0.30000000000000004,0.1,17.400000000000002
2.13,0.09035409,-0.30000000000000004,0.1,17.400000000000002
2.14,0.09035409,-0.30000000000000004,0.1,17.400000000000002
2.14,0.0952381,-0.30000000000000004,0.1,17.400000000000002
2.14,0.0952381,-0.30000000000000004,0.1,17.400000000000002
2.14,0.09035409,-0.30000000000000004,0.1,17.400000000000002
2.14,0.09035409,-0.30000000000000004,0.1,17.400000000000002
2.14,0.0952381,-0.30000000000000004,0.1,17.400000000000002
2.14,0.0952381,-0.30000000000000004,0.1,17.400000000000002
2.14,0.0952381,-0.30000000000000004,0.1,17.400000000000002
2.14,0.1001221,-0.30000000000000004,0.1,17.400000000000002
2.14,0.1001221,-0.30000000000000004,0.1,17.400000000000002
2.14,0.1001221,-0.30000000000000004,0.1,17.400000000000002
2.15,0.1001221,-0.30000000000000004,0.1,17.400000000000002
2.15,0.0952381,-0.30000000000000004,0.1,17.400000000000002
2.15,0.0952381,-0.30000000000000004,0.1,17.400000000000002
2.15,0.09035409,-0.30000000000000004,0.1,17.400000000000002
2.15,0.09035409,-0.30000000000000004,0.1,17.400000000000002
2.15,0.08547009,-0.30000000000000004,0.1,17.400000000000002
2.15,0.08547009,-0.30000000000000004,0.1,17.400000000000002
2.15,0.08058608,-0.30000000000000004,0.1,17.400000000000002
2.15,0.08058608,-0.30000000000000004,0.1,17.400000000000002
2.15,0.070818074,-0.30000000000000004,0.1,17.400000000000002
2.16,0.06593407,-0.30000000000000004,0.2,17.3
2.16,0.06105006,-0.30000000000000004,0.2,17.3
2.16,0.056166057,-0.30000000000000004,0.2,17.3
2.16,0.051282052,-0.30000000000000004,0.2,17.3
2.16,0.041514043,-0.30000000000000004,0.2,17.3
2.16,0.03663004,-0.30000000000000004,0.2,17.3
2.16,0.031746034,-0.30000000000000004,0.2,17.3
2.16,0.026862027,-0.30000000000000004,0.2,17.3
2.16,0.021978023,-0.30000000000000004,0.2,17.3
2.16,0.017094018,-0.30000000000000004,0.2,17.3
2.17,0.012210012,-0.30000000000000004,0.2,17.3
2.17,0.0024420025,-0.30000000000000004,0.2,17.3
2.17,-0.0024420025,-0.30000000000000004,0.2,17.3
2.17,-0.0073260074,-0.30000000000000004,0.2,17.400000000000002
2.17,-0.0073260074,-0.30000000000000004,0.2,17.400000000000002
2.17,-0.012210012,-0.30000000000000004,0.2,17.400000000000002
2.17,-0.012210012,-0.30000000000000004,0.2,17.400000000000002
2.17,-0.017094018,-0.30000000000000004,0.2,17.400000000000002
2.17,-0.017094018,-0.30000000000000004,0.2,17.400000000000002
2.17,-0.021978023,-0.30000000000000004,0.2,17.400000000000002
2.18,-0.021978023,-0.30000000000000004,0.2,17.400000000000002
2.18,-0.021978023,-0.30000000000000004,0.2,17.400000000000002
2.18,-0.021978023,-0.30000000000000004,0.2,17.400000000000002
2.18,-0.021978023,-0.30000000000000004,0.2,17.400000000000002
2.18,-0.026862027,-0.30000000000000004,0.2,17.400000000000002
2.18,-0.026862027,-0.30000000000000004,0.2,17.400000000000002
2.18,-0.021978023,-0.30000000000000004,0.2,17.3
2.18,-0.021978023,-0.30000000000000004,0.2,17.3
2.18,-0.021978023,-0.30000000000000004,0.2,17.3
2.18,-0.021978023,-0.30000000000000004,0.2,17.3
2.19,-0.021978023,-0.30000000000000004,0.2,17.3
2.19,-0.021978023,-0.30000000000000004,0.2,17.3
2.19,-0.017094018,-0.30000000000000004,0.2,17.3
2.19,-0.017094018,-0.30000000000000004,0.2,17.3
2.19,-0.012210012,-0.30000000000000004,0.2,17.3
2.19,-0.012210012,-0.30000000000000004,0.2,17.3
2.19,-0.0073260074,-0.30000000000000004,0.2,17.3
2.19,-0.0024420025,-0.30000000000000004,0.2,17.3
2.19,-0.0024420025,-0.30000000000000004,0.2,17.3
2.19,-0.0024420025,-0.30000000000000004,0.2,17.3
2.2,0.0073260074,-0.30000000000000004,0.2,17.3
2.2,0.0073260074,-0.30000000000000004,0.2,17.3
2.2,0.012210012,-0.30000000000000004,0.2,17.3
2.2,0.017094018,-0.30000000000000004,0.2,17.3
2.2,0.017094018,-0.30000000000000004,0.2,17.3
2.2,0.026862027,-0.30000000000000004,0.2,17.3
2.2,0.031746034,-0.30000000000000004,0.2,17.3
2.2,0.031746034,-0.30000000000000004,0.2,17.3
2.2,0.041514043,-0.30000000000000004,0.2,17.3
2.21,0.041514043,-0.30000000000000004,0.2,17.3
2.21,0.051282052,-0.30000000000000004,0.2,17.3
2.21,0.046398047,-0.30000000000000004,0.2,17.3
2.21,0.051282052,-0.30000000000000004,0.2,17.3
2.21,0.051282052,-0.30000000000000004,0.2,17.3
2.21,0.051282052,-0.30000000000000004,0.2,17.3
2.21,0.056166057,-0.30000000000000004,0.2,17.3
2.21,0.06105006,-0.30000000000000004,0.2,17.3
2.21,0.06105006,-0.30000000000000004,0.2,17.3
2.22,0.06593407,-0.30000000000000004,0.2,17.3
2.22,0.06105006,-0.30000000000000004,0.2,17.3
2.22,0.06593407,-0.30000000000000004,0.2,17.3
2.22,0.070818074,-0.30000000000000004,0.2,17.3
2.22,0.07570208,-0.30000000000000004,0.2,17.400000000000002
2.22,0.08058608,-0.30000000000000004,0.2,17.400000000000002
2.22,0.09035409,-0.30000000000000004,0.2,17.400000000000002
2.22,0.0952381,-0.30000000000000004,0.2,17.400000000000002
2.23,0.1001221,-0.30000000000000004,0.2,17.400000000000002
2.23,0.0952381,-0.30000000000000004,0.2,17.400000000000002
2.23,0.1001221,-0.30000000000000004,0.2,17.400000000000002
2.23,0.105006106,-0.30000000000000004,0.2,17.400000000000002
2.23,0.114774115,-0.30000000000000004,0.2,17.400000000000002
2.23,0.11965812,-0.30000000000000004,0.2,17.400000000000002
2.23,0.114774115,-0.30000000000000004,0.2,17.400000000000002
2.23,0.11965812,-0.30000000000000004,0.2,17.400000000000002
2.23,0.124542125,-0.30000000000000004,0.2,17.400000000000002
2.24,0.124542125,-0.30000000000000004,0.2,17.400000000000002
2.24,0.124542125,-0.30000000000000004,0.2,17.400000000000002
2.24,0.124542125,-0.30000000000000004,0.2,17.400000000000002
2.24,0.124542125,-0.30000000000000004,0.2,17.400000000000002
2.24,0.13919415,-0.30000000000000004,0.2,17.400000000000002
2.24,0.13919415,-0.30000000000000004,0.2,17.400000000000002
2.24,0.13431014,-0.30000000000000004,0.2,17.400000000000002
2.24,0.12942614,-0.30000000000000004,0.2,17.400000000000002
2.24,0.13431014,-0.30000000000000004,0.2,17.400000000000002
2.24,0.13431014,-0.30000000000000004,0.2,17.400000000000002
2.25,0.13431014,-0.30000000000000004,0.2,17.400000000000002
2.25,0.13431014,-0.30000000000000004,0.2,17.400000000000002
2.25,0.13431014,-0.30000000000000004,0.2,17.400000000000002
2.25,0.13919415,-0.30000000000000004,0.2,17.400000000000002
2.25,0.13919415,-0.30000000000000004,0.2,17.400000000000002
2.25,0.13919415,-0.30000000000000004,0.2,17.400000000000002
2.25,0.13919415,-0.30000000000000004,0.2,17.400000000000002
2.25,0.13919415,-0.30000000000000004,0.2,17.400000000000002
2.25,0.14407815,-0.30000000000000004,0.2,17.400000000000002
2.26,0.14407815,-0.30000000000000004,0.2,17.400000000000002
2.26,0.14407815,-0.30000000000000004,0.2,17.400000000000002
2.26,0.14407815,-0.30000000000000004,0.2,17.400000000000002
2.26,0.14407815,-0.30000000000000004,0.2,17.400000000000002
2.26,0.13919415,-0.30000000000000004,0.2,17.400000000000002
2.26,0.14407815,-0.30000000000000004,0.2,17.400000000000002
2.26,0.13919415,-0.30000000000000004,0.2,17.400000000000002
2.26,0.13431014,-0.30000000000000004,0.2,17.400000000000002
2.27,0.13431014,-0.30000000000000004,0.2,17.400000000000002
2.27,0.12942614,-0.30000000000000004,0.2,17.400000000000002
2.27,0.124542125,-0.30000000000000004,0.2,17.400000000000002
2.27,0.10989011,-0.30000000000000004,0.2,17.400000000000002
2.27,0.1001221,-0.30000000000000004,0.2,17.400000000000002
2.27,0.0952381,-0.30000000000000004,0.2,17.400000000000002
2.27,0.07570208,-0.30000000000000004,0.2,17.400000000000002
2.28,0.06593407,-0.30000000000000004,0.2,17.400000000000002
2.28,0.056166057,-0.30000000000000004,0.2,17.400000000000002
2.28,0.03663004,-0.30000000000000004,0.2,17.400000000000002
2.28,0.031746034,-0.30000000000000004,0.2,17.400000000000002
2.28,0.0073260074,-0.30000000000000004,0.2,17.400000000000002
2.28,0.0024420025,-0.30000000000000004,0.2,17.400000000000002
2.28,-0.0073260074,-0.30000000000000004,0.2,17.400000000000002
2.29,-0.017094018,-0.30000000000000004,0.2,17.400000000000002
2.29,-0.021978023,-0.30000000000000004,0.2,17.400000000000002
2.29,-0.026862027,-0.30000000000000004,0.2,17.400000000000002
2.29,-0.031746034,-0.30000000000000004,0.2,17.400000000000002
2.29,-0.03663004,-0.30000000000000004,0.2,17.400000000000002
2.29,-0.041514043,-0.30000000000000004,0.2,17.400000000000002
2.29,-0.051282052,-0.30000000000000004,0.2,17.400000000000002
2.29,-0.056166057,-0.30000000000000004,0.2,17.400000000000002
2.3,-0.056166057,-0.30000000000000004,0.2,17.400000000000002
2.3,-0.056166057,-0.30000000000000004,0.2,17.400000000000002
2.3,-0.06105006,-0.30000000000000004,0.2,17.400000000000002
2.3,-0.056166057,-0.30000000000000004,0.2,17.400000000000002
2.3,-0.06593407,-0.30000000000000004,0.2,17.400000000000002
2.3,-0.06593407,-0.30000000000000004,0.2,17.400000000000002
2.3,-0.06593407,-0.30000000000000004,0.2,17.400000000000002
2.3,-0.06593407,-0.30000000000000004,0.2,17.400000000000002
2.3,-0.06593407,-0.30000000000000004,0.2,17.400000000000002
2.31,-0.06593407,-0.30000000000000004,0.2,17.400000000000002
2.31,-0.06105006,-0.30000000000000004,0.2,17.400000000000002
2.31,-0.056166057,-0.30000000000000004,0.2,17.400000000000002
2.31,-0.051282052,-0.30000000000000004,0.2,17.400000000000002
2.31,-0.046398047,-0.30000000000000004,0.2,17.400000000000002
2.31,-0.046398047,-0.30000000000000004,0.2,17.400000000000002
2.31,-0.03663004,-0.30000000000000004,0.2,17.3
2.31,-0.031746034,-0.30000000000000004,0.2,17.3
2.32,-0.026862027,-0.30000000000000004,0.2,17.3
2.32,-0.026862027,-0.30000000000000004,0.2,17.3
2.32,-0.021978023,-0.30000000000000004,0.2,17.3
2.32,-0.012210012,-0.30000000000000004,0.2,17.3
2.32,-0.012210012,-0.30000000000000004,0.2,17.3
2.32,-0.0073260074,-0.30000000000000004,0.2,17.3
2.32,0.0024420025,-0.30000000000000004,0.2,17.3
2.32,0.012210012,-0.30000000000000004,0.2,17.3
2.32,0.017094018,-0.30000000000000004,0.2,17.400000000000002
2.32,0.021978023,-0.30000000000000004,0.2,17.400000000000002
2.33,0.021978023,-0.30000000000000004,0.2,17.400000000000002
2.33,0.021978023,-0.30000000000000004,0.2,17.400000000000002
2.33,0.021978023,-0.30000000000000004,0.2,17.400000000000002
2.33,0.031746034,-0.30000000000000004,0.2,17.400000000000002
2.33,0.03663004,-0.30000000000000004,0.2,17.400000000000002
2.33,0.041514043,-0.30000000000000004,0.2,17.400000000000002
2.33,0.046398047,-0.30000000000000004,0.2,17.400000000000002
2.33,0.051282052,-0.30000000000000004,0.2,17.400000000000002
2.33,0.056166057,-0.30000000000000004,0.2,17.400000000000002
2.34,0.051282052,-0.30000000000000004,0.2,17.400000000000002
2.34,0.06105006,-0.30000000000000004,0.2,17.400000000000002
2.34,0.06105006,-0.30000000000000004,0.2,17.3
2.34,0.06593407,-0.30000000000000004,0.2,17.3
2.34,0.06593407,-0.30000000000000004,0.2,17.3
2.34,0.06593407,-0.30000000000000004,0.2,17.3
2.34,0.070818074,-0.30000000000000004,0.2,17.3
2.34,0.07570208,-0.30000000000000004,0.2,17.3
2.34,0.08058608,-0.30000000000000004,0.2,17.3
2.35,0.08547009,-0.30000000000000004,0.2,17.3
2.35,0.08547009,-0.30000000000000004,0.2,17.3
2.35,0.0952381,-0.30000000000000004,0.2,17.3
2.35,0.1001221,-0.30000000000000004,0.2,17.3
2.35,0.105006106,-0.30000000000000004,0.2,17.3
2.35,0.105006106,-0.30000000000000004,0.1,17.3
2.35,0.105006106,-0.30000000000000004,0.1,17.3
2.35,0.10989011,-0.30000000000000004,0.1,17.3
2.35,0.105006106,-0.30000000000000004,0.1,17.3
2.35,0.114774115,-0.30000000000000004,0.1,17.3
2.36,0.10989011,-0.30000000000000004,0.1,17.3
2.36,0.114774115,-0.30000000000000004,0.1,17.3
2.36,0.114774115,-0.30000000000000004,0.1,17.3
2.36,0.10989011,-0.30000000000000004,0.1,17.3
2.36,0.10989011,-0.30000000000000004,0.1,17.3
2.36,0.114774115,-0.30000000000000004,0.1,17.3
2.36,0.10989011,-0.30000000000000004,0.1,17.3
2.36,0.114774115,-0.30000000000000004,0.1,17.3
2.36,0.114774115,-0.30000000000000004,0.2,17.3
2.36,0.114774115,-0.30000000000000004,0.2,17.3
2.37,0.114774115,-0.30000000000000004,0.2,17.3
2.37,0.10989011,-0.30000000000000004,0.2,17.3
2.37,0.10989011,-0.30000000000000004,0.2,17.3
2.37,0.10989011,-0.30000000000000004,0.2,17.3
2.37,0.105006106,-0.30000000000000004,0.2,17.3
2.37,0.105006106,-0.30000000000000004,0.2,17.3
2.37,0.1001221,-0.30000000000000004,0.2,17.3
2.37,0.0952381,-0.30000000000000004,0.2,17.3
2.37,0.09035409,-0.30000000000000004,0.2,17.3
2.37,0.09035409,-0.30000000000000004,0.2,17.3
2.37,0.09035409,-0.30000000000000004,0.2,17.3
2.38,0.09035409,-0.30000000000000004,0.2,17.400000000000002
2.38,0.08547009,-0.30000000000000004,0.2,17.400000000000002
2.38,0.08058608,-0.30000000000000004,0.2,17.400000000000002
2.38,0.08058608,-0.30000000000000004,0.2,17.400000000000002
2.38,0.07570208,-0.30000000000000004,0.2,17.400000000000002
2.38,0.070818074,-0.30000000000000004,0.2,17.400000000000002
2.38,0.07570208,-0.30000000000000004,0.2,17.400000000000002
2.38,0.070818074,-0.30000000000000004,0.2,17.400000000000002
2.38,0.06593407,-0.30000000000000004,0.2,17.400000000000002
2.38,0.06105006,-0.30000000000000004,0.2,17.400000000000002
2.39,0.056166057,-0.30000000000000004,0.2,17.400000000000002
2.39,0.06105006,-0.30000000000000004,0.2,17.400000000000002
2.39,0.056166057,-0.30000000000000004,0.2,17.400000000000002
2.39,0.051282052,-0.30000000000000004,0.2,17.400000000000002
2.39,0.051282052,-0.30000000000000004,0.2,17.400000000000002
2.39,0.051282052,-0.30000000000000004,0.2,17.400000000000002
2.39,0.046398047,-0.30000000000000004,0.2,17.400000000000002
2.39,0.03663004,-0.30000000000000004,0.2,17.400000000000002
2.39,0.041514043,-0.30000000000000004,0.2,17.400000000000002
2.39,0.041514043,-0.30000000000000004,0.2,17.400000000000002
2.4,0.03663004,-0.30000000000000004,0.2,17.400000000000002
2.4,0.031746034,-0.30000000000000004,0.2,17.400000000000002
2.4,0.031746034,-0.30000000000000004,0.2,17.400000000000002
2.4,0.026862027,-0.30000000000000004,0.2,17.400000000000002
2.4,0.026862027,-0.30000000000000004,0.2,17.400000000000002
2.4,0.026862027,-0.30000000000000004,0.2,17.400000000000002
2.4,0.026862027,-0.30000000000000004,0.2,17.400000000000002
2.4,0.026862027,-0.30000000000000004,0.2,17.400000000000002
2.4,0.021978023,-0.30000000000000004,0.2,17.400000000000002
2.4,0.017094018,-0.30000000000000004,0.2,17.400000000000002
2.41,0.021978023,-0.30000000000000004,0.2,17.400000000000002
2.41,0.017094018,-0.30000000000000004,0.2,17.400000000000002
2.41,0.012210012,-0.30000000000000004,0.2,17.400000000000002
2.41,0.012210012,-0.30000000000000004,0.2,17.400000000000002
2.41,0.017094018,-0.30000000000000004,0.2,17.400000000000002
2.41,0.017094018,-0.30000000000000004,0.2,17.400000000000002
2.41,0.012210012,-0.30000000000000004,0.2,17.400000000000002
2.41,0.012210012,-0.30000000000000004,0.2,17.400000000000002
2.41,0.017094018,-0.30000000000000004,0.2,17.400000000000002
2.41,0.0073260074,-0.30000000000000004,0.2,17.400000000000002
2.42,0.0073260074,-0.30000000000000004,0.2,17.400000000000002
2.42,0.017094018,-0.30000000000000004,0.2,17.400000000000002
2.42,0.012210012,-0.30000000000000004,0.2,17.400000000000002
2.42,0.0073260074,-0.30000000000000004,0.2,17.400000000000002
2.42,0.0073260074,-0.30000000000000004,0.2,17.400000000000002
2.42,0.012210012,-0.30000000000000004,0.2,17.400000000000002
2.42,0.012210012,-0.30000000000000004,0.2,17.400000000000002
2.42,0.0073260074,-0.30000000000000004,0.2,17.400000000000002
2.42,0.012210012,-0.30000000000000004,0.2,17.400000000000002
2.42,0.017094018,-0.30000000000000004,0.2,17.400000000000002
2.42,0.021978023,-0.30000000000000004,0.2,17.400000000000002
2.43,0.017094018,-0.30000000000000004,0.2,17.400000000000002
2.43,0.012210012,-0.30000000000000004,0.2,17.400000000000002
2.43,0.017094018,-0.30000000000000004,0.2,17.400000000000002
2.43,0.017094018,-0.30000000000000004,0.2,17.400000000000002
2.43,0.021978023,-0.30000000000000004,0.2,17.400000000000002
2.43,0.026862027,-0.30000000000000004,0.2,17.400000000000002
2.43,0.026862027,-0.30000000000000004,0.2,17.400000000000002
2.43,0.026862027,-0.30000000000000004,0.2,17.400000000000002
2.43,0.026862027,-0.30000000000000004,0.2,17.400000000000002
2.43,0.026862027,-0.30000000000000004,0.2,17.400000000000002
2.44,0.026862027,-0.30000000000000004,0.2,17.400000000000002
2.44,0.031746034,-0.30000000000000004,0.2,17.400000000000002
2.44,0.03663004,-0.30000000000000004,0.2,17.400000000000002
2.44,0.03663004,-0.30000000000000004,0.2,17.400000000000002
2.44,0.03663004,-0.30000000000000004,0.2,17.400000000000002
2.44,0.041514043,-0.30000000000000004,0.2,17.400000000000002
2.44,0.03663004,-0.30000000000000004,0.2,17.3
2.44,0.03663004,-0.30000000000000004,0.2,17.3
2.44,0.046398047,-0.30000000000000004,0.2,17.3
2.45,0.046398047,-0.30000000000000004,0.2,17.3
2.45,0.046398047,-0.30000000000000004,0.2,17.3
2.45,0.051282052,-0.30000000000000004,0.2,17.3
2.45,0.051282052,-0.30000000000000004,0.2,17.3
2.45,0.056166057,-0.30000000000000004,0.2,17.3
2.45,0.056166057,-0.30000000000000004,0.2,17.3
2.45,0.056166057,-0.30000000000000004,0.2,17.3
2.46,0.06593407,-0.30000000000000004,0.2,17.3
2.46,0.06593407,-0.30000000000000004,0.2,17.3
2.46,0.06593407,-0.30000000000000004,0.2,17.3
2.46,0.070818074,-0.30000000000000004,0.2,17.3
2.46,0.07570208,-0.30000000000000004,0.2,17.3
2.46,0.07570208,-0.30000000000000004,0.2,17.3
2.46,0.07570208,-0.30000000000000004,0.2,17.3
2.47,0.07570208,-0.30000000000000004,0.2,17.3
2.47,0.08547009,-0.30000000000000004,0.2,17.3
2.47,0.08547009,-0.30000000000000004,0.2,17.3
2.47,0.08058608,-0.30000000000000004,0.2,17.3
2.47,0.08547009,-0.30000000000000004,0.2,17.3
2.47,0.08058608,-0.30000000000000004,0.2,17.3
2.47,0.09035409,-0.30000000000000004,0.2,17.3
2.47,0.08547009,-0.30000000000000004,0.2,17.3
2.48,0.09035409,-0.30000000000000004,0.2,17.3
2.48,0.0952381,-0.30000000000000004,0.2,17.3
2.48,0.09035409,-0.30000000000000004,0.2,17.3
2.48,0.09035409,-0.30000000000000004,0.2,17.3
2.48,0.09035409,-0.30000000000000004,0.2,17.400000000000002
2.48,0.0952381,-0.30000000000000004,0.2,17.400000000000002
2.48,0.1001221,-0.30000000000000004,0.2,17.400000000000002
2.49,0.0952381,-0.30000000000000004,0.2,17.400000000000002
2.49,0.0952381,-0.30000000000000004,0.2,17.400000000000002
2.49,0.0952381,-0.30000000000000004,0.2,17.400000000000002
2.49,0.0952381,-0.30000000000000004,0.2,17.400000000000002
2.49,0.1001221,-0.30000000000000004,0.2,17.400000000000002
2.49,0.0952381,-0.30000000000000004,0.2,17.400000000000002
2.49,0.0952381,-0.30000000000000004,0.2,17.400000000000002
2.49,0.09035409,-0.30000000000000004,0.30000000000000004,17.400000000000002
2.49,0.09035409,-0.30000000000000004,0.30000000000000004,17.400000000000002
2.5,0.0952381,-0.30000000000000004,0.30000000000000004,17.400000000000002
2.5,0.0952381,-0.30000000000000004,0.30000000000000004,17.400000000000002
2.5,0.09035409,-0.30000000000000004,0.30000000000000004,17.400000000000002
2.5,0.08547009,-0.30000000000000004,0.30000000000000004,17.400000000000002
2.5,0.09035409,-0.30000000000000004,0.30000000000000004,17.400000000000002
2.5,0.09035409,-0.30000000000000004,0.30000000000000004,17.400000000000002
2.5,0.09035409,-0.30000000000000004,0.30000000000000004,17.400000000000002
2.5,0.09035409,-0.30000000000000004,0.30000000000000004,17.400000000000002
2.51,0.09035409,-0.30000000000000004,0.30000000000000004,17.400000000000002
2.51,0.08547009,-0.30000000000000004,0.30000000000000004,17.400000000000002
2.51,0.08547009,-0.30000000000000004,0.30000000000000004,17.400000000000002
2.51,0.08058608,-0.30000000000000004,0.30000000000000004,17.400000000000002
2.51,0.08058608,-0.30000000000000004,0.30000000000000004,17.400000000000002
2.51,0.08058608,-0.30000000000000004,0.30000000000000004,17.400000000000002
2.51,0.08547009,-0.30000000000000004,0.30000000000000004,17.400000000000002
2.51,0.08058608,-0.30000000000000004,0.30000000000000004,17.400000000000002
2.51,0.08058608,-0.30000000000000004,0.30000000000000004,17.400000000000002
2.51,0.08058608,-0.30000000000000004,0.30000000000000004,17.400000000000002
2.52,0.08058608,-0.30000000000000004,0.30000000000000004,17.400000000000002
2.52,0.08058608,-0.30000000000000004,0.30000000000000004,17.400000000000002
2.52,0.08058608,-0.30000000000000004,0.30000000000000004,17.400000000000002
2.52,0.08058608,-0.30000000000000004,0.30000000000000004,17.400000000000002
2.52,0.08058608,-0.30000000000000004,0.30000000000000004,17.5
2.52,0.07570208,-0.30000000000000004,0.30000000000000004,17.5
2.52,0.07570208,-0.30000000000000004,0.30000000000000004,17.5
2.52,0.08058608,-0.30000000000000004,0.30000000000000004,17.5
2.53,0.08058608,-0.30000000000000004,0.30000000000000004,17.5
2.53,0.08058608,-0.30000000000000004,0.30000000000000004,17.5
2.53,0.070818074,-0.30000000000000004,0.30000000000000004,17.5
2.53,0.070818074,-0.30000000000000004,0.30000000000000004,17.5
2.53,0.070818074,-0.30000000000000004,0.30000000000000004,17.5
2.53,0.07570208,-0.30000000000000004,0.30000000000000004,17.5
2.53,0.07570208,-0.30000000000000004,0.30000000000000004,17.5
2.53,0.07570208,-0.30000000000000004,0.30000000000000004,17.5
2.53,0.070818074,-0.30000000000000004,0.30000000000000004,17.5
2.53,0.06105006,-0.30000000000000004,0.30000000000000004,17.5
2.53,0.06593407,-0.30000000000000004,0.30000000000000004,17.5
2.54,0.070818074,-0.30000000000000004,0.30000000000000004,17.5
2.54,0.07570208,-0.30000000000000004,0.30000000000000004,17.5
2.54,0.070818074,-0.30000000000000004,0.30000000000000004,17.5
2.54,0.070818074,-0.30000000000000004,0.30000000000000004,17.5
2.54,0.06105006,-0.30000000000000004,0.30000000000000004,17.5
2.54,0.06105006,-0.30000000000000004,0.30000000000000004,17.5
2.54,0.070818074,-0.30000000000000004,0.30000000000000004,17.5
2.54,0.06593407,-0.30000000000000004,0.30000000000000004,17.5
2.54,0.06593407,-0.30000000000000004,0.30000000000000004,17.6
2.55,0.06593407,-0.30000000000000004,0.30000000000000004,17.6
2.55,0.06105006,-0.30000000000000004,0.30000000000000004,17.6
2.55,0.056166057,-0.30000000000000004,0.30000000000000004,17.6
2.55,0.06105006,-0.30000000000000004,0.30000000000000004,17.6
2.55,0.06105006,-0.30000000000000004,0.30000000000000004,17.6
2.55,0.06593407,-0.30000000000000004,0.30000000000000004,17.6
2.55,0.056166057,-0.30000000000000004,0.30000000000000004,17.6
2.55,0.06105006,-0.30000000000000004,0.30000000000000004,17.6
2.56,0.056166057,-0.30000000000000004,0.30000000000000004,17.6
2.56,0.06105006,-0.30000000000000004,0.30000000000000004,17.6
2.56,0.06105006,-0.30000000000000004,0.30000000000000004,17.5
2.56,0.06105006,-0.30000000000000004,0.30000000000000004,17.5
2.56,0.056166057,-0.30000000000000004,0.30000000000000004,17.5
2.56,0.056166057,-0.30000000000000004,0.30000000000000004,17.5
2.56,0.06105006,-0.30000000000000004,0.30000000000000004,17.5
2.56,0.06105006,-0.30000000000000004,0.30000000000000004,17.5
2.56,0.06105006,-0.30000000000000004,0.30000000000000004,17.5
2.57,0.070818074,-0.30000000000000004,0.30000000000000004,17.5
2.57,0.06105006,-0.30000000000000004,0.30000000000000004,17.5
2.57,0.06105006,-0.30000000000000004,0.30000000000000004,17.5
2.57,0.06593407,-0.30000000000000004,0.30000000000000004,17.5
2.57,0.06593407,-0.30000000000000004,0.30000000000000004,17.5
2.57,0.070818074,-0.30000000000000004,0.30000000000000004,17.5
2.57,0.06593407,-0.30000000000000004,0.30000000000000004,17.5
2.57,0.06593407,-0.30000000000000004,0.30000000000000004,17.5
2.57,0.06593407,-0.30000000000000004,0.30000000000000004,17.5
2.58,0.06105006,-0.30000000000000004,0.30000000000000004,17.5
2.58,0.06593407,-0.30000000000000004,0.30000000000000004,17.5
2.58,0.070818074,-0.30000000000000004,0.30000000000000004,17.5
2.58,0.070818074,-0.30000000000000004,0.30000000000000004,17.5
2.58,0.070818074,-0.30000000000000004,0.30000000000000004,17.5
2.58,0.070818074,-0.30000000000000004,0.30000000000000004,17.5
2.58,0.070818074,-0.30000000000000004,0.30000000000000004,17.5
2.58,0.070818074,-0.30000000000000004,0.30000000000000004,17.5
2.58,0.070818074,-0.30000000000000004,0.30000000000000004,17.5
2.59,0.08058608,-0.30000000000000004,0.30000000000000004,17.5
2.59,0.08058608,-0.30000000000000004,0.30000000000000004,17.5
2.59,0.08058608,-0.30000000000000004,0.30000000000000004,17.5
2.59,0.08058608,-0.30000000000000004,0.30000000000000004,17.5
2.59,0.08058608,-0.30000000000000004,0.30000000000000004,17.5
2.59,0.08058608,-0.30000000000000004,0.30000000000000004,17.5
2.59,0.08058608,-0.30000000000000004,0.30000000000000004,17.5
2.59,0.08547009,-0.30000000000000004,0.30000000000000004,17.5
2.59,0.09035409,-0.30000000000000004,0.30000000000000004,17.5
2.6,0.08547009,-0.30000000000000004,0.30000000000000004,17.5
2.6,0.08547009,-0.30000000000000004,0.30000000000000004,17.5
2.6,0.0952381,-0.30000000000000004,0.30000000000000004,17.5
2.6,0.08547009,-0.30000000000000004,0.30000000000000004,17.5
2.6,0.09035409,-0.30000000000000004,0.30000000000000004,17.5
2.6,0.1001221,-0.30000000000000004,0.30000000000000004,17.5
2.6,0.1001221,-0.30000000000000004,0.30000000000000004,17.5
2.6,0.105006106,-0.30000000000000004,0.30000000000000004,17.5
2.6,0.1001221,-0.30000000000000004,0.30000000000000004,17.5
2.6,0.105006106,-0.30000000000000004,0.30000000000000004,17.5
2.61,0.105006106,-0.30000000000000004,0.30000000000000004,17.5
2.61,0.105006106,-0.30000000000000004,0.30000000000000004,17.5
2.61,0.10989011,-0.30000000000000004,0.30000000000000004,17.5
2.61,0.114774115,-0.30000000000000004,0.30000000000000004,17.5
2.61,0.10989011,-0.30000000000000004,0.30000000000000004,17.5
2.61,0.105006106,-0.30000000000000004,0.30000000000000004,17.5
2.61,0.10989011,-0.30000000000000004,0.30000000000000004,17.5
2.61,0.10989011,-0.30000000000000004,0.30000000000000004,17.5
2.61,0.114774115,-0.30000000000000004,0.30000000000000004,17.5
2.61,0.11965812,-0.30000000000000004,0.30000000000000004,17.5
2.62,0.11965812,-0.30000000000000004,0.30000000000000004,17.5
2.62,0.11965812,-0.30000000000000004,0.30000000000000004,17.5
2.62,0.11965812,-0.30000000000000004,0.30000000000000004,17.5
2.62,0.114774115,-0.30000000000000004,0.30000000000000004,17.5
2.62,0.114774115,-0.30000000000000004,0.30000000000000004,17.5
2.62,0.11965812,-0.30000000000000004,0.30000000000000004,17.5
2.62,0.124542125,-0.30000000000000004,0.30000000000000004,17.5
2.62,0.124542125,-0.30000000000000004,0.2,17.6
2.62,0.124542125,-0.30000000000000004,0.2,17.6
2.62,0.124542125,-0.30000000000000004,0.2,17.6
2.63,0.114774115,-0.30000000000000004,0.2,17.6
2.63,0.11965812,-0.30000000000000004,0.2,17.6
2.63,0.11965812,-0.30000000000000004,0.2,17.6
2.63,0.124542125,-0.30000000000000004,0.2,17.6
2.63,0.124542125,-0.30000000000000004,0.2,17.6
2.63,0.124542125,-0.30000000000000004,0.2,17.6
2.63,0.12942614,-0.30000000000000004,0.2,17.6
2.63,0.124542125,-0.30000000000000004,0.2,17.6
2.63,0.124542125,-0.30000000000000004,0.2,17.6
2.64,0.124542125,-0.30000000000000004,0.2,17.6
2.64,0.11965812,-0.30000000000000004,0.2,17.6
2.64,0.124542125,-0.30000000000000004,0.2,17.6
2.64,0.124542125,-0.30000000000000004,0.2,17.6
2.64,0.11965812,-0.30000000000000004,0.2,17.6
2.64,0.11965812,-0.30000000000000004,0.2,17.6
2.64,0.114774115,-0.30000000000000004,0.2,17.6
2.64,0.124542125,-0.30000000000000004,0.2,17.6
2.64,0.124542125,-0.30000000000000004,0.2,17.6
2.64,0.11965812,-0.30000000000000004,0.2,17.6
2.65,0.124542125,-0.30000000000000004,0.2,17.6
2.65,0.11965812,-0.30000000000000004,0.2,17.6
2.65,0.114774115,-0.30000000000000004,0.2,17.6
2.65,0.11965812,-0.30000000000000004,0.2,17.7
2.65,0.124542125,-0.30000000000000004,0.2,17.7
2.65,0.11965812,-0.30000000000000004,0.2,17.7
2.65,0.114774115,-0.30000000000000004,0.2,17.7
2.65,0.114774115,-0.30000000000000004,0.2,17.7
2.65,0.10989011,-0.30000000000000004,0.2,17.7
2.65,0.114774115,-0.30000000000000004,0.2,17.7
2.66,0.11965812,-0.30000000000000004,0.2,17.7
2.66,0.114774115,-0.30000000000000004,0.2,17.7
2.66,0.10989011,-0.30000000000000004,0.2,17.7
2.66,0.10989011,-0.30000000000000004,0.2,17.7
2.66,0.10989011,-0.30000000000000004,0.2,17.7
2.66,0.105006106,-0.30000000000000004,0.2,17.7
2.66,0.105006106,-0.30000000000000004,0.2,17.7
2.66,0.105006106,-0.30000000000000004,0.2,17.7
2.66,0.10989011,-0.30000000000000004,0.2,17.7
2.66,0.105006106,-0.30000000000000004,0.2,17.7
2.67,0.1001221,-0.30000000000000004,0.2,17.7
2.67,0.0952381,-0.30000000000000004,0.2,17.7
2.67,0.1001221,-0.30000000000000004,0.2,17.7
2.67,0.1001221,-0.30000000000000004,0.2,17.7
2.67,0.1001221,-0.30000000000000004,0.2,17.7
2.67,0.09035409,-0.30000000000000004,0.2,17.7
2.67,0.09035409,-0.30000000000000004,0.2,17.7
2.67,0.09035409,-0.30000000000000004,0.2,17.7
2.67,0.09035409,-0.30000000000000004,0.2,17.7
2.68,0.0952381,-0.30000000000000004,0.2,17.7
2.68,0.0952381,-0.30000000000000004,0.2,17.7
2.68,0.09035409,-0.30000000000000004,0.2,17.7
2.68,0.08547009,-0.30000000000000004,0.2,17.7
2.68,0.08547009,-0.30000000000000004,0.2,17.7
2.68,0.08547009,-0.30000000000000004,0.2,17.7
2.68,0.08547009,-0.30000000000000004,0.2,17.7
2.68,0.08547009,-0.30000000000000004,0.2,17.7
2.68,0.09035409,-0.30000000000000004,0.2,17.7
2.68,0.08058608,-0.30000000000000004,0.2,17.7
2.69,0.08058608,-0.30000000000000004,0.2,17.7
2.69,0.08058608,-0.30000000000000004,0.2,17.7
2.69,0.08058608,-0.30000000000000004,0.2,17.7
2.69,0.08058608,-0.30000000000000004,0.2,17.7
2.69,0.08058608,-0.30000000000000004,0.2,17.7
2.69,0.08058608,-0.30000000000000004,0.2,17.7
2.69,0.08547009,-0.30000000000000004,0.2,17.7
2.69,0.08058608,-0.30000000000000004,0.2,17.7
2.69,0.08058608,-0.30000000000000004,0.2,17.7
2.69,0.08058608,-0.30000000000000004,0.2,17.7
2.7,0.08058608,-0.30000000000000004,0.2,17.7
2.7,0.08547009,-0.30000000000000004,0.2,17.7
2.7,0.08547009,-0.30000000000000004,0.2,17.7
2.7,0.08058608,-0.30000000000000004,0.2,17.7
2.7,0.08547009,-0.30000000000000004,0.2,17.7
2.7,0.08547009,-0.30000000000000004,0.2,17.7
2.7,0.08547009,-0.30000000000000004,0.2,17.7
2.7,0.08547009,-0.30000000000000004,0.2,17.7
2.7,0.09035409,-0.30000000000000004,0.2,17.7
2.7,0.09035409,-0.30000000000000004,0.2,17.7
2.7,0.09035409,-0.30000000000000004,0.2,17.7
2.7,0.0952381,-0.30000000000000004,0.2,17.7
2.71,0.09035409,-0.30000000000000004,0.2,17.7
2.71,0.09035409,-0.30000000000000004,0.2,17.7
2.71,0.0952381,-0.30000000000000004,0.2,17.7
2.71,0.1001221,-0.30000000000000004,0.2,17.7
2.71,0.105006106,-0.30000000000000004,0.2,17.7
2.71,0.105006106,-0.30000000000000004,0.2,17.7
2.71,0.1001221,-0.30000000000000004,0.2,17.7
2.71,0.1001221,-0.30000000000000004,0.2,17.7
2.71,0.1001221,-0.30000000000000004,0.2,17.7
2.71,0.105006106,-0.30000000000000004,0.2,17.7
2.72,0.10989011,-0.30000000000000004,0.2,17.7
2.72,0.114774115,-0.30000000000000004,0.2,17.7
2.72,0.10989011,-0.30000000000000004,0.2,17.7
2.72,0.105006106,-0.30000000000000004,0.2,17.7
2.72,0.114774115,-0.30000000000000004,0.2,17.7
2.72,0.114774115,-0.30000000000000004,0.2,17.7
2.72,0.10989011,-0.30000000000000004,0.2,17.7
2.72,0.11965812,-0.30000000000000004,0.2,17.7
2.72,0.11965812,-0.30000000000000004,0.2,17.7
2.72,0.11965812,-0.30000000000000004,0.2,17.7
2.73,0.11965812,-0.30000000000000004,0.2,17.7
2.73,0.11965812,-0.30000000000000004,0.2,17.8
2.73,0.11965812,-0.30000000000000004,0.2,17.8
2.73,0.11965812,-0.30000000000000004,0.2,17.8
2.73,0.124542125,-0.30000000000000004,0.2,17.8
2.73,0.12942614,-0.30000000000000004,0.2,17.8
2.73,0.124542125,-0.30000000000000004,0.2,17.8
2.73,0.124542125,-0.30000000000000004,0.2,17.8
2.73,0.12942614,-0.30000000000000004,0.2,17.8
2.74,0.124542125,-0.30000000000000004,0.2,17.8
2.74,0.12942614,-0.30000000000000004,0.2,17.8
2.74,0.124542125,-0.30000000000000004,0.2,17.8
2.74,0.12942614,-0.30000000000000004,0.2,17.8
2.74,0.13431014,-0.30000000000000004,0.2,17.8
2.74,0.12942614,-0.30000000000000004,0.2,17.8
2.74,0.124542125,-0.30000000000000004,0.2,17.8
2.74,0.12942614,-0.30000000000000004,0.2,17.8
2.74,0.12942614,-0.30000000000000004,0.2,17.8
2.74,0.124542125,-0.30000000000000004,0.2,17.8
2.75,0.12942614,-0.30000000000000004,0.2,17.8
2.75,0.12942614,-0.30000000000000004,0.2,17.8
2.75,0.124542125,-0.30000000000000004,0.2,17.8
2.75,0.124542125,-0.30000000000000004,0.2,17.8
2.75,0.12942614,-0.30000000000000004,0.2,17.8
2.75,0.124542125,-0.30000000000000004,0.2,17.8
2.75,0.12942614,-0.30000000000000004,0.2,17.8
2.75,0.124542125,-0.30000000000000004,0.2,17.8
2.75,0.11965812,-0.30000000000000004,0.2,17.8
2.75,0.124542125,-0.30000000000000004,0.2,17.8
2.76,0.11965812,-0.30000000000000004,0.2,17.8
2.76,0.11965812,-0.30000000000000004,0.2,17.8
2.76,0.11965812,-0.30000000000000004,0.2,17.8
2.76,0.11965812,-0.30000000000000004,0.2,17.8
2.76,0.10989011,-0.30000000000000004,0.2,17.8
2.76,0.114774115,-0.30000000000000004,0.2,17.8
2.76,0.10989011,-0.30000000000000004,0.2,17.8
2.76,0.10989011,-0.30000000000000004,0.2,17.8
2.76,0.10989011,-0.30000000000000004,0.2,17.8
2.76,0.105006106,-0.30000000000000004,0.2,17.8
2.77,0.105006106,-0.30000000000000004,0.2,17.8
2.77,0.105006106,-0.30000000000000004,0.2,17.900000000000002
2.77,0.105006106,-0.30000000000000004,0.2,17.900000000000002
2.77,0.105006106,-0.30000000000000004,0.2,17.900000000000002
2.77,0.1001221,-0.30000000000000004,0.2,17.900000000000002
2.77,0.0952381,-0.30000000000000004,0.2,17.900000000000002
2.77,0.1001221,-0.30000000000000004,0.2,17.900000000000002
2.77,0.1001221,-0.30000000000000004,0.2,17.900000000000002
2.77,0.1001221,-0.30000000000000004,0.2,17.900000000000002
2.77,0.105006106,-0.30000000000000004,0.2,17.900000000000002
2.78,0.105006106,-0.30000000000000004,0.2,17.900000000000002
2.78,0.105006106,-0.30000000000000004,0.2,17.900000000000002
2.78,0.105006106,-0.30000000000000004,0.2,17.900000000000002
2.78,0.10989011,-0.30000000000000004,0.2,17.900000000000002
2.78,0.114774115,-0.30000000000000004,0.2,17.900000000000002
2.78,0.114774115,-0.30000000000000004,0.2,17.900000000000002
2.78,0.11965812,-0.30000000000000004,0.2,17.900000000000002
2.78,0.11965812,-0.30000000000000004,0.2,17.900000000000002
2.79,0.124542125,-0.30000000000000004,0.2,17.900000000000002
2.79,0.124542125,-0.30000000000000004,0.2,17.900000000000002
2.79,0.124542125,-0.30000000000000004,0.2,17.900000000000002
2.79,0.13431014,-0.30000000000000004,0.2,17.900000000000002
2.79,0.13919415,-0.30000000000000004,0.2,17.900000000000002
2.79,0.13919415,-0.30000000000000004,0.2,17.900000000000002
2.79,0.14407815,-0.30000000000000004,0.2,17.8
2.79,0.14407815,-0.30000000000000004,0.2,17.8
2.79,0.14407815,-0.30000000000000004,0.2,17.8
2.8,0.14896215,-0.30000000000000004,0.2,17.8
2.8,0.14407815,-0.30000000000000004,0.2,17.8
2.8,0.13919415,-0.30000000000000004,0.2,17.8
2.8,0.14896215,-0.30000000000000004,0.2,17.8
2.8,0.14407815,-0.30000000000000004,0.2,17.8
2.8,0.14407815,-0.30000000000000004,0.2,17.8
2.8,0.13919415,-0.30000000000000004,0.2,17.8
2.8,0.13431014,-0.30000000000000004,0.2,17.8
2.81,0.13431014,-0.30000000000000004,0.2,17.8
2.81,0.124542125,-0.30000000000000004,0.2,17.8
2.81,0.12942614,-0.30000000000000004,0.2,17.8
2.81,0.11965812,-0.30000000000000004,0.2,17.8
2.81,0.11965812,-0.30000000000000004,0.2,17.8
2.81,0.10989011,-0.30000000000000004,0.2,17.8
2.81,0.10989011,-0.30000000000000004,0.2,17.8
2.81,0.1001221,-0.30000000000000004,0.2,17.8
2.81,0.105006106,-0.30000000000000004,0.2,17.8
2.81,0.0952381,-0.30000000000000004,0.2,17.8
2.82,0.09035409,-0.30000000000000004,0.2,17.8
2.82,0.08547009,-0.30000000000000004,0.2,17.8
2.82,0.07570208,-0.30000000000000004,0.2,17.8
2.82,0.07570208,-0.30000000000000004,0.2,17.8
2.82,0.06593407,-0.30000000000000004,0.2,17.8
2.82,0.06105006,-0.30000000000000004,0.2,17.8
2.82,0.06105006,-0.30000000000000004,0.2,17.8
2.82,0.06105006,-0.30000000000000004,0.2,17.8
2.83,0.056166057,-0.30000000000000004,0.2,17.8
2.83,0.06105006,-0.30000000000000004,0.2,17.8
2.83,0.051282052,-0.30000000000000004,0.2,17.8
2.83,0.046398047,-0.30000000000000004,0.2,17.8
2.83,0.041514043,-0.30000000000000004,0.2,17.8
2.83,0.041514043,-0.30000000000000004,0.2,17.8
2.83,0.041514043,-0.30000000000000004,0.2,17.8
2.83,0.03663004,-0.30000000000000004,0.2,17.8
2.83,0.03663004,-0.30000000000000004,0.2,17.8
2.84,0.03663004,-0.30000000000000004,0.2,17.8
2.84,0.03663004,-0.30000000000000004,0.2,17.8
2.84,0.03663004,-0.30000000000000004,0.2,17.8
2.84,0.03663004,-0.30000000000000004,0.2,17.8
2.84,0.031746034,-0.30000000000000004,0.2,17.8
2.84,0.026862027,-0.30000000000000004,0.2,17.8
2.84,0.026862027,-0.30000000000000004,0.2,17.8
2.84,0.031746034,-0.30000000000000004,0.2,17.7
2.84,0.031746034,-0.30000000000000004,0.2,17.7
2.84,0.031746034,-0.30000000000000004,0.2,17.7
2.85,0.031746034,-0.30000000000000004,0.2,17.7
2.85,0.03663004,-0.30000000000000004,0.2,17.7
2.85,0.03663004,-0.30000000000000004,0.2,17.7
2.85,0.03663004,-0.30000000000000004,0.2,17.7
2.85,0.03663004,-0.30000000000000004,0.2,17.7
2.85,0.041514043,-0.30000000000000004,0.2,17.7
2.85,0.041514043,-0.30000000000000004,0.2,17.7
2.85,0.046398047,-0.30000000000000004,0.2,17.7
2.85,0.046398047,-0.30000000000000004,0.2,17.7
2.86,0.051282052,-0.30000000000000004,0.30000000000000004,17.7
2.86,0.051282052,-0.30000000000000004,0.30000000000000004,17.7
2.86,0.051282052,-0.30000000000000004,0.30000000000000004,17.7
2.86,0.056166057,-0.30000000000000004,0.30000000000000004,17.7
2.86,0.056166057,-0.30000000000000004,0.30000000000000004,17.7
2.86,0.056166057,-0.30000000000000004,0.30000000000000004,17.7
2.86,0.06105006,-0.30000000000000004,0.30000000000000004,17.7
2.86,0.06593407,-0.30000000000000004,0.30000000000000004,17.7
2.86,0.06593407,-0.30000000000000004,0.30000000000000004,17.7
2.87,0.070818074,-0.30000000000000004,0.30000000000000004,17.7
2.87,0.070818074,-0.30000000000000004,0.30000000000000004,17.7
2.87,0.07570208,-0.30000000000000004,0.30000000000000004,17.7
2.87,0.08058608,-0.30000000000000004,0.30000000000000004,17.7
2.87,0.08058608,-0.30000000000000004,0.30000000000000004,17.7
2.87,0.08547009,-0.30000000000000004,0.30000000000000004,17.7
2.87,0.09035409,-0.30000000000000004,0.30000000000000004,17.7
2.87,0.0952381,-0.30000000000000004,0.30000000000000004,17.7
2.87,0.1001221,-0.30000000000000004,0.30000000000000004,17.7
2.88,0.105006106,-0.30000000000000004,0.30000000000000004,17.7
2.88,0.105006106,-0.30000000000000004,0.30000000000000004,17.7
2.88,0.105006106,-0.30000000000000004,0.30000000000000004,17.7
2.88,0.114774115,-0.30000000000000004,0.30000000000000004,17.7
2.88,0.10989011,-0.30000000000000004,0.30000000000000004,17.7
2.88,0.114774115,-0.30000000000000004,0.30000000000000004,17.7
2.88,0.11965812,-0.30000000000000004,0.30000000000000004,17.7
2.88,0.11965812,-0.30000000000000004,0.30000000000000004,17.7
2.88,0.11965812,-0.30000000000000004,0.30000000000000004,17.7
2.89,0.11965812,-0.30000000000000004,0.30000000000000004,17.7
2.89,0.124542125,-0.30000000000000004,0.30000000000000004,17.7
2.89,0.124542125,-0.30000000000000004,0.30000000000000004,17.7
2.89,0.124542125,-0.30000000000000004,0.30000000000000004,17.7
2.89,0.124542125,-0.30000000000000004,0.30000000000000004,17.7
2.89,0.124542125,-0.30000000000000004,0.30000000000000004,17.7
2.89,0.12942614,-0.30000000000000004,0.30000000000000004,17.7
2.89,0.12942614,-0.30000000000000004,0.30000000000000004,17.7
2.89,0.12942614,-0.30000000000000004,0.30000000000000004,17.7
2.9,0.12942614,-0.30000000000000004,0.30000000000000004,17.7
2.9,0.12942614,-0.30000000000000004,0.30000000000000004,17.7
2.9,0.13431014,-0.30000000000000004,0.30000000000000004,17.7
2.9,0.13919415,-0.30000000000000004,0.30000000000000004,17.7
2.9,0.13431014,-0.30000000000000004,0.30000000000000004,17.7
2.9,0.13431014,-0.30000000000000004,0.30000000000000004,17.7
2.9,0.124542125,-0.30000000000000004,0.30000000000000004,17.7
2.9,0.12942614,-0.30000000000000004,0.30000000000000004,17.7
2.9,0.13431014,-0.30000000000000004,0.30000000000000004,17.7
2.91,0.13431014,-0.30000000000000004,0.30000000000000004,17.7
2.91,0.12942614,-0.30000000000000004,0.30000000000000004,17.7
2.91,0.124542125,-0.30000000000000004,0.2,17.8
2.91,0.124542125,-0.30000000000000004,0.2,17.8
2.91,0.124542125,-0.30000000000000004,0.2,17.8
2.91,0.12942614,-0.30000000000000004,0.2,17.8
2.91,0.12942614,-0.30000000000000004,0.2,17.8
2.91,0.12942614,-0.30000000000000004,0.2,17.8
2.91,0.12942614,-0.30000000000000004,0.2,17.8
2.91,0.12942614,-0.30000000000000004,0.2,17.8
2.92,0.12942614,-0.30000000000000004,0.2,17.8
2.92,0.13431014,-0.30000000000000004,0.2,17.8
2.92,0.12942614,-0.30000000000000004,0.2,17.8
2.92,0.12942614,-0.30000000000000004,0.2,17.8
2.92,0.12942614,-0.30000000000000004,0.2,17.8
2.92,0.13431014,-0.30000000000000004,0.2,17.8
2.92,0.13431014,-0.30000000000000004,0.2,17.8
2.92,0.13431014,-0.30000000000000004,0.2,17.8
2.92,0.13919415,-0.30000000000000004,0.2,17.8
2.93,0.13919415,-0.30000000000000004,0.2,17.8
2.93,0.13919415,-0.30000000000000004,0.2,17.8
2.93,0.13431014,-0.30000000000000004,0.2,17.8
2.93,0.13919415,-0.30000000000000004,0.2,17.8
2.93,0.13431014,-0.30000000000000004,0.2,17.8
2.93,0.13919415,-0.30000000000000004,0.2,17.8
2.93,0.13919415,-0.30000000000000004,0.2,17.8
2.93,0.12942614,-0.30000000000000004,0.2,17.8
2.93,0.12942614,-0.30000000000000004,0.30000000000000004,17.7
2.94,0.124542125,-0.30000000000000004,0.30000000000000004,17.7
2.94,0.124542125,-0.30000000000000004,0.30000000000000004,17.7
2.94,0.11965812,-0.30000000000000004,0.30000000000000004,17.7
2.94,0.11965812,-0.30000000000000004,0.30000000000000004,17.7
2.94,0.114774115,-0.30000000000000004,0.30000000000000004,17.7
2.94,0.10989011,-0.30000000000000004,0.30000000000000004,17.7
2.94,0.0952381,-0.30000000000000004,0.30000000000000004,17.7
2.94,0.09035409,-0.30000000000000004,0.30000000000000004,17.7
2.94,0.08547009,-0.30000000000000004,0.30000000000000004,17.7
2.94,0.08058608,-0.30000000000000004,0.30000000000000004,17.7
2.95,0.07570208,-0.30000000000000004,0.30000000000000004,17.7
2.95,0.06593407,-0.30000000000000004,0.30000000000000004,17.7
2.95,0.056166057,-0.30000000000000004,0.30000000000000004,17.7
2.95,0.051282052,-0.30000000000000004,0.30000000000000004,17.7
2.95,0.051282052,-0.30000000000000004,0.30000000000000004,17.7
2.95,0.03663004,-0.30000000000000004,0.30000000000000004,17.7
2.95,0.031746034,-0.30000000000000004,0.30000000000000004,17.7
2.95,0.03663004,-0.30000000000000004,0.30000000000000004,17.7
2.95,0.031746034,-0.30000000000000004,0.30000000000000004,17.7
2.95,0.026862027,-0.30000000000000004,0.30000000000000004,17.7
2.96,0.021978023,-0.30000000000000004,0.30000000000000004,17.7
2.96,0.017094018,-0.30000000000000004,0.30000000000000004,17.7
2.96,0.017094018,-0.30000000000000004,0.30000000000000004,17.7
2.96,0.012210012,-0.30000000000000004,0.30000000000000004,17.7
2.96,0.0073260074,-0.30000000000000004,0.30000000000000004,17.7
2.96,0.012210012,-0.30000000000000004,0.30000000000000004,17.7
2.96,0.012210012,-0.30000000000000004,0.30000000000000004,17.7
2.96,0.0073260074,-0.30000000000000004,0.30000000000000004,17.7
2.96,0.0073260074,-0.30000000000000004,0.30000000000000004,17.7
2.96,0.0073260074,-0.30000000000000004,0.30000000000000004,17.7
2.97,0.0073260074,-0.30000000000000004,0.30000000000000004,17.7
2.97,0.0073260074,-0.30000000000000004,0.30000000000000004,17.7
2.97,0.012210012,-0.30000000000000004,0.30000000000000004,17.7
2.97,0.0073260074,-0.30000000000000004,0.30000000000000004,17.7
2.97,0.0073260074,-0.30000000000000004,0.30000000000000004,17.7
2.97,0.012210012,-0.30000000000000004,0.30000000000000004,17.7
2.97,0.017094018,-0.30000000000000004,0.30000000000000004,17.7
2.97,0.017094018,-0.30000000000000004,0.30000000000000004,17.7
2.97,0.012210012,-0.30000000000000004,0.30000000000000004,17.7
2.97,0.017094018,-0.30000000000000004,0.30000000000000004,17.6
2.97,0.021978023,-0.30000000000000004,0.30000000000000004,17.6
2.98,0.021978023,-0.30000000000000004,0.30000000000000004,17.6
2.98,0.026862027,-0.30000000000000004,0.30000000000000004,17.6
2.98,0.031746034,-0.30000000000000004,0.30000000000000004,17.6
2.98,0.031746034,-0.30000000000000004,0.30000000000000004,17.6
2.98,0.03663004,-0.30000000000000004,0.30000000000000004,17.6
2.98,0.03663004,-0.30000000000000004,0.30000000000000004,17.6
2.98,0.03663004,-0.30000000000000004,0.30000000000000004,17.6
2.98,0.041514043,-0.30000000000000004,0.30000000000000004,17.6
2.98,0.046398047,-0.30000000000000004,0.30000000000000004,17.6
2.98,0.051282052,-0.30000000000000004,0.30000000000000004,17.6
2.98,0.051282052,-0.30000000000000004,0.30000000000000004,17.6
2.99,0.056166057,-0.30000000000000004,0.30000000000000004,17.6
2.99,0.056166057,-0.30000000000000004,0.30000000000000004,17.6
2.99,0.056166057,-0.30000000000000004,0.30000000000000004,17.6
2.99,0.06105006,-0.30000000000000004,0.30000000000000004,17.6
2.99,0.06593407,-0.30000000000000004,0.30000000000000004,17.6
2.99,0.06593407,-0.30000000000000004,0.30000000000000004,17.6
2.99,0.06593407,-0.30000000000000004,0.30000000000000004,17.6
2.99,0.070818074,-0.30000000000000004,0.30000000000000004,17.6
2.99,0.070818074,-0.30000000000000004,0.30000000000000004,17.6
3.0,0.08058608,-0.30000000000000004,0.30000000000000004,17.6
3.0,0.08058608,-0.30000000000000004,0.30000000000000004,17.6
3.0,0.09035409,-0.30000000000000004,0.30000000000000004,17.6
3.0,0.0952381,-0.30000000000000004,0.30000000000000004,17.6
3.0,0.105006106,-0.30000000000000004,0.30000000000000004,17.6
3.0,0.105006106,-0.30000000000000004,0.2,17.6
3.0,0.105006106,-0.30000000000000004,0.2,17.6
3.0,0.114774115,-0.30000000000000004,0.2,17.6
3.0,0.114774115,-0.30000000000000004,0.2,17.6
3.0,0.114774115,-0.30000000000000004,0.2,17.6
3.0,0.124542125,-0.30000000000000004,0.2,17.6
3.01,0.124542125,-0.30000000000000004,0.2,17.6
3.01,0.13431014,-0.30000000000000004,0.2,17.6
3.01,0.124542125,-0.30000000000000004,0.2,17.6
3.01,0.13431014,-0.30000000000000004,0.2,17.6
3.01,0.13919415,-0.30000000000000004,0.2,17.6
3.01,0.13431014,-0.30000000000000004,0.2,17.6
3.01,0.14407815,-0.30000000000000004,0.2,17.6
3.01,0.14407815,-0.30000000000000004,0.2,17.6
3.01,0.14407815,-0.30000000000000004,0.2,17.6
3.01,0.14896215,-0.30000000000000004,0.2,17.6
3.02,0.14407815,-0.30000000000000004,0.2,17.6
3.02,0.14896215,-0.30000000000000004,0.2,17.6
3.02,0.14896215,-0.30000000000000004,0.2,17.6
3.02,0.14896215,-0.30000000000000004,0.2,17.6
3.02,0.14896215,-0.30000000000000004,0.2,17.6
3.02,0.14407815,-0.30000000000000004,0.2,17.6
3.02,0.14896215,-0.30000000000000004,0.2,17.6
3.02,0.14896215,-0.30000000000000004,0.2,17.6
3.02,0.14896215,-0.30000000000000004,0.2,17.6
3.02,0.14896215,-0.30000000000000004,0.2,17.6
3.03,0.15384616,-0.30000000000000004,0.2,17.6
3.03,0.15384616,-0.30000000000000004,0.2,17.6
3.03,0.14896215,-0.30000000000000004,0.2,17.6
3.03,0.14896215,-0.30000000000000004,0.2,17.6
3.03,0.15384616,-0.30000000000000004,0.2,17.6
3.03,0.15384616,-0.30000000000000004,0.2,17.6
3.03,0.15384616,-0.30000000000000004,0.2,17.6
3.03,0.14896215,-0.30000000000000004,0.2,17.6
3.03,0.15384616,-0.30000000000000004,0.2,17.6
3.03,0.15384616,-0.30000000000000004,0.2,17.6
3.04,0.15384616,-0.30000000000000004,0.2,17.6
3.04,0.15384616,-0.30000000000000004,0.2,17.6
3.04,0.15384616,-0.30000000000000004,0.2,17.6
3.04,0.15384616,-0.30000000000000004,0.30000000000000004,17.6
3.04,0.15384616,-0.30000000000000004,0.30000000000000004,17.6
3.04,0.15384616,-0.30000000000000004,0.30000000000000004,17.6
3.04,0.15384616,-0.30000000000000004,0.30000000000000004,17.6
3.04,0.15873016,-0.30000000000000004,0.30000000000000004,17.6
3.04,0.15873016,-0.30000000000000004,0.30000000000000004,17.6
3.04,0.15384616,-0.30000000000000004,0.30000000000000004,17.6
3.05,0.15384616,-0.30000000000000004,0.30000000000000004,17.6
3.05,0.14896215,-0.30000000000000004,0.30000000000000004,17.6
3.05,0.14896215,-0.30000000000000004,0.30000000000000004,17.6
3.05,0.14407815,-0.30000000000000004,0.30000000000000004,17.6
3.05,0.13919415,-0.30000000000000004,0.30000000000000004,17.6
3.05,0.13431014,-0.30000000000000004,0.30000000000000004,17.6
3.05,0.12942614,-0.30000000000000004,0.30000000000000004,17.6
3.05,0.11965812,-0.30000000000000004,0.30000000000000004,17.6
3.06,0.10989011,-0.30000000000000004,0.30000000000000004,17.6
3.06,0.105006106,-0.30000000000000004,0.30000000000000004,17.6
3.06,0.08547009,-0.30000000000000004,0.30000000000000004,17.6
3.06,0.08058608,-0.30000000000000004,0.30000000000000004,17.6
3.06,0.06593407,-0.30000000000000004,0.30000000000000004,17.6
3.06,0.06593407,-0.30000000000000004,0.30000000000000004,17.6
3.06,0.056166057,-0.30000000000000004,0.30000000000000004,17.6
3.06,0.041514043,-0.30000000000000004,0.30000000000000004,17.7
3.07,0.026862027,-0.30000000000000004,0.30000000000000004,17.7
3.07,0.021978023,-0.30000000000000004,0.30000000000000004,17.7
3.07,0.012210012,-0.30000000000000004,0.30000000000000004,17.7
3.07,0.0073260074,-0.30000000000000004,0.30000000000000004,17.7
3.07,0.0073260074,-0.30000000000000004,0.30000000000000004,17.7
3.07,0.0024420025,-0.30000000000000004,0.30000000000000004,17.7
3.07,-0.0073260074,-0.30000000000000004,0.30000000000000004,17.7
3.07,-0.0073260074,-0.30000000000000004,0.30000000000000004,17.7
3.07,-0.0073260074,-0.30000000000000004,0.30000000000000004,17.7
3.07,-0.0073260074,-0.30000000000000004,0.30000000000000004,17.7
3.08,-0.0073260074,-0.30000000000000004,0.30000000000000004,17.7
3.08,-0.012210012,-0.30000000000000004,0.30000000000000004,17.7
3.08,-0.012210012,-0.30000000000000004,0.30000000000000004,17.7
3.08,-0.012210012,-0.30000000000000004,0.30000000000000004,17.6
3.08,-0.017094018,-0.30000000000000004,0.30000000000000004,17.6
3.08,-0.012210012,-0.30000000000000004,0.30000000000000004,17.6
3.08,-0.012210012,-0.30000000000000004,0.30000000000000004,17.6
3.08,-0.017094018,-0.30000000000000004,0.30000000000000004,17.6
3.08,-0.017094018,-0.30000000000000004,0.30000000000000004,17.6
3.08,-0.017094018,-0.30000000000000004,0.30000000000000004,17.6
3.08,-0.012210012,-0.30000000000000004,0.30000000000000004,17.6
3.09,-0.012210012,-0.30000000000000004,0.30000000000000004,17.6
3.09,-0.012210012,-0.30000000000000004,0.30000000000000004,17.6
3.09,-0.012210012,-0.30000000000000004,0.30000000000000004,17.6
3.09,-0.0073260074,-0.30000000000000004,0.30000000000000004,17.6
3.09,-0.0024420025,-0.30000000000000004,0.30000000000000004,17.6
3.09,-0.0024420025,-0.30000000000000004,0.2,17.6
3.09,0.0024420025,-0.30000000000000004,0.2,17.6
3.09,0.0073260074,-0.30000000000000004,0.2,17.6
3.09,0.0024420025,-0.30000000000000004,0.2,17.6
3.09,0.012210012,-0.30000000000000004,0.2,17.6
3.1,0.017094018,-0.30000000000000004,0.2,17.6
3.1,0.017094018,-0.30000000000000004,0.2,17.6
3.1,0.021978023,-0.30000000000000004,0.2,17.6
3.1,0.026862027,-0.30000000000000004,0.2,17.6
3.1,0.03663004,-0.30000000000000004,0.2,17.6
3.1,0.03663004,-0.30000000000000004,0.2,17.6
3.1,0.041514043,-0.30000000000000004,0.2,17.6
3.1,0.046398047,-0.30000000000000004,0.2,17.6
3.1,0.046398047,-0.30000000000000004,0.2,17.7
3.1,0.051282052,-0.30000000000000004,0.2,17.7
3.11,0.056166057,-0.30000000000000004,0.2,17.7
3.11,0.056166057,-0.30000000000000004,0.2,17.7
3.11,0.06593407,-0.30000000000000004,0.2,17.7
3.11,0.06105006,-0.30000000000000004,0.2,17.7
3.11,0.06105006,-0.30000000000000004,0.2,17.7
3.11,0.07570208,-0.30000000000000004,0.2,17.7
3.11,0.08058608,-0.30000000000000004,0.2,17.7
3.11,0.08547009,-0.30000000000000004,0.2,17.7
3.11,0.0952381,-0.30000000000000004,0.2,17.7
3.11,0.105006106,-0.30000000000000004,0.2,17.7
3.11,0.114774115,-0.30000000000000004,0.2,17.7
3.12,0.124542125,-0.30000000000000004,0.2,17.7
3.12,0.12942614,-0.30000000000000004,0.2,17.7
3.12,0.13431014,-0.30000000000000004,0.2,17.7
3.12,0.13431014,-0.30000000000000004,0.2,17.7
3.12,0.13919415,-0.30000000000000004,0.2,17.7
3.12,0.15384616,-0.30000000000000004,0.2,17.7
3.12,0.15384616,-0.30000000000000004,0.2,17.7
3.12,0.15873016,-0.30000000000000004,0.2,17.7
3.12,0.15873016,-0.30000000000000004,0.2,17.7
3.12,0.15873016,-0.30000000000000004,0.2,17.7
3.13,0.16361417,-0.30000000000000004,0.2,17.7
3.13,0.16849817,-0.30000000000000004,0.2,17.7
3.13,0.17338218,-0.30000000000000004,0.2,17.7
3.13,0.17338218,-0.30000000000000004,0.2,17.7
3.13,0.17338218,-0.4,0.1,17.8
3.13,0.18315019,-0.4,0.1,17.8
3.13,0.18315019,-0.4,0.1,17.8
3.13,0.18315019,-0.4,0.1,17.8
3.13,0.18803419,-0.4,0.1,17.8
3.13,0.18803419,-0.4,0.1,17.8
3.14,0.18803419,-0.4,0.1,17.8
3.14,0.18803419,-0.4,0.1,17.8
3.14,0.18803419,-0.4,0.1,17.8
3.14,0.18315019,-0.4,0.1,17.8
3.14,0.18803419,-0.4,0.1,17.8
3.14,0.18803419,-0.4,0.1,17.8
3.14,0.18803419,-0.4,0.1,17.8
3.14,0.18315019,-0.30000000000000004,0.1,17.900000000000002
3.14,0.18315019,-0.30000000000000004,0.1,17.900000000000002
3.14,0.17826618,-0.30000000000000004,0.1,17.900000000000002
3.15,0.17826618,-0.30000000000000004,0.1,17.900000000000002
3.15,0.17826618,-0.30000000000000004,0.1,17.900000000000002
3.15,0.17826618,-0.30000000000000004,0.1,17.900000000000002
3.15,0.17826618,-0.30000000000000004,0.1,17.900000000000002
3.15,0.16849817,-0.30000000000000004,0.1,17.900000000000002
3.15,0.16849817,-0.30000000000000004,0.1,17.900000000000002
3.15,0.15873016,-0.30000000000000004,0.1,17.900000000000002
3.15,0.15384616,-0.30000000000000004,0.1,17.900000000000002
3.15,0.15873016,-0.30000000000000004,0.1,17.900000000000002
3.15,0.15384616,-0.30000000000000004,0.1,17.900000000000002
3.15,0.14896215,-0.30000000000000004,0.1,17.900000000000002
3.16,0.13919415,-0.4,0.1,17.900000000000002
3.16,0.13919415,-0.4,0.1,17.900000000000002
3.16,0.13919415,-0.4,0.1,17.900000000000002
3.16,0.13431014,-0.4,0.1,17.900000000000002
3.16,0.13431014,-0.4,0.1,17.900000000000002
3.16,0.13431014,-0.4,0.1,17.900000000000002
3.16,0.124542125,-0.4,0.1,17.900000000000002
3.16,0.11965812,-0.4,0.1,17.900000000000002
3.16,0.11965812,-0.4,0.1,17.900000000000002
3.16,0.114774115,-0.4,0.1,17.900000000000002
3.17,0.114774115,-0.4,0.1,17.900000000000002
3.17,0.114774115,-0.4,0.1,17.900000000000002
3.17,0.10989011,-0.4,0.1,17.900000000000002
3.17,0.105006106,-0.4,0.2,17.900000000000002
3.17,0.1001221,-0.4,0.2,17.900000000000002
3.17,0.1001221,-0.4,0.2,17.900000000000002
3.17,0.1001221,-0.4,0.2,17.900000000000002
3.17,0.1001221,-0.4,0.2,17.900000000000002
3.17,0.09035409,-0.4,0.2,17.900000000000002
3.17,0.09035409,-0.4,0.2,17.900000000000002
3.18,0.08547009,-0.4,0.2,17.900000000000002
3.18,0.08547009,-0.4,0.2,17.900000000000002
3.18,0.08058608,-0.4,0.2,17.900000000000002
3.18,0.08058608,-0.4,0.2,17.900000000000002
3.18,0.08058608,-0.4,0.2,17.900000000000002
3.18,0.07570208,-0.4,0.2,17.900000000000002
3.18,0.070818074,-0.4,0.2,17.8
3.18,0.070818074,-0.4,0.2,17.8
3.18,0.070818074,-0.4,0.2,17.8
3.18,0.070818074,-0.4,0.2,17.8
3.19,0.070818074,-0.4,0.2,17.8
3.19,0.070818074,-0.4,0.2,17.8
3.19,0.06593407,-0.4,0.2,17.8
3.19,0.06593407,-0.4,0.2,17.8
3.19,0.06593407,-0.4,0.2,17.8
3.19,0.06105006,-0.4,0.2,17.8
3.19,0.06105006,-0.4,0.2,17.8
3.19,0.06593407,-0.4,0.2,17.8
3.19,0.06593407,-0.30000000000000004,0.2,17.8
3.19,0.06593407,-0.30000000000000004,0.2,17.8
3.2,0.06593407,-0.30000000000000004,0.2,17.8
3.2,0.06593407,-0.30000000000000004,0.2,17.8
3.2,0.06593407,-0.30000000000000004,0.2,17.8
3.2,0.06593407,-0.30000000000000004,0.2,17.8
3.2,0.06593407,-0.30000000000000004,0.2,17.8
3.2,0.070818074,-0.30000000000000004,0.2,17.8
3.2,0.070818074,-0.30000000000000004,0.2,17.8
3.2,0.070818074,-0.30000000000000004,0.2,17.8
3.21,0.070818074,-0.30000000000000004,0.2,17.8
3.21,0.070818074,-0.30000000000000004,0.2,17.8
3.21,0.07570208,-0.30000000000000004,0.2,17.7
3.21,0.07570208,-0.30000000000000004,0.2,17.7
3.21,0.08058608,-0.30000000000000004,0.2,17.7
3.21,0.08058608,-0.30000000000000004,0.2,17.7
3.21,0.08058608,-0.30000000000000004,0.2,17.7
3.21,0.08547009,-0.30000000000000004,0.2,17.7
3.21,0.09035409,-0.30000000000000004,0.2,17.7
3.22,0.08547009,-0.30000000000000004,0.2,17.7
3.22,0.0952381,-0.30000000000000004,0.2,17.7
3.22,0.0952381,-0.30000000000000004,0.2,17.7
3.22,0.0952381,-0.30000000000000004,0.2,17.7
3.22,0.0952381,-0.30000000000000004,0.30000000000000004,17.7
3.22,0.0952381,-0.30000000000000004,0.30000000000000004,17.7
3.22,0.105006106,-0.30000000000000004,0.30000000000000004,17.7
3.22,0.105006106,-0.30000000000000004,0.30000000000000004,17.7
3.23,0.105006106,-0.30000000000000004,0.30000000000000004,17.7
3.23,0.10989011,-0.30000000000000004,0.30000000000000004,17.7
3.23,0.10989011,-0.30000000000000004,0.30000000000000004,17.7
3.23,0.114774115,-0.30000000000000004,0.30000000000000004,17.7
3.23,0.114774115,-0.30000000000000004,0.30000000000000004,17.7
3.23,0.114774115,-0.30000000000000004,0.30000000000000004,17.6
3.24,0.11965812,-0.30000000000000004,0.30000000000000004,17.6
3.24,0.11965812,-0.30000000000000004,0.30000000000000004,17.6
3.24,0.114774115,-0.30000000000000004,0.30000000000000004,17.6
3.24,0.11965812,-0.30000000000000004,0.30000000000000004,17.6
3.24,0.124542125,-0.30000000000000004,0.30000000000000004,17.6
3.24,0.124542125,-0.30000000000000004,0.30000000000000004,17.6
3.24,0.124542125,-0.30000000000000004,0.30000000000000004,17.6
3.24,0.124542125,-0.30000000000000004,0.30000000000000004,17.6
3.25,0.12942614,-0.30000000000000004,0.30000000000000004,17.6
3.25,0.124542125,-0.30000000000000004,0.30000000000000004,17.6
3.25,0.12942614,-0.30000000000000004,0.30000000000000004,17.6
3.25,0.12942614,-0.30000000000000004,0.30000000000000004,17.6
3.25,0.12942614,-0.30000000000000004,0.30000000000000004,17.6
3.25,0.13431014,-0.30000000000000004,0.30000000000000004,17.6
3.25,0.12942614,-0.30000000000000004,0.30000000000000004,17.6
3.25,0.12942614,-0.30000000000000004,0.30000000000000004,17.6
3.26,0.13431014,-0.30000000000000004,0.30000000000000004,17.6
3.26,0.12942614,-0.30000000000000004,0.30000000000000004,17.6
3.26,0.13431014,-0.30000000000000004,0.30000000000000004,17.6
3.26,0.12942614,-0.30000000000000004,0.30000000000000004,17.6
3.26,0.124542125,-0.30000000000000004,0.2,17.6
3.26,0.124542125,-0.30000000000000004,0.2,17.6
3.26,0.124542125,-0.30000000000000004,0.2,17.6
3.26,0.124542125,-0.30000000000000004,0.2,17.6
3.26,0.124542125,-0.30000000000000004,0.2,17.6
3.27,0.124542125,-0.30000000000000004,0.2,17.6
3.27,0.11965812,-0.30000000000000004,0.2,17.6
3.27,0.124542125,-0.30000000000000004,0.2,17.6
3.27,0.11965812,-0.30000000000000004,0.2,17.6
3.27,0.114774115,-0.30000000000000004,0.2,17.6
3.27,0.11965812,-0.30000000000000004,0.2,17.6
3.27,0.10989011,-0.30000000000000004,0.30000000000000004,17.7
3.27,0.105006106,-0.30000000000000004,0.30000000000000004,17.7
3.28,0.10989011,-0.30000000000000004,0.30000000000000004,17.7
3.28,0.10989011,-0.30000000000000004,0.30000000000000004,17.7
3.28,0.10989011,-0.30000000000000004,0.30000000000000004,17.7
3.28,0.105006106,-0.30000000000000004,0.30000000000000004,17.7
3.28,0.1001221,-0.30000000000000004,0.30000000000000004,17.7
3.28,0.10989011,-0.30000000000000004,0.30000000000000004,17.7
3.28,0.10989011,-0.30000000000000004,0.30000000000000004,17.7
3.28,0.105006106,-0.30000000000000004,0.30000000000000004,17.7
3.28,0.1001221,-0.30000000000000004,0.30000000000000004,17.7
3.29,0.105006106,-0.30000000000000004,0.30000000000000004,17.7
3.29,0.105006106,-0.30000000000000004,0.30000000000000004,17.7
3.29,0.1001221,-0.30000000000000004,0.30000000000000004,17.7
3.29,0.105006106,-0.30000000000000004,0.30000000000000004,17.7
3.29,0.105006106,-0.30000000000000004,0.30000000000000004,17.7
3.3,0.10989011,-0.30000000000000004,0.30000000000000004,17.7
3.3,0.10989011,-0.30000000000000004,0.30000000000000004,17.7
3.3,0.10989011,-0.30000000000000004,0.2,17.7
3.3,0.10989011,-0.30000000000000004,0.2,17.7
3.3,0.105006106,-0.30000000000000004,0.2,17.7
3.3,0.10989011,-0.30000000000000004,0.2,17.7
3.3,0.10989011,-0.30000000000000004,0.2,17.7
3.3,0.10989011,-0.30000000000000004,0.2,17.7
3.31,0.10989011,-0.30000000000000004,0.2,17.7
3.31,0.10989011,-0.30000000000000004,0.2,17.7
3.31,0.10989011,-0.30000000000000004,0.2,17.7
3.31,0.105006106,-0.30000000000000004,0.2,17.7
3.31,0.10989011,-0.30000000000000004,0.2,17.7
3.31,0.10989011,-0.30000000000000004,0.2,17.7
3.31,0.105006106,-0.30000000000000004,0.2,17.7
3.31,0.1001221,-0.30000000000000004,0.2,17.7
3.32,0.1001221,-0.30000000000000004,0.2,17.7
3.32,0.105006106,-0.30000000000000004,0.2,17.7
3.32,0.105006106,-0.30000000000000004,0.2,17.7
3.32,0.1001221,-0.30000000000000004,0.2,17.7
3.32,0.105006106,-0.30000000000000004,0.2,17.7
3.32,0.105006106,-0.30000000000000004,0.2,17.7
3.32,0.1001221,-0.30000000000000004,0.2,17.7
3.32,0.1001221,-0.30000000000000004,0.2,17.7
3.32,0.1001221,-0.30000000000000004,0.30000000000000004,17.8
3.33,0.1001221,-0.30000000000000004,0.30000000000000004,17.8
3.33,0.1001221,-0.30000000000000004,0.30000000000000004,17.8
3.33,0.0952381,-0.30000000000000004,0.30000000000000004,17.8
3.33,0.0952381,-0.30000000000000004,0.30000000000000004,17.8
3.33,0.0952381,-0.30000000000000004,0.30000000000000004,17.8
3.33,0.0952381,-0.30000000000000004,0.30000000000000004,17.8
3.33,0.0952381,-0.30000000000000004,0.30000000000000004,17.8
3.33,0.0952381,-0.30000000000000004,0.30000000000000004,17.8
3.33,0.1001221,-0.30000000000000004,0.30000000000000004,17.8
3.34,0.09035409,-0.30000000000000004,0.30000000000000004,17.8
3.34,0.09035409,-0.30000000000000004,0.30000000000000004,17.8
3.34,0.09035409,-0.30000000000000004,0.30000000000000004,17.8
3.34,0.09035409,-0.30000000000000004,0.30000000000000004,17.8
3.34,0.09035409,-0.30000000000000004,0.30000000000000004,17.8
3.34,0.08547009,-0.30000000000000004,0.30000000000000004,17.8
3.34,0.08547009,-0.30000000000000004,0.30000000000000004,17.8
3.34,0.08547009,-0.30000000000000004,0.30000000000000004,17.8
3.34,0.08547009,-0.30000000000000004,0.30000000000000004,17.8
3.34,0.08547009,-0.30000000000000004,0.30000000000000004,17.8
3.35,0.08547009,-0.30000000000000004,0.30000000000000004,17.8
3.35,0.08547009,-0.30000000000000004,0.30000000000000004,17.8
3.35,0.08547009,-0.30000000000000004,0.30000000000000004,17.8
3.35,0.08058608,-0.30000000000000004,0.30000000000000004,17.8
3.35,0.07570208,-0.30000000000000004,0.30000000000000004,17.8
3.35,0.08058608,-0.30000000000000004,0.30000000000000004,17.8
3.35,0.08547009,-0.30000000000000004,0.30000000000000004,17.8
3.35,0.08058608,-0.30000000000000004,0.30000000000000004,17.8
3.35,0.08058608,-0.30000000000000004,0.30000000000000004,17.8
3.35,0.07570208,-0.30000000000000004,0.30000000000000004,17.8
3.35,0.07570208,-0.30000000000000004,0.30000000000000004,17.8
3.36,0.07570208,-0.30000000000000004,0.30000000000000004,17.8
3.36,0.07570208,-0.30000000000000004,0.30000000000000004,17.8
3.36,0.07570208,-0.30000000000000004,0.30000000000000004,17.8
3.36,0.07570208,-0.30000000000000004,0.30000000000000004,17.8
3.36,0.070818074,-0.30000000000000004,0.30000000000000004,17.8
3.36,0.070818074,-0.30000000000000004,0.30000000000000004,17.8
3.36,0.070818074,-0.30000000000000004,0.30000000000000004,17.8
3.36,0.07570208,-0.4,0.30000000000000004,17.8
3.36,0.07570208,-0.4,0.30000000000000004,17.8
3.36,0.07570208,-0.4,0.30000000000000004,17.8
3.37,0.07570208,-0.4,0.30000000000000004,17.8
3.37,0.07570208,-0.4,0.30000000000000004,17.8
3.37,0.07570208,-0.4,0.30000000000000004,17.8
3.37,0.07570208,-0.4,0.30000000000000004,17.8
3.37,0.08058608,-0.4,0.30000000000000004,17.8
3.37,0.08058608,-0.4,0.30000000000000004,17.8
3.37,0.07570208,-0.4,0.30000000000000004,17.8
3.37,0.08058608,-0.4,0.30000000000000004,17.8
3.37,0.08547009,-0.4,0.30000000000000004,17.8
3.37,0.08547009,-0.4,0.30000000000000004,17.8
3.38,0.08058608,-0.4,0.30000000000000004,17.8
3.38,0.08058608,-0.30000000000000004,0.30000000000000004,17.8
3.38,0.08547009,-0.30000000000000004,0.30000000000000004,17.8
3.38,0.08547009,-0.30000000000000004,0.30000000000000004,17.8
3.38,0.08547009,-0.30000000000000004,0.30000000000000004,17.8
3.38,0.08547009,-0.30000000000000004,0.30000000000000004,17.8
3.38,0.08547009,-0.30000000000000004,0.30000000000000004,17.8
3.38,0.08058608,-0.30000000000000004,0.30000000000000004,17.8
3.38,0.09035409,-0.30000000000000004,0.30000000000000004,17.8
3.38,0.08547009,-0.30000000000000004,0.30000000000000004,17.8
3.38,0.08547009,-0.30000000000000004,0.30000000000000004,17.8
3.39,0.08547009,-0.30000000000000004,0.30000000000000004,17.8
3.39,0.09035409,-0.30000000000000004,0.30000000000000004,17.8
3.39,0.09035409,-0.30000000000000004,0.30000000000000004,17.8
3.39,0.08547009,-0.4,0.30000000000000004,17.8
3.39,0.0952381,-0.4,0.30000000000000004,17.8
3.39,0.09035409,-0.4,0.30000000000000004,17.8
3.39,0.09035409,-0.4,0.30000000000000004,17.8
3.39,0.08547009,-0.4,0.30000000000000004,17.8
3.39,0.08547009,-0.4,0.30000000000000004,17.8
3.4,0.09035409,-0.4,0.30000000000000004,17.8
3.4,0.09035409,-0.4,0.30000000000000004,17.8
3.4,0.08547009,-0.4,0.30000000000000004,17.8
3.4,0.09035409,-0.4,0.30000000000000004,17.8
3.4,0.0952381,-0.4,0.30000000000000004,17.8
3.4,0.09035409,-0.4,0.30000000000000004,17.8
3.4,0.08547009,-0.4,0.30000000000000004,17.8
3.4,0.09035409,-0.30000000000000004,0.30000000000000004,17.8
3.4,0.09035409,-0.30000000000000004,0.30000000000000004,17.8
3.4,0.09035409,-0.30000000000000004,0.30000000000000004,17.8
3.41,0.09035409,-0.30000000000000004,0.30000000000000004,17.8
3.41,0.0952381,-0.30000000000000004,0.30000000000000004,17.8
3.41,0.0952381,-0.30000000000000004,0.30000000000000004,17.8
3.41,0.0952381,-0.30000000000000004,0.30000000000000004,17.8
3.41,0.0952381,-0.30000000000000004,0.30000000000000004,17.8
3.41,0.0952381,-0.30000000000000004,0.30000000000000004,17.8
3.41,0.09035409,-0.30000000000000004,0.30000000000000004,17.8
3.41,0.09035409,-0.30000000000000004,0.30000000000000004,17.8
3.41,0.1001221,-0.30000000000000004,0.30000000000000004,17.8
3.41,0.0952381,-0.30000000000000004,0.30000000000000004,17.8
3.41,0.0952381,-0.30000000000000004,0.30000000000000004,17.7
3.42,0.0952381,-0.30000000000000004,0.30000000000000004,17.7
3.42,0.09035409,-0.30000000000000004,0.30000000000000004,17.7
3.42,0.09035409,-0.30000000000000004,0.30000000000000004,17.7
3.42,0.09035409,-0.30000000000000004,0.30000000000000004,17.7
3.42,0.09035409,-0.30000000000000004,0.30000000000000004,17.7
3.42,0.08547009,-0.30000000000000004,0.30000000000000004,17.7
3.42,0.09035409,-0.30000000000000004,0.30000000000000004,17.7
3.42,0.08547009,-0.30000000000000004,0.30000000000000004,17.7
3.42,0.08547009,-0.30000000000000004,0.30000000000000004,17.7
3.43,0.09035409,-0.30000000000000004,0.30000000000000004,17.7
3.43,0.08547009,-0.30000000000000004,0.30000000000000004,17.7
3.43,0.08547009,-0.30000000000000004,0.30000000000000004,17.7
3.43,0.08058608,-0.30000000000000004,0.30000000000000004,17.7
3.43,0.08058608,-0.30000000000000004,0.30000000000000004,17.7
3.43,0.08058608,-0.30000000000000004,0.30000000000000004,17.7
3.43,0.08058608,-0.30000000000000004,0.30000000000000004,17.7
3.43,0.08058608,-0.30000000000000004,0.30000000000000004,17.7
3.43,0.08058608,-0.30000000000000004,0.30000000000000004,17.7
3.43,0.070818074,-0.30000000000000004,0.30000000000000004,17.7
3.43,0.070818074,-0.30000000000000004,0.30000000000000004,17.7
3.44,0.070818074,-0.30000000000000004,0.30000000000000004,17.7
3.44,0.070818074,-0.30000000000000004,0.30000000000000004,17.7
3.44,0.070818074,-0.30000000000000004,0.30000000000000004,17.7
3.44,0.070818074,-0.30000000000000004,0.30000000000000004,17.7
3.44,0.06593407,-0.30000000000000004,0.30000000000000004,17.7
3.44,0.06105006,-0.30000000000000004,0.30000000000000004,17.7
3.44,0.06105006,-0.30000000000000004,0.30000000000000004,17.7
3.44,0.06105006,-0.30000000000000004,0.30000000000000004,17.7
3.44,0.06105006,-0.30000000000000004,0.30000000000000004,17.7
3.44,0.056166057,-0.30000000000000004,0.30000000000000004,17.7
3.45,0.056166057,-0.30000000000000004,0.30000000000000004,17.7
3.45,0.06105006,-0.30000000000000004,0.30000000000000004,17.7
3.45,0.056166057,-0.30000000000000004,0.30000000000000004,17.7
3.45,0.051282052,-0.30000000000000004,0.30000000000000004,17.7
3.45,0.056166057,-0.30000000000000004,0.30000000000000004,17.7
3.45,0.051282052,-0.30000000000000004,0.30000000000000004,17.7
3.45,0.051282052,-0.30000000000000004,0.30000000000000004,17.7
3.45,0.046398047,-0.30000000000000004,0.30000000000000004,17.7
3.45,0.056166057,-0.30000000000000004,0.30000000000000004,17.7
3.46,0.051282052,-0.30000000000000004,0.30000000000000004,17.7
3.46,0.046398047,-0.30000000000000004,0.30000000000000004,17.7
3.46,0.046398047,-0.30000000000000004,0.30000000000000004,17.7
3.46,0.046398047,-0.30000000000000004,0.30000000000000004,17.7
3.46,0.046398047,-0.30000000000000004,0.30000000000000004,17.7
3.46,0.041514043,-0.30000000000000004,0.30000000000000004,17.7
3.46,0.041514043,-0.30000000000000004,0.30000000000000004,17.7
3.46,0.041514043,-0.30000000000000004,0.30000000000000004,17.7
3.46,0.041514043,-0.30000000000000004,0.30000000000000004,17.7
3.47,0.03663004,-0.30000000000000004,0.30000000000000004,17.7
3.47,0.03663004,-0.30000000000000004,0.30000000000000004,17.7
3.47,0.03663004,-0.30000000000000004,0.30000000000000004,17.7
3.47,0.03663004,-0.30000000000000004,0.30000000000000004,17.7
3.47,0.03663004,-0.30000000000000004,0.30000000000000004,17.7
3.47,0.031746034,-0.30000000000000004,0.30000000000000004,17.7
3.47,0.031746034,-0.30000000000000004,0.30000000000000004,17.7
3.47,0.031746034,-0.30000000000000004,0.30000000000000004,17.7
3.47,0.031746034,-0.30000000000000004,0.30000000000000004,17.7
3.48,0.031746034,-0.30000000000000004,0.30000000000000004,17.7
3.48,0.031746034,-0.30000000000000004,0.30000000000000004,17.7
3.48,0.026862027,-0.30000000000000004,0.30000000000000004,17.7
3.48,0.03663004,-0.30000000000000004,0.30000000000000004,17.7
3.48,0.03663004,-0.30000000000000004,0.30000000000000004,17.7
3.48,0.031746034,-0.30000000000000004,0.30000000000000004,17.7
3.48,0.031746034,-0.30000000000000004,0.30000000000000004,17.7
3.48,0.026862027,-0.30000000000000004,0.30000000000000004,17.7
3.48,0.031746034,-0.30000000000000004,0.30000000000000004,17.7
3.49,0.031746034,-0.30000000000000004,0.30000000000000004,17.7
3.49,0.03663004,-0.30000000000000004,0.30000000000000004,17.7
3.49,0.041514043,-0.30000000000000004,0.30000000000000004,17.7
3.49,0.03663004,-0.30000000000000004,0.30000000000000004,17.7
3.49,0.041514043,-0.30000000000000004,0.30000000000000004,17.7
3.49,0.03663004,-0.30000000000000004,0.30000000000000004,17.7
3.49,0.03663004,-0.30000000000000004,0.30000000000000004,17.7
3.49,0.041514043,-0.30000000000000004,0.30000000000000004,17.7
3.49,0.051282052,-0.30000000000000004,0.30000000000000004,17.7
3.5,0.051282052,-0.30000000000000004,0.30000000000000004,17.7
3.5,0.046398047,-0.30000000000000004,0.30000000000000004,17.7
3.5,0.051282052,-0.30000000000000004,0.30000000000000004,17.7
3.5,0.051282052,-0.30000000000000004,0.30000000000000004,17.7
3.5,0.046398047,-0.30000000000000004,0.30000000000000004,17.7
3.5,0.051282052,-0.30000000000000004,0.30000000000000004,17.7
3.5,0.06105006,-0.30000000000000004,0.30000000000000004,17.7
3.5,0.06105006,-0.30000000000000004,0.30000000000000004,17.7
3.5,0.056166057,-0.30000000000000004,0.30000000000000004,17.7
3.5,0.056166057,-0.30000000000000004,0.30000000000000004,17.7
3.5,0.056166057,-0.30000000000000004,0.30000000000000004,17.7
3.51,0.056166057,-0.30000000000000004,0.30000000000000004,17.7
3.51,0.06105006,-0.30000000000000004,0.30000000000000004,17.7
3.51,0.06105006,-0.30000000000000004,0.30000000000000004,17.7
3.51,0.06105006,-0.30000000000000004,0.30000000000000004,17.7
3.51,0.06105006,-0.30000000000000004,0.30000000000000004,17.7
3.51,0.06105006,-0.30000000000000004,0.30000000000000004,17.7
3.51,0.06105006,-0.30000000000000004,0.30000000000000004,17.7
3.51,0.06105006,-0.30000000000000004,0.30000000000000004,17.7
3.51,0.06105006,-0.30000000000000004,0.30000000000000004,17.7
3.52,0.06105006,-0.30000000000000004,0.30000000000000004,17.7
3.52,0.06105006,-0.30000000000000004,0.30000000000000004,17.7
3.52,0.06105006,-0.30000000000000004,0.30000000000000004,17.7
3.52,0.06593407,-0.30000000000000004,0.30000000000000004,17.7
3.52,0.06593407,-0.30000000000000004,0.30000000000000004,17.7
3.52,0.06105006,-0.30000000000000004,0.30000000000000004,17.7
3.52,0.06593407,-0.30000000000000004,0.30000000000000004,17.7
3.52,0.06593407,-0.30000000000000004,0.30000000000000004,17.7
3.52,0.06593407,-0.30000000000000004,0.30000000000000004,17.7
3.52,0.06593407,-0.30000000000000004,0.30000000000000004,17.7
3.53,0.06593407,-0.30000000000000004,0.30000000000000004,17.7
3.53,0.06593407,-0.30000000000000004,0.30000000000000004,17.7
3.53,0.06593407,-0.30000000000000004,0.30000000000000004,17.7
3.53,0.06593407,-0.30000000000000004,0.30000000000000004,17.7
3.53,0.06593407,-0.30000000000000004,0.30000000000000004,17.7
3.53,0.070818074,-0.30000000000000004,0.30000000000000004,17.7
3.53,0.070818074,-0.30000000000000004,0.30000000000000004,17.7
3.53,0.06593407,-0.30000000000000004,0.30000000000000004,17.7
3.53,0.06593407,-0.30000000000000004,0.30000000000000004,17.7
3.53,0.06593407,-0.30000000000000004,0.30000000000000004,17.7
3.53,0.06593407,-0.30000000000000004,0.30000000000000004,17.7
3.54,0.070818074,-0.30000000000000004,0.30000000000000004,17.7
3.54,0.070818074,-0.30000000000000004,0.30000000000000004,17.7
3.54,0.06105006,-0.30000000000000004,0.30000000000000004,17.7
3.54,0.070818074,-0.30000000000000004,0.30000000000000004,17.7
3.54,0.06593407,-0.30000000000000004,0.30000000000000004,17.7
3.54,0.06593407,-0.30000000000000004,0.30000000000000004,17.7
3.54,0.06593407,-0.30000000000000004,0.30000000000000004,17.7
3.54,0.06593407,-0.30000000000000004,0.30000000000000004,17.7
3.54,0.06105006,-0.30000000000000004,0.30000000000000004,17.7
3.54,0.06105006,-0.30000000000000004,0.30000000000000004,17.7
3.55,0.06593407,-0.30000000000000004,0.30000000000000004,17.7
3.55,0.06593407,-0.30000000000000004,0.30000000000000004,17.7
3.55,0.06593407,-0.30000000000000004,0.30000000000000004,17.7
3.55,0.06593407,-0.30000000000000004,0.30000000000000004,17.7
3.55,0.06105006,-0.30000000000000004,0.30000000000000004,17.7
3.55,0.06105006,-0.30000000000000004,0.30000000000000004,17.7
3.55,0.06105006,-0.30000000000000004,0.30000000000000004,17.7
3.55,0.06593407,-0.30000000000000004,0.30000000000000004,17.7
3.55,0.06593407,-0.30000000000000004,0.30000000000000004,17.7
3.55,0.070818074,-0.30000000000000004,0.30000000000000004,17.7
3.56,0.06593407,-0.30000000000000004,0.30000000000000004,17.7
3.56,0.06105006,-0.30000000000000004,0.30000000000000004,17.7
3.56,0.070818074,-0.30000000000000004,0.30000000000000004,17.7
3.56,0.070818074,-0.30000000000000004,0.30000000000000004,17.8
3.56,0.07570208,-0.30000000000000004,0.30000000000000004,17.8
3.56,0.08058608,-0.30000000000000004,0.30000000000000004,17.8
3.56,0.08058608,-0.30000000000000004,0.30000000000000004,17.8
3.56,0.08547009,-0.30000000000000004,0.30000000000000004,17.8
3.56,0.08547009,-0.30000000000000004,0.30000000000000004,17.8
3.56,0.09035409,-0.30000000000000004,0.30000000000000004,17.8
3.57,0.09035409,-0.30000000000000004,0.30000000000000004,17.8
3.57,0.0952381,-0.30000000000000004,0.30000000000000004,17.8
3.57,0.1001221,-0.30000000000000004,0.30000000000000004,17.8
3.57,0.10989011,-0.30000000000000004,0.30000000000000004,17.8
3.57,0.114774115,-0.30000000000000004,0.30000000000000004,17.8
3.57,0.114774115,-0.30000000000000004,0.30000000000000004,17.8
3.57,0.114774115,-0.30000000000000004,0.30000000000000004,17.7
3.57,0.10989011,-0.30000000000000004,0.30000000000000004,17.7
3.57,0.11965812,-0.30000000000000004,0.30000000000000004,17.7
3.57,0.11965812,-0.30000000000000004,0.30000000000000004,17.7
3.57,0.124542125,-0.30000000000000004,0.30000000000000004,17.7
3.58,0.13431014,-0.30000000000000004,0.30000000000000004,17.7
3.58,0.13431014,-0.30000000000000004,0.30000000000000004,17.7
3.58,0.12942614,-0.30000000000000004,0.30000000000000004,17.7
3.58,0.12942614,-0.30000000000000004,0.30000000000000004,17.7
3.58,0.12942614,-0.30000000000000004,0.30000000000000004,17.7
3.58,0.12942614,-0.30000000000000004,0.30000000000000004,17.7
3.58,0.13431014,-0.30000000000000004,0.30000000000000004,17.7
3.58,0.124542125,-0.30000000000000004,0.30000000000000004,17.7
3.58,0.124542125,-0.30000000000000004,0.30000000000000004,17.7
3.58,0.124542125,-0.30000000000000004,0.30000000000000004,17.7
3.59,0.124542125,-0.30000000000000004,0.30000000000000004,17.7
3.59,0.124542125,-0.30000000000000004,0.30000000000000004,17.7
3.59,0.124542125,-0.30000000000000004,0.30000000000000004,17.7
3.59,0.11965812,-0.30000000000000004,0.30000000000000004,17.7
3.59,0.11965812,-0.30000000000000004,0.30000000000000004,17.7
3.59,0.114774115,-0.30000000000000004,0.30000000000000004,17.7
3.59,0.10989011,-0.30000000000000004,0.30000000000000004,17.7
3.59,0.105006106,-0.30000000000000004,0.30000000000000004,17.7
3.59,0.1001221,-0.30000000000000004,0.30000000000000004,17.7
3.59,0.1001221,-0.30000000000000004,0.30000000000000004,17.7
3.6,0.1001221,-0.30000000000000004,0.30000000000000004,17.7
3.6,0.09035409,-0.30000000000000004,0.30000000000000004,17.7
3.6,0.08058608,-0.30000000000000004,0.30000000000000004,17.7
3.6,0.08058608,-0.30000000000000004,0.30000000000000004,17.7
3.6,0.08058608,-0.30000000000000004,0.30000000000000004,17.7
3.6,0.07570208,-0.30000000000000004,0.30000000000000004,17.7
3.6,0.070818074,-0.30000000000000004,0.30000000000000004,17.7
3.6,0.06593407,-0.30000000000000004,0.30000000000000004,17.7
3.6,0.06105006,-0.30000000000000004,0.30000000000000004,17.7
3.6,0.056166057,-0.30000000000000004,0.30000000000000004,17.7
3.61,0.06105006,-0.30000000000000004,0.30000000000000004,17.7
3.61,0.056166057,-0.30000000000000004,0.30000000000000004,17.7
3.61,0.051282052,-0.30000000000000004,0.30000000000000004,17.7
3.61,0.046398047,-0.30000000000000004,0.30000000000000004,17.7
3.61,0.046398047,-0.30000000000000004,0.30000000000000004,17.7
3.61,0.041514043,-0.30000000000000004,0.4,17.7
3.61,0.041514043,-0.30000000000000004,0.4,17.7
3.61,0.03663004,-0.30000000000000004,0.4,17.7
3.61,0.03663004,-0.30000000000000004,0.4,17.7
3.61,0.03663004,-0.30000000000000004,0.4,17.7
3.61,0.031746034,-0.30000000000000004,0.4,17.7
3.62,0.031746034,-0.30000000000000004,0.4,17.7
3.62,0.031746034,-0.30000000000000004,0.4,17.7
3.62,0.031746034,-0.30000000000000004,0.4,17.7
3.62,0.031746034,-0.30000000000000004,0.4,17.7
3.62,0.026862027,-0.30000000000000004,0.4,17.7
3.62,0.026862027,-0.30000000000000004,0.4,17.7
3.62,0.026862027,-0.30000000000000004,0.4,17.7
3.62,0.021978023,-0.30000000000000004,0.4,17.7
3.62,0.021978023,-0.30000000000000004,0.4,17.6
3.62,0.021978023,-0.30000000000000004,0.4,17.6
3.63,0.021978023,-0.30000000000000004,0.4,17.6
3.63,0.021978023,-0.30000000000000004,0.4,17.6
3.63,0.026862027,-0.30000000000000004,0.4,17.6
3.63,0.021978023,-0.30000000000000004,0.4,17.6
3.63,0.021978023,-0.30000000000000004,0.4,17.6
3.63,0.026862027,-0.30000000000000004,0.4,17.6
3.63,0.026862027,-0.30000000000000004,0.4,17.6
3.63,0.021978023,-0.30000000000000004,0.4,17.6
3.63,0.026862027,-0.30000000000000004,0.4,17.6
3.63,0.031746034,-0.30000000000000004,0.4,17.6
3.63,0.031746034,-0.30000000000000004,0.4,17.6
3.64,0.031746034,-0.30000000000000004,0.4,17.7
3.64,0.031746034,-0.30000000000000004,0.4,17.7
3.64,0.03663004,-0.30000000000000004,0.4,17.7
3.64,0.041514043,-0.30000000000000004,0.4,17.7
3.64,0.03663004,-0.30000000000000004,0.4,17.7
3.64,0.041514043,-0.30000000000000004,0.4,17.7
3.64,0.046398047,-0.30000000000000004,0.4,17.7
3.64,0.041514043,-0.30000000000000004,0.4,17.7
3.64,0.041514043,-0.30000000000000004,0.4,17.7
3.65,0.046398047,-0.30000000000000004,0.4,17.7
3.65,0.051282052,-0.30000000000000004,0.4,17.7
3.65,0.051282052,-0.30000000000000004,0.4,17.7
3.65,0.051282052,-0.30000000000000004,0.4,17.7
3.65,0.056166057,-0.30000000000000004,0.4,17.7
3.65,0.056166057,-0.30000000000000004,0.4,17.7
3.65,0.056166057,-0.30000000000000004,0.4,17.7
3.65,0.06105006,-0.30000000000000004,0.4,17.7
3.65,0.06105006,-0.30000000000000004,0.4,17.7
3.65,0.06593407,-0.30000000000000004,0.4,17.7
3.66,0.070818074,-0.30000000000000004,0.4,17.7
3.66,0.070818074,-0.30000000000000004,0.4,17.7
3.66,0.08058608,-0.30000000000000004,0.4,17.7
3.66,0.08058608,-0.30000000000000004,0.4,17.7
3.66,0.07570208,-0.30000000000000004,0.4,17.7
3.66,0.08058608,-0.30000000000000004,0.4,17.7
3.66,0.08547009,-0.30000000000000004,0.4,17.7
3.66,0.08547009,-0.30000000000000004,0.4,17.7
3.66,0.08547009,-0.30000000000000004,0.4,17.7
3.66,0.09035409,-0.30000000000000004,0.4,17.7
3.67,0.09035409,-0.30000000000000004,0.4,17.7
3.67,0.09035409,-0.30000000000000004,0.4,17.7
3.67,0.09035409,-0.30000000000000004,0.4,17.7
3.67,0.0952381,-0.30000000000000004,0.4,17.7
3.67,0.0952381,-0.30000000000000004,0.4,17.7
3.67,0.0952381,-0.30000000000000004,0.4,17.7
3.67,0.105006106,-0.30000000000000004,0.4,17.7
3.67,0.105006106,-0.30000000000000004,0.4,17.7
3.67,0.105006106,-0.30000000000000004,0.4,17.7
3.67,0.1001221,-0.30000000000000004,0.4,17.7
3.68,0.1001221,-0.30000000000000004,0.4,17.7
3.68,0.105006106,-0.30000000000000004,0.4,17.7
3.68,0.105006106,-0.30000000000000004,0.4,17.7
3.68,0.105006106,-0.30000000000000004,0.4,17.7
3.68,0.105006106,-0.30000000000000004,0.4,17.7
3.68,0.105006106,-0.30000000000000004,0.4,17.7
3.68,0.1001221,-0.30000000000000004,0.4,17.7
3.68,0.1001221,-0.30000000000000004,0.4,17.7
3.68,0.105006106,-0.30000000000000004,0.4,17.7
3.69,0.1001221,-0.30000000000000004,0.4,17.7
3.69,0.105006106,-0.30000000000000004,0.4,17.7
3.69,0.1001221,-0.30000000000000004,0.4,17.8
3.69,0.1001221,-0.30000000000000004,0.4,17.8
3.69,0.1001221,-0.30000000000000004,0.4,17.8
3.69,0.1001221,-0.30000000000000004,0.4,17.8
3.69,0.1001221,-0.30000000000000004,0.4,17.8
3.69,0.0952381,-0.30000000000000004,0.4,17.8
3.7,0.0952381,-0.30000000000000004,0.4,17.8
3.7,0.0952381,-0.30000000000000004,0.4,17.8
3.7,0.09035409,-0.30000000000000004,0.4,17.8
3.7,0.0952381,-0.30000000000000004,0.4,17.8
3.7,0.0952381,-0.30000000000000004,0.4,17.8
3.7,0.1001221,-0.30000000000000004,0.4,17.8
3.7,0.09035409,-0.30000000000000004,0.4,17.8
3.7,0.0952381,-0.30000000000000004,0.4,17.8
3.7,0.1001221,-0.30000000000000004,0.4,17.8
3.71,0.0952381,-0.30000000000000004,0.4,17.8
3.71,0.0952381,-0.30000000000000004,0.4,17.8
3.71,0.1001221,-0.30000000000000004,0.4,17.8
3.71,0.0952381,-0.30000000000000004,0.4,17.8
3.71,0.0952381,-0.30000000000000004,0.4,17.8
3.71,0.1001221,-0.30000000000000004,0.4,17.8
3.71,0.0952381,-0.30000000000000004,0.4,17.8
3.71,0.0952381,-0.30000000000000004,0.4,17.8
3.71,0.1001221,-0.30000000000000004,0.5,17.7
3.72,0.1001221,-0.30000000000000004,0.5,17.7
3.72,0.1001221,-0.30000000000000004,0.5,17.7
3.72,0.1001221,-0.30000000000000004,0.5,17.7
3.72,0.0952381,-0.30000000000000004,0.5,17.7
3.72,0.0952381,-0.30000000000000004,0.5,17.7
3.72,0.08547009,-0.30000000000000004,0.5,17.7
3.72,0.08547009,-0.30000000000000004,0.5,17.7
3.72,0.070818074,-0.30000000000000004,0.5,17.7
3.73,0.070818074,-0.30000000000000004,0.5,17.7
3.73,0.06593407,-0.30000000000000004,0.5,17.7
3.73,0.051282052,-0.30000000000000004,0.5,17.7
3.73,0.041514043,-0.30000000000000004,0.5,17.7
3.73,0.03663004,-0.30000000000000004,0.5,17.7
3.73,0.031746034,-0.30000000000000004,0.5,17.7
3.73,0.021978023,-0.30000000000000004,0.5,17.7
3.73,0.0073260074,-0.30000000000000004,0.5,17.7
3.73,0.0073260074,-0.30000000000000004,0.5,17.7
3.74,0.0024420025,-0.30000000000000004,0.5,17.7
3.74,-0.0024420025,-0.30000000000000004,0.5,17.7
3.74,-0.0073260074,-0.30000000000000004,0.5,17.7
3.74,-0.012210012,-0.2,0.6000000000000001,17.7
3.74,-0.012210012,-0.2,0.6000000000000001,17.7
3.74,-0.017094018,-0.2,0.6000000000000001,17.7
3.74,-0.017094018,-0.2,0.6000000000000001,17.7
3.74,-0.017094018,-0.2,0.6000000000000001,17.7
3.75,-0.021978023,-0.2,0.6000000000000001,17.7
3.75,-0.026862027,-0.2,0.6000000000000001,17.7
3.75,-0.026862027,-0.2,0.6000000000000001,17.7
3.75,-0.031746034,-0.2,0.6000000000000001,17.7
3.75,-0.031746034,-0.2,0.6000000000000001,17.7
3.75,-0.031746034,-0.2,0.6000000000000001,17.7
3.75,-0.026862027,-0.2,0.6000000000000001,17.6
3.75,-0.021978023,-0.2,0.6000000000000001,17.6
3.76,-0.026862027,-0.2,0.6000000000000001,17.6
3.76,-0.021978023,-0.2,0.6000000000000001,17.6
3.76,-0.017094018,-0.2,0.6000000000000001,17.6
3.76,-0.017094018,-0.2,0.6000000000000001,17.6
3.76,-0.012210012,-0.2,0.6000000000000001,17.6
3.76,-0.012210012,-0.2,0.6000000000000001,17.6
3.76,-0.0073260074,-0.2,0.6000000000000001,17.6
3.76,-0.0024420025,-0.2,0.6000000000000001,17.6
3.76,-0.0024420025,-0.2,0.6000000000000001,17.6
3.77,0.0024420025,-0.2,0.6000000000000001,17.6
3.77,0.0073260074,-0.2,0.6000000000000001,17.7
3.77,0.012210012,-0.2,0.6000000000000001,17.7
3.77,0.017094018,-0.2,0.6000000000000001,17.7
3.77,0.021978023,-0.2,0.6000000000000001,17.7
3.77,0.026862027,-0.2,0.6000000000000001,17.7
3.77,0.026862027,-0.2,0.6000000000000001,17.7
3.77,0.026862027,-0.2,0.6000000000000001,17.7
3.77,0.031746034,-0.2,0.6000000000000001,17.7
3.78,0.031746034,-0.2,0.6000000000000001,17.7
3.78,0.03663004,-0.2,0.6000000000000001,17.7
3.78,0.041514043,-0.2,0.6000000000000001,17.7
3.78,0.041514043,-0.2,0.6000000000000001,17.7
3.78,0.046398047,-0.2,0.6000000000000001,17.7
3.78,0.051282052,-0.2,0.6000000000000001,17.7
3.78,0.056166057,-0.2,0.6000000000000001,17.7
3.78,0.06105006,-0.2,0.6000000000000001,17.7
3.78,0.06105006,-0.2,0.6000000000000001,17.7
3.79,0.08058608,-0.2,0.6000000000000001,17.7
3.79,0.08547009,-0.2,0.6000000000000001,17.7
3.79,0.09035409,-0.2,0.6000000000000001,17.7
3.79,0.0952381,-0.2,0.6000000000000001,17.7
3.79,0.1001221,-0.2,0.6000000000000001,17.7
3.79,0.1001221,-0.2,0.6000000000000001,17.7
3.79,0.1001221,-0.2,0.7000000000000001,17.7
3.79,0.10989011,-0.2,0.7000000000000001,17.7
3.79,0.114774115,-0.2,0.7000000000000001,17.7
3.8,0.10989011,-0.2,0.7000000000000001,17.7
3.8,0.11965812,-0.2,0.7000000000000001,17.7
3.8,0.124542125,-0.2,0.7000000000000001,17.7
3.8,0.12942614,-0.2,0.7000000000000001,17.7
3.8,0.12942614,-0.2,0.7000000000000001,17.7
3.8,0.12942614,-0.2,0.7000000000000001,17.7
3.8,0.13431014,-0.2,0.7000000000000001,17.7
3.8,0.13431014,-0.2,0.7000000000000001,17.7
3.8,0.13919415,-0.2,0.7000000000000001,17.7
3.8,0.13919415,-0.2,0.7000000000000001,17.7
3.81,0.13919415,-0.2,0.7000000000000001,17.7
3.81,0.13919415,-0.2,0.7000000000000001,17.7
3.81,0.14407815,-0.2,0.7000000000000001,17.7
3.81,0.14896215,-0.2,0.7000000000000001,17.7
3.81,0.14407815,-0.2,0.7000000000000001,17.7
3.81,0.14407815,-0.2,0.7000000000000001,17.7
3.81,0.14407815,-0.2,0.7000000000000001,17.7
3.81,0.14896215,-0.2,0.7000000000000001,17.7
3.81,0.14407815,-0.2,0.7000000000000001,17.7
3.82,0.14896215,-0.2,0.7000000000000001,17.7
3.82,0.14896215,-0.2,0.7000000000000001,17.7
3.82,0.14896215,-0.2,0.7000000000000001,17.7
3.82,0.15384616,-0.2,0.8,17.7
3.82,0.15384616,-0.2,0.8,17.7
3.82,0.14896215,-0.2,0.8,17.7
3.82,0.14896215,-0.2,0.8,17.7
3.82,0.14896215,-0.2,0.8,17.7
3.82,0.15384616,-0.2,0.8,17.7
3.83,0.14896215,-0.2,0.8,17.7
3.83,0.15384616,-0.2,0.8,17.7
3.83,0.15384616,-0.2,0.8,17.7
3.83,0.15384616,-0.2,0.8,17.7
3.83,0.14896215,-0.2,0.8,17.7
3.83,0.15384616,-0.2,0.8,17.7
3.83,0.15384616,-0.2,0.8,17.7
3.83,0.15384616,-0.2,0.8,17.7
3.83,0.14896215,-0.2,0.8,17.7
3.84,0.13919415,-0.2,0.8,17.7
3.84,0.13919415,-0.2,0.8,17.7
3.84,0.13919415,-0.2,0.8,17.7
3.84,0.13431014,-0.2,0.8,17.7
3.84,0.12942614,-0.2,0.8,17.7
3.84,0.114774115,-0.2,0.8,17.7
3.84,0.105006106,-0.2,0.8,17.7
3.84,0.0952381,-0.2,0.8,17.7
3.84,0.08547009,-0.2,0.8,17.7
3.84,0.07570208,-0.1,0.9,17.6
3.85,0.07570208,-0.1,0.9,17.6
3.85,0.06105006,-0.1,0.9,17.6
3.85,0.051282052,-0.1,0.9,17.6
3.85,0.041514043,-0.1,0.9,17.6
3.85,0.03663004,-0.1,0.9,17.6
3.85,0.021978023,-0.1,0.9,17.6
3.85,0.012210012,-0.1,0.9,17.6
3.85,0.0024420025,-0.1,0.9,17.6
3.85,-0.0024420025,-0.1,0.9,17.6
3.85,-0.0073260074,-0.1,0.9,17.6
3.85,-0.017094018,-0.1,0.9,17.6
3.86,-0.017094018,-0.1,0.9,17.6
3.86,-0.021978023,-0.1,0.9,17.7
3.86,-0.026862027,-0.1,0.9,17.7
3.86,-0.03663004,-0.1,0.9,17.7
3.86,-0.041514043,-0.1,0.9,17.7
3.86,-0.046398047,-0.1,0.9,17.7
3.86,-0.051282052,-0.1,0.9,17.7
3.86,-0.06105006,-0.1,0.9,17.7
3.86,-0.06105006,-0.1,0.9,17.7
3.86,-0.06593407,-0.1,0.9,17.7
3.87,-0.070818074,-0.1,0.9,17.7
3.87,-0.070818074,-0.1,0.9,17.7
3.87,-0.070818074,-0.1,0.9,17.7
3.87,-0.070818074,-0.1,0.9,17.7
3.87,-0.070818074,-0.1,1.0,17.7
3.87,-0.070818074,-0.1,1.0,17.7
3.87,-0.07570208,-0.1,1.0,17.7
3.87,-0.070818074,-0.1,1.0,17.7
3.87,-0.070818074,-0.1,1.0,17.7
3.88,-0.06593407,-0.1,1.0,17.7
3.88,-0.06593407,-0.1,1.0,17.7
3.88,-0.06593407,-0.1,1.0,17.7
3.88,-0.06105006,-0.1,1.0,17.7
3.88,-0.056166057,-0.1,1.0,17.7
3.88,-0.056166057,-0.1,1.0,17.7
3.88,-0.051282052,-0.1,1.0,17.7
3.88,-0.046398047,-0.1,1.0,17.7
3.88,-0.041514043,-0.1,1.0,17.7
3.88,-0.03663004,-0.1,1.0,17.7
3.89,-0.031746034,-0.1,1.0,17.7
3.89,-0.031746034,-0.1,1.0,17.7
3.89,-0.026862027,-0.1,1.0,17.7
3.89,-0.021978023,-0.1,1.0,17.7
3.89,-0.017094018,-0.1,1.0,17.7
3.89,-0.012210012,-0.1,1.0,17.7
3.89,-0.0024420025,-0.1,1.0,17.7
3.89,0.0024420025,-0.1,1.0,17.7
3.89,0.0024420025,-0.1,1.0,17.7
3.89,0.0073260074,-0.1,1.0,17.7
3.89,0.012210012,-0.1,1.0,17.7
3.89,0.012210012,-0.1,1.0,17.7
3.9,0.017094018,-0.1,1.0,17.7
3.9,0.026862027,-0.1,1.0,17.7
3.9,0.026862027,-0.1,1.0,17.7
3.9,0.031746034,-0.1,1.0,17.7
3.9,0.03663004,-0.1,1.0,17.7
3.9,0.041514043,-0.1,1.0,17.7
3.9,0.046398047,-0.1,1.0,17.7
3.9,0.046398047,-0.1,1.0,17.7
3.9,0.051282052,-0.1,1.0,17.7
3.9,0.051282052,-0.1,1.0,17.7
3.91,0.056166057,-0.1,1.0,17.7
3.91,0.06593407,-0.1,1.0,17.7
3.91,0.07570208,-0.1,1.0,17.7
3.91,0.08058608,-0.1,1.1,17.6
3.91,0.08547009,-0.1,1.1,17.6
3.91,0.0952381,-0.1,1.1,17.6
3.91,0.105006106,-0.1,1.1,17.6
3.91,0.105006106,-0.1,1.1,17.6
3.91,0.105006106,-0.1,1.1,17.6
3.92,0.10989011,-0.1,1.1,17.6
3.92,0.11965812,-0.1,1.1,17.6
3.92,0.124542125,-0.1,1.1,17.6
3.92,0.12942614,-0.1,1.1,17.6
3.92,0.13919415,-0.1,1.1,17.6
3.92,0.13431014,-0.1,1.1,17.6
3.92,0.12942614,-0.1,1.1,17.6
3.92,0.13431014,-0.1,1.1,17.6
3.92,0.13919415,-0.1,1.1,17.6
3.92,0.13431014,-0.1,1.1,17.6
3.93,0.13919415,-0.1,1.1,17.6
3.93,0.13919415,-0.1,1.1,17.6
3.93,0.13919415,-0.1,1.1,17.6
3.93,0.13919415,-0.1,1.1,17.6
3.93,0.14407815,-0.1,1.1,17.6
3.93,0.13919415,-0.1,1.1,17.6
3.93,0.13919415,-0.1,1.1,17.6
3.93,0.13919415,-0.1,1.1,17.6
3.93,0.13431014,-0.1,1.1,17.6
3.93,0.13431014,-0.1,1.1,17.6
3.94,0.13431014,-0.1,1.1,17.7
3.94,0.12942614,-0.1,1.1,17.7
3.94,0.12942614,-0.1,1.1,17.7
3.94,0.12942614,-0.1,1.1,17.7
3.94,0.124542125,-0.1,1.1,17.7
3.94,0.124542125,-0.1,1.1,17.7
3.94,0.11965812,-0.1,1.1,17.7
3.94,0.114774115,-0.1,1.1,17.7
3.94,0.10989011,-0.1,1.1,17.7
3.94,0.10989011,-0.1,1.1,17.7
3.94,0.105006106,-0.1,1.1,17.7
3.95,0.10989011,-0.1,1.1,17.7
3.95,0.105006106,-0.1,1.2000000000000002,17.7
3.95,0.0952381,-0.1,1.2000000000000002,17.7
3.95,0.09035409,-0.1,1.2000000000000002,17.7
3.95,0.08547009,-0.1,1.2000000000000002,17.7
3.95,0.08547009,-0.1,1.2000000000000002,17.7
3.95,0.08547009,-0.1,1.2000000000000002,17.7
3.95,0.08058608,-0.1,1.2000000000000002,17.7
3.95,0.070818074,-0.1,1.2000000000000002,17.7
3.95,0.06593407,-0.1,1.2000000000000002,17.7
3.96,0.06593407,-0.1,1.2000000000000002,17.7
3.96,0.06593407,-0.1,1.2000000000000002,17.7
3.96,0.06105006,-0.1,1.2000000000000002,17.7
3.96,0.06105006,-0.1,1.2000000000000002,17.7
3.96,0.051282052,-0.1,1.2000000000000002,17.7
3.96,0.051282052,-0.1,1.2000000000000002,17.8
3.96,0.051282052,-0.1,1.2000000000000002,17.8
3.96,0.046398047,-0.1,1.2000000000000002,17.8
3.96,0.046398047,-0.1,1.2000000000000002,17.8
3.96,0.041514043,-0.1,1.2000000000000002,17.8
3.97,0.031746034,-0.1,1.2000000000000002,17.8
3.97,0.031746034,-0.1,1.2000000000000002,17.8
3.97,0.026862027,-0.1,1.2000000000000002,17.8
3.97,0.026862027,-0.1,1.2000000000000002,17.8
3.97,0.021978023,-0.1,1.2000000000000002,17.8
3.97,0.021978023,-0.1,1.2000000000000002,17.8
3.97,0.021978023,-0.1,1.2000000000000002,17.8
3.97,0.021978023,-0.1,1.2000000000000002,17.8
3.97,0.017094018,-0.1,1.3,17.8
3.97,0.017094018,-0.1,1.3,17.8
3.98,0.012210012,-0.1,1.3,17.8
3.98,0.012210012,-0.1,1.3,17.8
3.98,0.012210012,-0.1,1.3,17.8
3.98,0.017094018,-0.1,1.3,17.8
3.98,0.017094018,-0.1,1.3,17.8
3.98,0.017094018,-0.1,1.3,17.8
3.98,0.017094018,-0.1,1.3,17.8
3.98,0.017094018,-0.1,1.3,17.8
3.98,0.017094018,-0.1,1.3,17.8
3.98,0.012210012,-0.1,1.3,17.8
3.99,0.017094018,-0.1,1.3,17.8
3.99,0.021978023,-0.1,1.3,17.8
3.99,0.017094018,-0.1,1.3,17.8
3.99,0.017094018,-0.1,1.3,17.8
3.99,0.017094018,-0.1,1.3,17.8
3.99,0.017094018,-0.1,1.3,17.8
3.99,0.017094018,-0.1,1.3,17.8
3.99,0.017094018,-0.1,1.3,17.8
3.99,0.021978023,-0.1,1.3,17.8
3.99,0.021978023,-0.1,1.3,17.8
4.0,0.021978023,-0.1,1.3,17.8
4.0,0.021978023,-0.1,1.3,17.8
4.0,0.021978023,-0.1,1.3,17.8
4.0,0.026862027,-0.1,1.3,17.8
4.0,0.021978023,-0.1,1.3,17.8
4.0,0.026862027,-0.1,1.3,17.8
4.0,0.031746034,-0.1,1.3,17.8
4.0,0.031746034,-0.1,1.3,17.8
4.0,0.031746034,-0.1,1.3,17.8
4.0,0.031746034,-0.1,1.3,17.8
4.0,0.031746034,-0.1,1.3,17.8
4.01,0.03663004,-0.1,1.3,17.8
4.01,0.03663004,-0.1,1.3,17.8
4.01,0.041514043,-0.1,1.3,17.8
4.01,0.041514043,-0.1,1.3,17.8
4.01,0.041514043,-0.1,1.3,17.8
4.01,0.041514043,-0.1,1.3,17.8
4.01,0.046398047,-0.1,1.3,17.8
4.01,0.041514043,-0.1,1.3,17.8
4.01,0.051282052,-0.1,1.3,17.8
4.01,0.051282052,-0.1,1.3,17.8
4.02,0.051282052,-0.1,1.3,17.8
4.02,0.056166057,-0.1,1.3,17.8
4.02,0.06105006,-0.1,1.3,17.8
4.02,0.06105006,-0.1,1.3,17.8
4.02,0.06593407,-0.1,1.3,17.8
4.02,0.06593407,-0.1,1.3,17.8
4.02,0.070818074,-0.1,1.3,17.8
4.02,0.070818074,-0.1,1.3,17.8
4.02,0.070818074,-0.1,1.3,17.8
4.02,0.070818074,-0.1,1.3,17.8
4.02,0.07570208,-0.1,1.3,17.8
4.03,0.07570208,-0.1,1.3,17.8
4.03,0.07570208,-0.1,1.3,17.8
4.03,0.08058608,-0.1,1.3,17.8
4.03,0.08547009,-0.1,1.3,17.8
4.03,0.08547009,-0.1,1.3,17.8
4.03,0.08547009,-0.1,1.3,17.8
4.03,0.08547009,-0.1,1.3,17.8
4.03,0.08547009,-0.1,1.3,17.8
4.03,0.09035409,-0.1,1.3,17.8
4.03,0.09035409,-0.1,1.3,17.8
4.04,0.09035409,-0.1,1.3,17.8
4.04,0.09035409,-0.1,1.3,17.8
4.04,0.09035409,-0.1,1.3,17.8
4.04,0.08547009,-0.1,1.3,17.8
4.04,0.09035409,-0.1,1.3,17.8
4.04,0.09035409,-0.1,1.3,17.8
4.04,0.09035409,-0.1,1.3,17.8
4.04,0.09035409,-0.1,1.3,17.8
4.04,0.09035409,-0.1,1.3,17.8
4.04,0.09035409,-0.1,1.3,17.8
4.04,0.09035409,-0.1,1.3,17.8
4.05,0.08547009,-0.1,1.3,17.8
4.05,0.09035409,-0.1,1.3,17.8
4.05,0.08547009,-0.1,1.3,17.8
4.05,0.09035409,-0.1,1.3,17.8
4.05,0.09035409,-0.1,1.3,17.8
4.05,0.09035409,-0.1,1.3,17.8
4.05,0.08547009,-0.1,1.4000000000000001,17.7
4.05,0.08547009,-0.1,1.4000000000000001,17.7
4.05,0.08547009,-0.1,1.4000000000000001,17.7
4.05,0.08547009,-0.1,1.4000000000000001,17.7
4.06,0.08058608,-0.1,1.4000000000000001,17.7
4.06,0.08547009,-0.1,1.4000000000000001,17.7
4.06,0.08058608,-0.1,1.4000000000000001,17.7
4.06,0.07570208,-0.1,1.4000000000000001,17.7
4.06,0.08058608,-0.1,1.4000000000000001,17.7
4.06,0.08058608,-0.1,1.4000000000000001,17.7
4.06,0.07570208,-0.1,1.4000000000000001,17.7
4.06,0.08058608,-0.1,1.4000000000000001,17.7
4.06,0.07570208,-0.1,1.4000000000000001,17.7
4.06,0.07570208,-0.1,1.4000000000000001,17.8
4.07,0.08058608,-0.1,1.4000000000000001,17.8
4.07,0.08058608,-0.1,1.4000000000000001,17.8
4.07,0.08058608,-0.1,1.4000000000000001,17.8
4.07,0.07570208,-0.1,1.4000000000000001,17.8
4.07,0.07570208,-0.1,1.4000000000000001,17.8
4.07,0.08058608,-0.1,1.4000000000000001,17.8
4.07,0.07570208,-0.1,1.4000000000000001,17.8
4.07,0.07570208,-0.1,1.4000000000000001,17.8
4.07,0.08058608,-0.1,1.4000000000000001,17.8
4.07,0.070818074,-0.1,1.4000000000000001,17.8
4.08,0.070818074,-0.1,1.4000000000000001,17.8
4.08,0.070818074,-0.1,1.4000000000000001,17.8
4.08,0.07570208,-0.1,1.4000000000000001,17.7
4.08,0.07570208,-0.1,1.4000000000000001,17.7
4.08,0.070818074,-0.1,1.4000000000000001,17.7
4.08,0.07570208,-0.1,1.4000000000000001,17.7
4.08,0.07570208,-0.1,1.4000000000000001,17.7
4.08,0.070818074,-0.1,1.4000000000000001,17.7
4.08,0.070818074,-0.1,1.4000000000000001,17.7
4.08,0.07570208,-0.1,1.4000000000000001,17.7
4.08,0.07570208,-0.1,1.4000000000000001,17.7
4.09,0.07570208,-0.1,1.4000000000000001,17.7
4.09,0.070818074,-0.1,1.4000000000000001,17.7
4.09,0.07570208,-0.1,1.4000000000000001,17.7
4.09,0.070818074,-0.1,1.4000000000000001,17.7
4.09,0.070818074,-0.1,1.4000000000000001,17.7
4.09,0.07570208,-0.1,1.4000000000000001,17.7
4.09,0.070818074,-0.1,1.4000000000000001,17.7
4.09,0.06593407,-0.1,1.4000000000000001,17.7
4.09,0.070818074,-0.1,1.4000000000000001,17.7
4.1,0.07570208,-0.1,1.4000000000000001,17.7
4.1,0.070818074,-0.1,1.4000000000000001,17.7
4.1,0.070818074,-0.1,1.4000000000000001,17.7
4.1,0.070818074,-0.1,1.4000000000000001,17.7
4.1,0.06593407,-0.1,1.4000000000000001,17.7
4.1,0.06593407,-0.1,1.4000000000000001,17.7
4.1,0.070818074,-0.1,1.4000000000000001,17.7
4.1,0.070818074,-0.1,1.4000000000000001,17.7
4.1,0.070818074,-0.1,1.4000000000000001,17.7
4.1,0.070818074,-0.1,1.4000000000000001,17.7
4.11,0.06593407,-0.1,1.4000000000000001,17.7
4.11,0.06593407,-0.1,1.4000000000000001,17.7
4.11,0.06593407,-0.1,1.4000000000000001,17.7
4.11,0.06593407,-0.1,1.4000000000000001,17.7
4.11,0.06593407,-0.1,1.4000000000000001,17.7
4.11,0.06593407,-0.1,1.4000000000000001,17.7
4.11,0.06593407,-0.1,1.4000000000000001,17.7
4.11,0.06593407,-0.1,1.4000000000000001,17.7
4.11,0.06105006,-0.1,1.4000000000000001,17.7
4.11,0.056166057,-0.1,1.4000000000000001,17.7
4.11,0.06593407,-0.1,1.4000000000000001,17.7
4.12,0.06105006,-0.1,1.4000000000000001,17.7
4.12,0.06105006,-0.1,1.3,17.8
4.12,0.06593407,-0.1,1.3,17.8
4.12,0.06105006,-0.1,1.3,17.8
4.12,0.056166057,-0.1,1.3,17.8
4.12,0.056166057,-0.1,1.3,17.8
4.12,0.051282052,-0.1,1.3,17.8
4.12,0.056166057,-0.1,1.3,17.8
4.12,0.06105006,-0.1,1.3,17.8
4.12,0.06105006,-0.1,1.3,17.8
4.13,0.056166057,-0.1,1.3,17.8
4.13,0.051282052,-0.1,1.3,17.8
4.13,0.056166057,-0.1,1.3,17.8
4.13,0.046398047,-0.1,1.3,17.8
4.13,0.051282052,-0.1,1.3,17.8
4.13,0.056166057,-0.1,1.3,17.8
4.13,0.06105006,-0.1,1.3,17.8
4.13,0.051282052,-0.1,1.3,17.8
4.13,0.051282052,-0.1,1.3,17.8
4.13,0.051282052,-0.1,1.3,17.8
4.14,0.046398047,-0.1,1.3,17.8
4.14,0.051282052,-0.1,1.3,17.8
4.14,0.051282052,-0.1,1.3,17.8
4.14,0.051282052,-0.1,1.3,17.8
4.14,0.046398047,-0.1,1.3,17.8
4.14,0.046398047,-0.1,1.3,17.8
4.14,0.041514043,-0.1,1.3,17.8
4.14,0.046398047,-0.1,1.3,17.8
4.14,0.051282052,-0.1,1.3,17.8
4.14,0.051282052,-0.1,1.3,17.8
4.15,0.056166057,-0.1,1.3,17.8
4.15,0.051282052,-0.1,1.3,17.8
4.15,0.051282052,-0.1,1.3,17.8
4.15,0.051282052,-0.1,1.3,17.8
4.15,0.051282052,-0.1,1.3,17.8
4.15,0.051282052,-0.1,1.3,17.8
4.15,0.051282052,-0.1,1.3,17.8
4.15,0.056166057,-0.1,1.3,17.8
4.15,0.056166057,-0.1,1.3,17.8
4.15,0.056166057,-0.1,1.3,17.8
4.15,0.051282052,-0.1,1.3,17.8
4.16,0.051282052,-0.1,1.3,17.8
4.16,0.056166057,-0.1,1.3,17.8
4.16,0.056166057,-0.1,1.3,17.8
4.16,0.06105006,-0.1,1.3,17.8
4.16,0.06105006,-0.1,1.3,17.8
4.16,0.056166057,-0.1,1.3,17.8
4.16,0.06105006,-0.1,1.3,17.8
4.16,0.06105006,-0.1,1.3,17.8
4.16,0.070818074,-0.1,1.3,17.8
4.17,0.070818074,-0.1,1.3,17.8
4.17,0.070818074,-0.1,1.3,17.8
4.17,0.07570208,-0.1,1.3,17.8
4.17,0.08058608,-0.1,1.3,17.8
4.17,0.08058608,-0.1,1.3,17.8
4.17,0.08058608,-0.1,1.3,17.8
4.17,0.08058608,-0.1,1.3,17.8
4.17,0.08058608,-0.1,1.3,17.8
4.17,0.08547009,-0.1,1.3,17.8
4.17,0.08547009,-0.1,1.3,17.8
4.18,0.08547009,-0.1,1.3,17.8
4.18,0.09035409,-0.1,1.3,17.8
4.18,0.08547009,-0.1,1.3,17.8
4.18,0.09035409,-0.1,1.3,17.8
4.18,0.0952381,-0.1,1.3,17.8
4.18,0.0952381,-0.1,1.3,17.8
4.18,0.1001221,-0.1,1.3,17.8
4.18,0.0952381,-0.1,1.3,17.8
4.18,0.1001221,-0.1,1.3,17.8
4.18,0.1001221,-0.1,1.3,17.8
4.19,0.0952381,-0.1,1.3,17.8
4.19,0.1001221,-0.1,1.3,17.8
4.19,0.105006106,-0.1,1.3,17.8
4.19,0.105006106,-0.1,1.3,17.8
4.19,0.105006106,-0.1,1.3,17.8
4.19,0.114774115,-0.1,1.3,17.8
4.19,0.10989011,-0.1,1.3,17.8
4.19,0.10989011,-0.1,1.3,17.8
4.19,0.10989011,-0.1,1.3,17.8
4.19,0.10989011,-0.1,1.2000000000000002,17.8
4.19,0.10989011,-0.1,1.2000000000000002,17.8
4.2,0.114774115,-0.1,1.2000000000000002,17.8
4.2,0.11965812,-0.1,1.2000000000000002,17.8
4.2,0.114774115,-0.1,1.2000000000000002,17.8
4.2,0.114774115,-0.1,1.2000000000000002,17.8
4.2,0.11965812,-0.1,1.2000000000000002,17.8
4.2,0.114774115,-0.1,1.2000000000000002,17.8
4.2,0.11965812,-0.1,1.2000000000000002,17.8
4.2,0.11965812,-0.1,1.2000000000000002,17.8
4.2,0.11965812,-0.1,1.2000000000000002,17.8
4.2,0.124542125,-0.1,1.2000000000000002,17.8
4.21,0.124542125,-0.1,1.2000000000000002,17.8
4.21,0.11965812,-0.1,1.2000000000000002,17.8
4.21,0.11965812,-0.1,1.2000000000000002,17.8
4.21,0.124542125,-0.1,1.2000000000000002,17.8
4.21,0.124542125,-0.1,1.2000000000000002,17.8
4.21,0.124542125,-0.1,1.2000000000000002,17.8
4.21,0.12942614,-0.1,1.2000000000000002,17.8
4.21,0.11965812,-0.1,1.2000000000000002,17.8
4.21,0.124542125,-0.1,1.2000000000000002,17.8
4.21,0.124542125,-0.1,1.2000000000000002,17.8
4.21,0.124542125,-0.1,1.2000000000000002,17.8
4.22,0.12942614,-0.1,1.2000000000000002,17.8
4.22,0.11965812,-0.1,1.2000000000000002,17.8
4.22,0.12942614,-0.1,1.2000000000000002,17.8
4.22,0.11965812,-0.1,1.2000000000000002,17.8
4.22,0.11965812,-0.1,1.2000000000000002,17.8
4.22,0.124542125,-0.1,1.2000000000000002,17.8
4.22,0.124542125,-0.1,1.2000000000000002,17.8
4.22,0.124542125,-0.1,1.2000000000000002,17.8
4.22,0.124542125,-0.1,1.2000000000000002,17.8
4.22,0.11965812,-0.1,1.2000000000000002,17.8
4.23,0.11965812,-0.1,1.2000000000000002,17.8
4.23,0.11965812,-0.1,1.2000000000000002,17.8
4.23,0.114774115,-0.1,1.2000000000000002,17.8
4.23,0.11965812,-0.1,1.2000000000000002,17.8
4.23,0.11965812,-0.1,1.2000000000000002,17.8
4.23,0.114774115,-0.1,1.2000000000000002,17.8
4.23,0.114774115,-0.1,1.2000000000000002,17.8
4.23,0.114774115,-0.1,1.2000000000000002,17.8
4.23,0.10989011,-0.1,1.1,17.8
4.23,0.10989011,-0.1,1.1,17.8
4.24,0.10989011,-0.1,1.1,17.8
4.24,0.105006106,-0.1,1.1,17.8
4.24,0.10989011,-0.1,1.1,17.8
4.24,0.105006106,-0.1,1.1,17.8
4.24,0.105006106,-0.1,1.1,17.8
4.24,0.1001221,-0.1,1.1,17.8
4.24,0.1001221,-0.1,1.1,17.8
4.24,0.1001221,-0.1,1.1,17.8
4.24,0.1001221,-0.1,1.1,17.8
4.24,0.1001221,-0.1,1.1,17.8
4.24,0.1001221,-0.1,1.1,17.8
4.25,0.0952381,-0.1,1.1,17.8
4.25,0.09035409,-0.1,1.1,17.8
4.25,0.09035409,-0.1,1.1,17.8
4.25,0.09035409,-0.1,1.1,17.8
4.25,0.0952381,-0.1,1.1,17.8
4.25,0.0952381,-0.1,1.1,17.8
4.25,0.08547009,-0.1,1.1,17.8
4.25,0.08547009,-0.1,1.1,17.8
4.25,0.08547009,-0.1,1.1,17.8
4.25,0.08547009,-0.1,1.1,17.8
4.25,0.08547009,-0.1,1.1,17.8
4.26,0.08547009,-0.1,1.1,17.8
4.26,0.08547009,-0.1,1.1,17.8
4.26,0.08058608,-0.1,1.1,17.8
4.26,0.08058608,-0.1,1.0,17.900000000000002
4.26,0.08058608,-0.1,1.0,17.900000000000002
4.26,0.08547009,-0.1,1.0,17.900000000000002
4.26,0.08547009,-0.1,1.0,17.900000000000002
4.26,0.08547009,-0.1,1.0,17.900000000000002
4.26,0.08547009,-0.1,1.0,17.900000000000002
4.27,0.08058608,-0.1,1.0,17.900000000000002
4.27,0.08058608,-0.1,1.0,17.900000000000002
4.27,0.08547009,-0.1,1.0,17.900000000000002
4.27,0.09035409,-0.1,1.0,17.900000000000002
4.27,0.09035409,-0.1,1.0,17.900000000000002
4.27,0.08547009,-0.1,1.0,17.900000000000002
4.27,0.08547009,-0.1,1.0,17.900000000000002
4.27,0.08547009,-0.1,1.0,17.900000000000002
4.27,0.08547009,-0.1,1.0,17.900000000000002
4.28,0.09035409,-0.1,1.0,17.900000000000002
4.28,0.09035409,-0.1,1.0,17.900000000000002
4.28,0.09035409,-0.1,1.0,17.900000000000002
4.28,0.09035409,-0.1,1.0,17.900000000000002
4.28,0.09035409,-0.1,1.0,17.900000000000002
4.28,0.09035409,-0.1,1.0,17.900000000000002
4.28,0.1001221,-0.1,1.0,17.900000000000002
4.28,0.1001221,-0.1,1.0,17.900000000000002
4.28,0.0952381,-0.1,1.0,17.900000000000002
4.29,0.1001221,-0.1,1.1,17.900000000000002
4.29,0.105006106,-0.1,1.1,17.900000000000002
4.29,0.1001221,-0.1,1.1,17.900000000000002
4.29,0.105006106,-0.1,1.1,17.900000000000002
4.29,0.10989011,-0.1,1.1,17.900000000000002
4.29,0.10989011,-0.1,1.1,17.900000000000002
4.29,0.10989011,-0.1,1.1,17.900000000000002
4.29,0.114774115,-0.1,1.1,17.900000000000002
4.29,0.114774115,-0.1,1.1,17.900000000000002
4.3,0.11965812,-0.1,1.1,17.900000000000002
4.3,0.11965812,-0.1,1.1,17.900000000000002
4.3,0.124542125,-0.1,1.1,17.900000000000002
4.3,0.11965812,-0.1,1.1,17.900000000000002
4.3,0.124542125,-0.1,1.1,17.900000000000002
4.3,0.11965812,-0.1,1.1,17.900000000000002
4.3,0.124542125,-0.1,1.1,17.900000000000002
4.3,0.124542125,-0.1,1.1,17.900000000000002
4.3,0.124542125,-0.1,1.1,17.900000000000002
4.31,0.12942614,-0.1,1.1,17.900000000000002
4.31,0.12942614,-0.1,1.1,17.900000000000002
4.31,0.124542125,-0.1,1.1,17.900000000000002
4.31,0.12942614,-0.1,1.1,17.900000000000002
4.31,0.12942614,-0.1,1.1,17.900000000000002
4.31,0.13431014,-0.1,1.0,17.900000000000002
4.31,0.13431014,-0.1,1.0,17.900000000000002
4.32,0.13431014,-0.1,1.0,17.900000000000002
4.32,0.12942614,-0.1,1.0,17.900000000000002
4.32,0.13431014,-0.1,1.0,17.900000000000002
4.32,0.13919415,-0.1,1.0,17.900000000000002
4.32,0.13431014,-0.1,1.0,17.900000000000002
4.32,0.13919415,-0.1,1.0,17.900000000000002
4.32,0.13431014,-0.1,1.0,17.900000000000002
4.32,0.12942614,-0.1,1.0,17.900000000000002
4.32,0.13431014,-0.1,1.0,17.8
4.33,0.13431014,-0.1,1.0,17.8
4.33,0.13431014,-0.1,1.0,17.8
4.33,0.13431014,-0.1,1.0,17.8
4.33,0.12942614,-0.1,1.0,17.8
4.33,0.12942614,-0.1,1.0,17.8
4.33,0.12942614,-0.1,1.0,17.8
4.33,0.12942614,-0.1,1.0,17.8
4.33,0.13431014,-0.1,1.0,17.8
4.33,0.124542125,-0.1,1.0,17.8
4.34,0.124542125,-0.1,1.0,17.8
4.34,0.124542125,-0.1,1.0,17.8
4.34,0.11965812,-0.1,1.0,17.8
4.34,0.11965812,-0.1,1.0,17.8
4.34,0.11965812,-0.1,1.0,17.8
4.34,0.11965812,-0.1,1.0,17.8
4.34,0.11965812,-0.1,1.0,17.8
4.34,0.114774115,-0.1,1.0,17.8
4.34,0.114774115,-0.1,1.0,17.8
4.35,0.114774115,-0.1,1.0,17.8
4.35,0.11965812,-0.1,1.0,17.8
4.35,0.114774115,-0.1,1.0,17.8
4.35,0.124542125,-0.1,1.0,17.8
4.35,0.12942614,-0.1,1.0,17.8
4.35,0.124542125,-0.1,1.1,17.8
4.35,0.124542125,-0.1,1.1,17.8
4.35,0.124542125,-0.1,1.1,17.8
4.35,0.13919415,-0.1,1.1,17.8
4.36,0.13919415,-0.1,1.1,17.8
4.36,0.14407815,-0.1,1.1,17.8
4.36,0.13431014,-0.1,1.1,17.8
4.36,0.13919415,-0.1,1.1,17.8
4.36,0.14407815,-0.1,1.1,17.8
4.36,0.14896215,-0.1,1.1,17.8
4.36,0.15384616,-0.1,1.1,17.8
4.36,0.15384616,-0.1,1.1,17.8
4.36,0.14896215,-0.1,1.1,17.8
4.36,0.15384616,-0.1,1.1,17.8
4.37,0.15384616,-0.1,1.1,17.8
4.37,0.15873016,-0.1,1.1,17.8
4.37,0.15384616,-0.1,1.1,17.8
4.37,0.15384616,-0.1,1.1,17.8
4.37,0.15384616,-0.1,1.1,17.8
4.37,0.15384616,-0.1,1.1,17.8
4.37,0.14896215,-0.1,1.1,17.8
4.37,0.14896215,-0.1,1.1,17.8
4.37,0.14896215,-0.1,1.1,17.8
4.37,0.14407815,-0.1,1.1,17.8
4.38,0.14407815,-0.1,1.1,17.8
4.38,0.14407815,-0.1,1.1,17.7
4.38,0.13431014,-0.1,1.1,17.7
4.38,0.13431014,-0.1,1.1,17.7
4.38,0.124542125,-0.1,1.1,17.7
4.38,0.124542125,-0.1,1.1,17.7
4.38,0.124542125,-0.1,1.1,17.7
4.38,0.11965812,-0.1,1.1,17.7
4.38,0.114774115,-0.1,1.1,17.7
4.39,0.10989011,-0.1,1.1,17.7
4.39,0.105006106,-0.1,1.1,17.7
4.39,0.0952381,-0.1,1.1,17.7
4.39,0.09035409,-0.1,1.2000000000000002,17.7
4.39,0.0952381,-0.1,1.2000000000000002,17.7
4.39,0.08547009,-0.1,1.2000000000000002,17.7
4.39,0.08058608,-0.1,1.2000000000000002,17.7
4.39,0.08058608,-0.1,1.2000000000000002,17.7
4.39,0.07570208,-0.1,1.2000000000000002,17.7
4.4,0.070818074,-0.1,1.2000000000000002,17.7
4.4,0.070818074,-0.1,1.2000000000000002,17.7
4.4,0.070818074,-0.1,1.2000000000000002,17.7
4.4,0.06105006,-0.1,1.2000000000000002,17.7
4.4,0.06593407,-0.1,1.2000000000000002,17.7
4.4,0.056166057,-0.1,1.2000000000000002,17.7
4.4,0.06105006,0.1,1.2000000000000002,17.7
4.4,0.06105006,0.1,1.2000000000000002,17.7
4.4,0.056166057,0.1,1.2000000000000002,17.7
4.41,0.051282052,0.1,1.2000000000000002,17.7
4.41,0.051282052,0.1,1.2000000000000002,17.7
4.41,0.046398047,0.1,1.2000000000000002,17.7
4.41,0.051282052,0.1,1.2000000000000002,17.7
4.41,0.051282052,0.1,1.2000000000000002,17.7
4.41,0.051282052,0.1,1.2000000000000002,17.7
4.41,0.046398047,0.1,1.2000000000000002,17.7
4.41,0.046398047,0.1,1.2000000000000002,17.7
4.41,0.046398047,0.1,1.2000000000000002,17.7
4.42,0.051282052,0.1,1.2000000000000002,17.7
4.42,0.051282052,0.1,1.2000000000000002,17.7
4.42,0.051282052,0.1,1.2000000000000002,17.7
4.42,0.051282052,0.1,1.2000000000000002,17.7
4.42,0.051282052,0.1,1.2000000000000002,17.7
4.42,0.051282052,0.1,1.2000000000000002,17.7
4.42,0.056166057,0.1,1.2000000000000002,17.7
4.42,0.056166057,0.1,1.2000000000000002,17.7
4.42,0.06593407,0.1,1.2000000000000002,17.7
4.42,0.06593407,0.1,1.2000000000000002,17.7
4.43,0.06593407,0.1,1.2000000000000002,17.7
4.43,0.070818074,0.1,1.2000000000000002,17.7
4.43,0.070818074,0.1,1.2000000000000002,17.7
4.43,0.070818074,0.1,1.1,17.7
4.43,0.07570208,0.1,1.1,17.7
4.43,0.08547009,0.1,1.1,17.7
4.43,0.09035409,0.1,1.1,17.7
4.43,0.09035409,0.1,1.1,17.7
4.43,0.09035409,0.1,1.1,17.7
4.43,0.0952381,0.1,1.1,17.7
4.44,0.0952381,0.1,1.1,17.7
4.44,0.1001221,0.1,1.1,17.7
4.44,0.1001221,0.1,1.1,17.7
4.44,0.10989011,0.1,1.1,17.7
4.44,0.11965812,0.1,1.1,17.7
4.44,0.10989011,0.1,1.1,17.7
4.44,0.10989011,0.1,1.1,17.7
4.44,0.11965812,0.1,1.1,17.7
4.44,0.11965812,0.1,1.1,17.7
4.44,0.11965812,0.1,1.1,17.7
4.45,0.124542125,0.1,1.1,17.7
4.45,0.12942614,0.1,1.1,17.7
4.45,0.13431014,0.1,1.1,17.7
4.45,0.13919415,0.1,1.1,17.7
4.45,0.13431014,0.1,1.1,17.7
4.45,0.13919415,0.1,1.1,17.7
4.45,0.14407815,0.1,1.1,17.7
4.45,0.14407815,0.1,1.1,17.7
4.45,0.14896215,0.1,1.0,17.7
4.46,0.14896215,0.1,1.0,17.7
4.46,0.15384616,0.1,1.0,17.7
4.46,0.14896215,0.1,1.0,17.7
4.46,0.15384616,0.1,1.0,17.7
4.46,0.15384616,0.1,1.0,17.7
4.46,0.16361417,0.1,1.0,17.7
4.46,0.15873016,0.1,1.0,17.7
4.46,0.15384616,0.1,1.0,17.7
4.47,0.15873016,0.1,1.0,17.7
4.47,0.15384616,0.1,1.0,17.7
4.47,0.15873016,0.1,1.0,17.7
4.47,0.15873016,0.1,1.0,17.7
4.47,0.15873016,0.1,1.0,17.7
4.47,0.15873016,0.1,1.0,17.7
4.47,0.15873016,0.1,1.0,17.7
4.47,0.15384616,0.1,1.0,17.7
4.47,0.15384616,0.1,1.0,17.7
4.48,0.15384616,0.1,1.0,17.7
4.48,0.15384616,0.1,1.0,17.7
4.48,0.15384616,0.1,1.0,17.7
4.48,0.14896215,0.1,1.0,17.7
4.48,0.15384616,0.1,0.9,17.7
4.48,0.14896215,0.1,0.9,17.7
4.48,0.14896215,0.1,0.9,17.7
4.48,0.14407815,0.1,0.9,17.7
4.48,0.14407815,0.1,0.9,17.7
4.49,0.13919415,0.1,0.9,17.7
4.49,0.13919415,0.1,0.9,17.7
4.49,0.13919415,0.1,0.9,17.7
4.49,0.14407815,0.1,0.9,17.7
4.49,0.14896215,0.1,0.9,17.7
4.49,0.13919415,0.1,0.9,17.7
4.49,0.13919415,0.1,0.9,17.7
4.49,0.14407815,0.1,0.9,17.8
4.49,0.13919415,0.1,0.9,17.8
4.5,0.13919415,0.1,0.9,17.8
4.5,0.14407815,0.1,0.9,17.8
4.5,0.13919415,0.1,0.9,17.8
4.5,0.13431014,0.1,0.9,17.8
4.5,0.13919415,0.1,0.9,17.8
4.5,0.14407815,0.1,0.9,17.8
4.5,0.13919415,0.1,0.9,17.8
4.5,0.13919415,0.1,0.9,17.8
4.51,0.13919415,0.1,0.9,17.8
4.51,0.13431014,0.1,0.9,17.8
4.51,0.13431014,0.1,0.9,17.8
4.51,0.13431014,0.1,0.9,17.8
4.51,0.13431014,0.1,0.9,17.8
4.51,0.13919415,0.1,0.9,17.8
4.51,0.12942614,0.1,0.9,17.8
4.51,0.124542125,0.1,0.9,17.8
4.51,0.11965812,0.1,0.9,17.8
4.51,0.10989011,0.1,0.9,17.8
4.51,0.105006106,0.1,0.9,17.8
4.52,0.1001221,0.1,0.9,17.8
4.52,0.0952381,0.1,0.9,17.8
4.52,0.09035409,0.1,0.9,17.8
4.52,0.08058608,0.1,0.9,17.8
4.52,0.070818074,0.1,0.9,17.8
4.52,0.056166057,0.1,0.9,17.8
4.52,0.056166057,0.1,0.9,17.8
4.52,0.051282052,0.1,0.9,17.8
4.52,0.046398047,0.1,0.9,17.8
4.52,0.03663004,0.1,0.9,17.8
4.52,0.026862027,0.1,0.9,17.8
4.53,0.026862027,0.1,0.9,17.8
4.53,0.021978023,0.1,0.9,17.8
4.53,0.012210012,0.1,0.9,17.8
4.53,0.012210012,0.1,0.9,17.8
4.53,0.0024420025,0.1,0.9,17.8
4.53,0.0073260074,0.1,0.9,17.8
4.53,0.0073260074,0.1,0.9,17.8
4.53,0.0024420025,0.1,0.9,17.8
4.53,0.0024420025,0.1,0.9,17.8
4.53,0.0024420025,0.1,0.9,17.8
4.54,-0.0024420025,0.1,0.9,17.8
4.54,0.0024420025,0.1,0.9,17.8
4.54,0.0073260074,0.1,0.9,17.8
4.54,-0.0024420025,0.1,0.9,17.8
4.54,-0.0024420025,0.1,0.9,17.8
4.54,-0.0024420025,0.1,0.9,17.8
4.54,-0.0024420025,0.1,0.9,17.8
4.54,0.0024420025,0.1,0.9,17.8
4.54,0.0024420025,0.1,0.9,17.8
4.54,0.0024420025,0.1,0.9,17.8
4.55,0.0024420025,0.1,0.8,17.900000000000002
4.55,0.0073260074,0.1,0.8,17.900000000000002
4.55,0.012210012,0.1,0.8,17.900000000000002
4.55,0.012210012,0.1,0.8,17.900000000000002
4.55,0.017094018,0.1,0.8,17.900000000000002
4.55,0.017094018,0.1,0.8,17.900000000000002
4.55,0.021978023,0.1,0.8,17.900000000000002
4.55,0.021978023,0.1,0.8,17.900000000000002
4.55,0.026862027,0.1,0.8,17.900000000000002
4.55,0.026862027,0.1,0.8,17.900000000000002
4.55,0.03663004,0.1,0.8,17.900000000000002
4.56,0.031746034,0.1,0.8,17.900000000000002
4.56,0.031746034,0.1,0.8,17.900000000000002
4.56,0.046398047,0.1,0.8,17.900000000000002
4.56,0.03663004,0.1,0.8,17.900000000000002
4.56,0.041514043,0.1,0.8,17.900000000000002
4.56,0.046398047,0.1,0.8,17.900000000000002
4.56,0.051282052,0.1,0.8,17.900000000000002
4.56,0.056166057,0.1,0.8,17.900000000000002
4.57,0.06593407,0.1,0.8,17.900000000000002
4.57,0.070818074,0.1,0.8,17.900000000000002
4.57,0.070818074,0.1,0.8,17.900000000000002
4.57,0.07570208,0.1,0.8,17.900000000000002
4.57,0.07570208,0.1,0.8,17.900000000000002
4.57,0.08058608,0.1,0.8,17.900000000000002
4.57,0.08547009,0.1,0.7000000000000001,17.900000000000002
4.57,0.0952381,0.1,0.7000000000000001,17.900000000000002
4.57,0.0952381,0.1,0.7000000000000001,17.900000000000002
4.57,0.1001221,0.1,0.7000000000000001,17.900000000000002
4.58,0.1001221,0.1,0.7000000000000001,17.900000000000002
4.58,0.10989011,0.1,0.7000000000000001,17.900000000000002
4.58,0.105006106,0.1,0.7000000000000001,17.900000000000002
4.58,0.105006106,0.1,0.7000000000000001,17.900000000000002
4.58,0.10989011,0.1,0.7000000000000001,17.900000000000002
4.58,0.114774115,0.1,0.7000000000000001,17.900000000000002
4.58,0.114774115,0.1,0.7000000000000001,17.900000000000002
4.58,0.124542125,0.1,0.7000000000000001,17.900000000000002
4.58,0.11965812,0.1,0.7000000000000001,17.900000000000002
4.58,0.11965812,0.1,0.7000000000000001,17.8
4.58,0.124542125,0.1,0.7000000000000001,17.8
4.59,0.124542125,0.1,0.7000000000000001,17.8
4.59,0.12942614,0.1,0.7000000000000001,17.8
4.59,0.12942614,0.1,0.7000000000000001,17.8
4.59,0.12942614,0.1,0.7000000000000001,17.8
4.59,0.12942614,0.1,0.7000000000000001,17.8
4.59,0.13431014,0.1,0.7000000000000001,17.8
4.59,0.13431014,0.1,0.7000000000000001,17.8
4.59,0.13431014,0.1,0.7000000000000001,17.8
4.59,0.12942614,0.1,0.7000000000000001,17.8
4.59,0.12942614,0.1,0.7000000000000001,17.8
4.6,0.12942614,0.1,0.7000000000000001,17.8
4.6,0.12942614,0.1,0.7000000000000001,17.8
4.6,0.12942614,0.1,0.7000000000000001,17.8
4.6,0.13431014,0.1,0.7000000000000001,17.8
4.6,0.13431014,0.1,0.7000000000000001,17.8
4.6,0.12942614,0.1,0.7000000000000001,17.8
4.6,0.12942614,0.1,0.7000000000000001,17.8
4.6,0.12942614,0.1,0.7000000000000001,17.8
4.6,0.12942614,0.1,0.7000000000000001,17.8
4.6,0.12942614,0.1,0.7000000000000001,17.8
4.61,0.12942614,0.1,0.7000000000000001,17.8
4.61,0.13431014,0.1,0.7000000000000001,17.8
4.61,0.12942614,0.1,0.7000000000000001,17.8
4.61,0.12942614,0.1,0.7000000000000001,17.8
4.61,0.12942614,0.1,0.7000000000000001,17.8
4.61,0.12942614,0.1,0.7000000000000001,17.7
4.61,0.12942614,0.1,0.7000000000000001,17.7
4.61,0.12942614,0.1,0.7000000000000001,17.7
4.61,0.13431014,0.1,0.7000000000000001,17.7
4.61,0.13431014,0.1,0.7000000000000001,17.7
4.61,0.13431014,0.1,0.7000000000000001,17.7
4.62,0.13919415,0.1,0.7000000000000001,17.7
4.62,0.13431014,0.1,0.7000000000000001,17.7
4.62,0.13431014,0.1,0.7000000000000001,17.7
4.62,0.13919415,0.1,0.7000000000000001,17.7
4.62,0.12942614,0.1,0.7000000000000001,17.7
4.62,0.12942614,0.1,0.7000000000000001,17.7
4.62,0.12942614,0.1,0.7000000000000001,17.7
4.62,0.124542125,0.1,0.7000000000000001,17.7
4.62,0.124542125,0.1,0.7000000000000001,17.7
4.63,0.11965812,0.1,0.7000000000000001,17.7
4.63,0.10989011,0.1,0.7000000000000001,17.7
4.63,0.10989011,0.1,0.7000000000000001,17.7
4.63,0.0952381,0.1,0.7000000000000001,17.7
4.63,0.0952381,0.1,0.7000000000000001,17.7
4.63,0.08547009,0.1,0.7000000000000001,17.7
4.63,0.08058608,0.1,0.7000000000000001,17.7
4.63,0.08058608,0.1,0.7000000000000001,17.7
4.63,0.06593407,0.1,0.7000000000000001,17.7
4.63,0.056166057,0.1,0.7000000000000001,17.7
4.63,0.046398047,0.1,0.7000000000000001,17.7
4.64,0.03663004,0.1,0.7000000000000001,17.7
4.64,0.031746034,0.1,0.6000000000000001,17.7
4.64,0.021978023,0.1,0.6000000000000001,17.7
4.64,0.017094018,0.1,0.6000000000000001,17.7
4.64,0.0024420025,0.1,0.6000000000000001,17.7
4.64,-0.0024420025,0.1,0.6000000000000001,17.7
4.64,-0.0073260074,0.1,0.6000000000000001,17.7
4.64,-0.012210012,0.1,0.6000000000000001,17.7
4.64,-0.017094018,0.1,0.6000000000000001,17.7
4.64,-0.021978023,0.1,0.6000000000000001,17.7
4.64,-0.021978023,0.1,0.6000000000000001,17.7
4.65,-0.021978023,0.1,0.6000000000000001,17.7
4.65,-0.021978023,0.1,0.6000000000000001,17.7
4.65,-0.031746034,0.1,0.6000000000000001,17.7
4.65,-0.031746034,0.1,0.6000000000000001,17.7
4.65,-0.03663004,0.1,0.6000000000000001,17.7
4.71,-0.03663004,0.1,0.6000000000000001,17.7
4.71,0.18803419,-0.1,0.5,17.7
4.71,0.18803419,-0.1,0.4,17.8
4.72,0.18315019,-0.1,0.4,17.8
4.72,0.18315019,-0.1,0.4,17.8
4.72,0.17826618,-0.1,0.4,17.8
4.72,0.17826618,-0.1,0.4,17.8
4.72,0.17826618,-0.1,0.4,17.8
4.72,0.17826618,-0.1,0.4,17.8
4.72,0.17338218,-0.1,0.4,17.8
4.72,0.16361417,-0.1,0.4,17.8
4.72,0.16361417,-0.1,0.4,17.8
4.73,0.16849817,-0.1,0.4,17.8
4.73,0.15873016,-0.2,0.4,17.8
4.73,0.15873016,-0.2,0.4,17.8
4.73,0.15384616,-0.2,0.4,17.8
4.73,0.14896215,-0.2,0.4,17.8
4.73,0.15384616,-0.2,0.4,17.8
4.73,0.14896215,-0.2,0.4,17.8
4.73,0.13919415,-0.2,0.4,17.8
4.74,0.13919415,-0.2,0.4,17.8
4.74,0.13431014,-0.2,0.4,17.8
4.74,0.12942614,-0.2,0.4,17.8
4.74,0.12942614,-0.2,0.4,17.8
4.74,0.124542125,-0.2,0.4,17.8
4.74,0.124542125,-0.2,0.30000000000000004,17.900000000000002
4.74,0.114774115,-0.2,0.30000000000000004,17.900000000000002
4.74,0.114774115,-0.2,0.30000000000000004,17.900000000000002
4.74,0.105006106,-0.2,0.30000000000000004,17.900000000000002
4.75,0.105006106,-0.2,0.30000000000000004,17.900000000000002
4.75,0.1001221,-0.2,0.30000000000000004,17.900000000000002
4.75,0.0952381,-0.2,0.30000000000000004,17.900000000000002
4.75,0.09035409,-0.2,0.30000000000000004,17.900000000000002
4.75,0.08058608,-0.2,0.30000000000000004,17.900000000000002
4.75,0.08058608,-0.2,0.30000000000000004,17.900000000000002
4.75,0.07570208,-0.2,0.30000000000000004,17.900000000000002
4.75,0.07570208,-0.2,0.30000000000000004,17.900000000000002
4.76,0.08058608,-0.2,0.30000000000000004,17.900000000000002
4.76,0.070818074,-0.2,0.30000000000000004,17.900000000000002
4.76,0.070818074,-0.2,0.30000000000000004,17.900000000000002
4.76,0.070818074,-0.2,0.30000000000000004,17.900000000000002
4.76,0.070818074,-0.2,0.30000000000000004,17.900000000000002
4.76,0.070818074,-0.2,0.30000000000000004,17.900000000000002
4.76,0.06593407,-0.2,0.30000000000000004,17.900000000000002
4.76,0.06593407,-0.2,0.30000000000000004,17.900000000000002
4.76,0.06593407,-0.2,0.30000000000000004,17.900000000000002
4.76,0.06105006,-0.2,0.30000000000000004,17.900000000000002
4.77,0.06105006,-0.2,0.30000000000000004,17.900000000000002
4.77,0.06593407,-0.30000000000000004,0.2,18.0
4.77,0.06593407,-0.30000000000000004,0.2,18.0
4.77,0.06105006,-0.30000000000000004,0.2,18.0
4.77,0.06593407,-0.30000000000000004,0.2,18.0
4.77,0.06105006,-0.30000000000000004,0.2,18.0
4.77,0.06105006,-0.30000000000000004,0.2,18.0
4.77,0.06593407,-0.30000000000000004,0.2,18.0
4.77,0.070818074,-0.30000000000000004,0.2,18.0
4.77,0.070818074,-0.30000000000000004,0.2,18.0
4.78,0.06593407,-0.30000000000000004,0.2,18.0
4.78,0.06593407,-0.30000000000000004,0.2,18.0
4.78,0.06593407,-0.30000000000000004,0.2,18.0
4.78,0.06593407,-0.30000000000000004,0.2,18.0
4.78,0.070818074,-0.30000000000000004,0.2,17.900000000000002
4.78,0.07570208,-0.30000000000000004,0.2,17.900000000000002
4.78,0.070818074,-0.30000000000000004,0.2,17.900000000000002
4.78,0.07570208,-0.30000000000000004,0.2,17.900000000000002
4.78,0.070818074,-0.30000000000000004,0.2,17.900000000000002
4.78,0.070818074,-0.30000000000000004,0.2,17.900000000000002
4.79,0.07570208,-0.30000000000000004,0.2,17.900000000000002
4.79,0.07570208,-0.30000000000000004,0.2,17.900000000000002
4.79,0.08058608,-0.30000000000000004,0.2,17.900000000000002
4.79,0.07570208,-0.30000000000000004,0.2,17.900000000000002
4.79,0.08058608,-0.30000000000000004,0.2,17.900000000000002
4.79,0.08058608,-0.30000000000000004,0.2,17.900000000000002
4.79,0.08058608,-0.30000000000000004,0.2,17.900000000000002
4.79,0.08547009,-0.30000000000000004,0.2,18.0
4.79,0.08547009,-0.30000000000000004,0.2,18.0
4.79,0.08547009,-0.30000000000000004,0.2,18.0
4.8,0.08547009,-0.30000000000000004,0.2,18.0
4.8,0.09035409,-0.30000000000000004,0.2,18.0
4.8,0.0952381,-0.30000000000000004,0.2,18.0
4.8,0.0952381,-0.30000000000000004,0.2,18.0
4.8,0.0952381,-0.30000000000000004,0.2,18.0
4.8,0.0952381,-0.30000000000000004,0.2,18.0
4.8,0.0952381,-0.30000000000000004,0.2,18.0
4.8,0.0952381,-0.30000000000000004,0.2,18.0
4.8,0.0952381,-0.30000000000000004,0.2,18.0
4.8,0.1001221,-0.30000000000000004,0.2,18.0
4.81,0.105006106,-0.30000000000000004,0.2,18.0
4.81,0.105006106,-0.30000000000000004,0.2,18.0
4.81,0.105006106,-0.30000000000000004,0.2,18.0
4.81,0.10989011,-0.30000000000000004,0.2,18.0
4.81,0.10989011,-0.30000000000000004,0.2,18.0
4.81,0.10989011,-0.30000000000000004,0.2,18.0
4.81,0.114774115,-0.30000000000000004,0.2,18.0
4.81,0.11965812,-0.30000000000000004,0.2,18.0
4.82,0.11965812,-0.30000000000000004,0.2,18.0
4.82,0.114774115,-0.30000000000000004,0.2,18.0
4.82,0.114774115,-0.30000000000000004,0.2,18.0
4.82,0.114774115,-0.30000000000000004,0.1,18.0
4.82,0.11965812,-0.30000000000000004,0.1,18.0
4.82,0.114774115,-0.30000000000000004,0.1,18.0
4.82,0.11965812,-0.30000000000000004,0.1,18.0
4.82,0.11965812,-0.30000000000000004,0.1,18.0
4.82,0.11965812,-0.30000000000000004,0.1,18.0
4.82,0.11965812,-0.30000000000000004,0.1,18.0
4.83,0.114774115,-0.30000000000000004,0.1,18.0
4.83,0.11965812,-0.30000000000000004,0.1,18.0
4.83,0.11965812,-0.30000000000000004,0.1,18.0
4.83,0.11965812,-0.30000000000000004,0.1,18.0
4.83,0.11965812,-0.30000000000000004,0.1,18.0
4.83,0.114774115,-0.30000000000000004,0.1,18.0
4.83,0.10989011,-0.30000000000000004,0.1,18.0
4.83,0.10989011,-0.30000000000000004,0.1,18.0
4.83,0.114774115,-0.30000000000000004,0.1,18.0
4.83,0.10989011,-0.30000000000000004,0.1,18.0
4.84,0.114774115,-0.30000000000000004,0.1,18.0
4.84,0.10989011,-0.30000000000000004,0.1,18.0
4.84,0.114774115,-0.30000000000000004,0.1,18.0
4.84,0.10989011,-0.30000000000000004,0.1,18.0
4.84,0.10989011,-0.30000000000000004,0.1,18.0
4.84,0.10989011,-0.30000000000000004,0.1,18.0
4.84,0.105006106,-0.30000000000000004,0.1,18.0
4.84,0.10989011,-0.30000000000000004,0.1,18.0
4.84,0.10989011,-0.30000000000000004,0.1,18.0
4.84,0.105006106,-0.30000000000000004,0.1,17.900000000000002
4.84,0.105006106,-0.30000000000000004,0.1,17.900000000000002
4.85,0.10989011,-0.30000000000000004,0.1,17.900000000000002
4.85,0.105006106,-0.30000000000000004,0.1,17.900000000000002
4.85,0.105006106,-0.30000000000000004,0.1,17.900000000000002
4.85,0.105006106,-0.30000000000000004,0.1,17.900000000000002
4.85,0.105006106,-0.30000000000000004,0.1,17.900000000000002
4.85,0.105006106,-0.30000000000000004,0.1,17.900000000000002
4.85,0.10989011,-0.30000000000000004,0.1,17.900000000000002
4.85,0.10989011,-0.30000000000000004,0.1,17.900000000000002
4.85,0.105006106,-0.30000000000000004,0.1,17.900000000000002
4.86,0.105006106,-0.30000000000000004,0.1,17.900000000000002
4.86,0.105006106,-0.30000000000000004,0.1,17.900000000000002
4.86,0.105006106,-0.30000000000000004,0.1,17.900000000000002
4.86,0.105006106,-0.30000000000000004,0.1,17.900000000000002
4.86,0.1001221,-0.30000000000000004,0.1,17.900000000000002
4.86,0.105006106,-0.30000000000000004,0.1,17.900000000000002
4.86,0.105006106,-0.30000000000000004,0.1,17.900000000000002
4.86,0.105006106,-0.30000000000000004,0.1,17.900000000000002
4.86,0.105006106,-0.30000000000000004,0.1,17.900000000000002
4.86,0.105006106,-0.30000000000000004,0.1,17.900000000000002
4.86,0.10989011,-0.30000000000000004,0.1,17.900000000000002
4.87,0.1001221,-0.30000000000000004,0.1,17.900000000000002
4.87,0.105006106,-0.30000000000000004,0.1,17.900000000000002
4.87,0.105006106,-0.30000000000000004,0.1,17.900000000000002
4.87,0.1001221,-0.30000000000000004,0.1,17.900000000000002
4.87,0.1001221,-0.30000000000000004,0.1,17.900000000000002
4.87,0.105006106,-0.4,0.1,17.900000000000002
4.87,0.105006106,-0.4,0.1,17.900000000000002
4.87,0.1001221,-0.4,0.1,17.900000000000002
4.87,0.1001221,-0.4,0.1,17.900000000000002
4.87,0.105006106,-0.4,0.1,17.900000000000002
4.87,0.1001221,-0.4,0.1,17.900000000000002
4.88,0.105006106,-0.4,0.1,17.900000000000002
4.88,0.105006106,-0.4,0.1,17.900000000000002
4.88,0.105006106,-0.4,0.1,17.900000000000002
4.88,0.105006106,-0.4,0.1,17.900000000000002
4.88,0.105006106,-0.4,0.1,17.900000000000002
4.88,0.105006106,-0.4,0.1,17.900000000000002
4.88,0.10989011,-0.4,0.1,17.900000000000002
4.88,0.10989011,-0.4,0.1,17.900000000000002
4.88,0.10989011,-0.4,0.1,17.900000000000002
4.89,0.10989011,-0.4,0.1,17.900000000000002
4.89,0.105006106,-0.4,0.1,17.900000000000002
4.89,0.105006106,-0.4,0.1,17.900000000000002
4.89,0.105006106,-0.4,0.1,17.900000000000002
4.89,0.10989011,-0.4,0.1,17.900000000000002
4.89,0.10989011,-0.4,0.1,17.900000000000002
4.89,0.10989011,-0.4,0.1,17.900000000000002
4.89,0.114774115,-0.4,0.1,17.900000000000002
4.89,0.11965812,-0.4,0.1,17.900000000000002
4.89,0.114774115,-0.4,0.1,17.900000000000002
4.89,0.114774115,-0.4,0.1,17.900000000000002
4.9,0.10989011,-0.4,0.1,17.900000000000002
4.9,0.10989011,-0.4,0.1,17.900000000000002
4.9,0.114774115,-0.4,0.1,17.900000000000002
4.9,0.114774115,-0.4,0.1,17.900000000000002
4.9,0.11965812,-0.4,0.1,17.900000000000002
4.9,0.114774115,-0.4,0.1,17.900000000000002
4.9,0.10989011,-0.4,0.1,17.900000000000002
4.9,0.114774115,-0.4,0.1,17.900000000000002
4.9,0.114774115,-0.4,0.1,17.900000000000002
4.9,0.114774115,-0.4,0.1,17.900000000000002
4.91,0.114774115,-0.4,0.1,17.900000000000002
4.91,0.10989011,-0.4,0.1,17.900000000000002
4.91,0.105006106,-0.4,0.1,17.900000000000002
4.91,0.10989011,-0.4,0.1,17.900000000000002
4.91,0.105006106,-0.4,0.1,17.900000000000002
4.91,0.10989011,-0.4,0.1,17.900000000000002
4.91,0.105006106,-0.4,0.1,17.900000000000002
4.91,0.105006106,-0.4,0.1,17.900000000000002
4.91,0.105006106,-0.4,0.1,17.900000000000002
4.92,0.1001221,-0.4,0.1,17.900000000000002
4.92,0.1001221,-0.4,0.1,17.900000000000002
4.92,0.1001221,-0.4,0.1,17.900000000000002
4.92,0.10989011,-0.4,0.1,17.900000000000002
4.92,0.10989011,-0.4,0.1,17.900000000000002
4.92,0.105006106,-0.4,0.1,17.900000000000002
4.92,0.105006106,-0.4,0.1,18.0
4.92,0.10989011,-0.4,0.1,18.0
4.93,0.10989011,-0.4,0.1,18.0
4.93,0.10989011,-0.4,0.1,18.0
4.93,0.114774115,-0.4,0.1,18.0
4.93,0.10989011,-0.4,0.1,18.0
4.93,0.10989011,-0.4,0.1,18.0
4.93,0.105006106,-0.4,0.1,18.0
4.93,0.10989011,-0.4,0.1,18.0
4.93,0.10989011,-0.4,0.1,18.0
4.93,0.114774115,-0.4,0.1,18.0
4.93,0.11965812,-0.4,0.1,18.0
4.94,0.10989011,-0.4,0.1,18.0
4.94,0.10989011,-0.4,0.1,18.0
4.94,0.10989011,-0.4,0.1,18.0
4.94,0.10989011,-0.4,0.1,18.0
4.94,0.114774115,-0.4,0.1,18.0
4.94,0.11965812,-0.4,0.1,18.0
4.94,0.114774115,-0.4,0.1,18.0
4.94,0.10989011,-0.4,0.1,18.0
4.95,0.114774115,-0.4,0.1,18.0
4.95,0.114774115,-0.4,0.1,18.0
4.95,0.11965812,-0.4,0.1,18.0
4.95,0.11965812,-0.30000000000000004,0.1,18.0
4.95,0.11965812,-0.30000000000000004,0.1,18.0
4.95,0.11965812,-0.30000000000000004,0.1,18.0
4.95,0.11965812,-0.30000000000000004,0.1,18.0
4.95,0.11965812,-0.30000000000000004,0.1,18.0
4.95,0.114774115,-0.30000000000000004,0.1,18.0
4.95,0.114774115,-0.30000000000000004,0.1,18.0
4.96,0.11965812,-0.30000000000000004,0.1,18.0
4.96,0.11965812,-0.30000000000000004,0.1,18.0
4.96,0.124542125,-0.30000000000000004,0.1,18.0
4.96,0.124542125,-0.30000000000000004,0.1,18.0
4.96,0.11965812,-0.30000000000000004,0.1,18.0
4.96,0.11965812,-0.30000000000000004,0.1,18.1
4.96,0.124542125,-0.30000000000000004,0.1,18.1
4.96,0.11965812,-0.30000000000000004,0.1,18.1
4.96,0.11965812,-0.30000000000000004,0.1,18.1
4.96,0.124542125,-0.30000000000000004,0.1,18.1
4.97,0.124542125,-0.30000000000000004,0.1,18.1
4.97,0.12942614,-0.30000000000000004,0.1,18.1
4.97,0.124542125,-0.30000000000000004,0.1,18.1
4.97,0.11965812,-0.30000000000000004,0.1,18.1
4.97,0.124542125,-0.30000000000000004,0.1,18.1
4.97,0.11965812,-0.30000000000000004,0.1,18.1
4.97,0.13431014,-0.30000000000000004,0.1,18.1
4.97,0.13431014,-0.4,0.1,18.1
4.97,0.12942614,-0.4,0.1,18.1
4.98,0.124542125,-0.4,0.1,18.1
4.98,0.12942614,-0.4,0.1,18.1
4.98,0.124542125,-0.4,0.1,18.1
4.98,0.12942614,-0.4,0.1,18.1
4.98,0.124542125,-0.4,0.1,18.1
4.98,0.12942614,-0.4,0.1,18.1
4.98,0.13431014,-0.4,0.1,18.1
4.98,0.124542125,-0.4,0.1,18.1
4.98,0.124542125,-0.4,0.1,18.1
4.99,0.124542125,-0.4,0.1,18.1
4.99,0.124542125,-0.4,0.1,18.1
4.99,0.124542125,-0.4,0.1,18.1
4.99,0.11965812,-0.4,0.1,18.1
4.99,0.124542125,-0.4,0.1,18.1
4.99,0.124542125,-0.4,0.1,18.1
4.99,0.124542125,-0.4,0.1,18.1
4.99,0.114774115,-0.4,0.1,18.1
4.99,0.11965812,-0.4,0.1,18.1
5.0,0.11965812,-0.4,0.1,18.1
5.0,0.11965812,-0.4,0.1,18.1
5.0,0.11965812,-0.4,0.1,18.1
5.0,0.11965812,-0.4,0.1,18.1
5.0,0.114774115,-0.4,0.1,18.1
5.0,0.114774115,-0.4,0.1,18.1
5.0,0.114774115,-0.4,0.1,18.1
5.0,0.114774115,-0.4,0.1,18.1
5.0,0.114774115,-0.4,0.1,18.1
5.0,0.11965812,-0.4,0.1,18.1
5.01,0.114774115,-0.4,0.1,18.1
5.01,0.10989011,-0.4,0.1,18.1
5.01,0.105006106,-0.4,0.1,18.1
5.01,0.105006106,-0.4,0.1,18.1
5.01,0.105006106,-0.4,0.1,18.1
5.01,0.105006106,-0.4,0.1,18.1
5.01,0.1001221,-0.4,0.1,18.1
5.01,0.1001221,-0.4,0.1,18.1
5.01,0.1001221,-0.4,0.1,18.1
5.02,0.1001221,-0.4,0.1,18.1
5.02,0.1001221,-0.4,0.1,18.1
5.02,0.0952381,-0.4,0.1,18.1
5.02,0.0952381,-0.4,0.1,18.1
5.02,0.09035409,-0.4,0.1,18.1
5.02,0.09035409,-0.4,0.1,18.1
5.02,0.09035409,-0.4,0.1,18.1
5.02,0.08547009,-0.4,0.1,18.1
5.03,0.08058608,-0.4,0.1,18.1
5.03,0.07570208,-0.4,0.1,18.1
5.03,0.08058608,-0.4,0.1,18.1
5.03,0.070818074,-0.4,0.1,18.1
5.03,0.070818074,-0.4,0.1,18.1
5.03,0.070818074,-0.4,0.1,18.1
5.03,0.070818074,-0.4,0.1,18.1
5.03,0.06593407,-0.4,0.1,18.1
5.03,0.06105006,-0.4,0.1,18.1
5.04,0.06105006,-0.4,0.1,18.1
5.04,0.06105006,-0.4,0.1,18.1
5.04,0.06105006,-0.4,0.1,18.1
5.04,0.06105006,-0.4,0.1,18.1
5.04,0.06105006,-0.4,0.1,18.1
5.04,0.06105006,-0.4,0.1,18.1
5.04,0.06105006,-0.4,0.1,18.1
5.04,0.056166057,-0.4,0.1,18.1
5.04,0.051282052,-0.4,0.1,18.1
5.05,0.056166057,-0.4,0.1,18.1
5.05,0.06105006,-0.4,0.1,18.1
5.05,0.051282052,-0.4,0.1,18.1
5.05,0.051282052,-0.4,0.1,18.1
5.05,0.051282052,-0.4,0.1,18.1
5.05,0.051282052,-0.4,0.1,18.1
5.05,0.051282052,-0.4,0.1,18.1
5.05,0.056166057,-0.4,0.1,18.1
5.05,0.06593407,-0.4,0.1,18.1
5.06,0.06593407,-0.4,0.1,18.1
5.06,0.06105006,-0.4,0.1,18.1
5.06,0.06105006,-0.4,0.1,18.1
5.06,0.06105006,-0.4,0.1,18.1
5.06,0.06105006,-0.4,0.1,18.1
5.06,0.06593407,-0.4,0.1,18.1
5.06,0.070818074,-0.4,0.1,18.1
5.06,0.06105006,-0.4,0.1,18.1
5.06,0.06105006,-0.4,0.1,18.1
5.06,0.06105006,-0.4,0.1,18.1
5.07,0.06593407,-0.4,0.1,18.1
5.07,0.06593407,-0.4,0.1,18.1
5.07,0.070818074,-0.4,0.1,18.1
5.07,0.07570208,-0.4,0.1,18.1
5.07,0.070818074,-0.4,0.1,18.1
5.07,0.06593407,-0.4,0.1,18.1
5.07,0.070818074,-0.4,0.1,18.1
5.07,0.070818074,-0.4,0.1,18.1
5.07,0.070818074,-0.4,0.1,18.1
5.08,0.07570208,-0.4,0.1,18.1
5.08,0.07570208,-0.4,0.1,18.1
5.08,0.070818074,-0.4,0.1,18.1
5.08,0.070818074,-0.4,0.1,18.1
5.08,0.07570208,-0.4,0.1,18.1
5.08,0.08058608,-0.4,0.1,18.1
5.08,0.08058608,-0.4,0.1,18.1
5.08,0.07570208,-0.4,0.1,18.1
5.08,0.07570208,-0.4,0.1,18.1
5.08,0.07570208,-0.4,0.1,18.1
5.09,0.07570208,-0.4,0.1,18.1
5.09,0.08058608,-0.4,0.1,18.1
5.09,0.08058608,-0.4,0.1,18.1
5.09,0.08058608,-0.4,0.1,18.1
5.09,0.08058608,-0.4,0.1,18.1
5.09,0.07570208,-0.4,0.1,18.1
5.09,0.07570208,-0.4,0.1,18.1
5.09,0.07570208,-0.4,0.1,18.1
5.09,0.07570208,-0.4,0.1,18.1
5.09,0.07570208,-0.4,0.1,18.1
5.09,0.08058608,-0.4,0.1,18.1
5.1,0.08058608,-0.4,0.1,18.1
5.1,0.07570208,-0.4,0.1,18.1
5.1,0.07570208,-0.4,0.1,18.1
5.1,0.07570208,-0.4,0.1,18.1
5.1,0.08058608,-0.4,0.1,18.1
5.1,0.08058608,-0.4,0.1,18.1
5.1,0.07570208,-0.4,0.1,18.1
5.1,0.07570208,-0.4,0.1,18.0
5.1,0.07570208,-0.4,0.1,18.0
5.11,0.07570208,-0.4,0.1,18.0
5.11,0.070818074,-0.4,0.1,18.0
5.11,0.07570208,-0.4,0.1,18.0
5.11,0.07570208,-0.4,0.1,18.0
5.11,0.070818074,-0.4,0.1,18.0
5.11,0.070818074,-0.4,0.1,18.0
5.11,0.070818074,-0.4,0.1,18.0
5.11,0.06593407,-0.4,0.1,18.0
5.11,0.06593407,-0.4,0.1,18.0
5.11,0.06593407,-0.4,0.1,18.0
5.11,0.06105006,-0.4,0.1,18.0
5.12,0.056166057,-0.4,0.1,18.0
5.12,0.056166057,-0.4,0.1,18.0
5.12,0.056166057,-0.4,0.1,18.0
5.12,0.06105006,-0.4,0.1,18.0
5.12,0.056166057,-0.4,0.1,18.0
5.12,0.051282052,-0.4,0.1,18.0
5.12,0.056166057,-0.4,0.1,18.0
5.12,0.046398047,-0.4,0.1,18.0
5.12,0.051282052,-0.4,0.1,18.0
5.12,0.056166057,-0.4,0.1,18.0
5.13,0.046398047,-0.4,0.1,18.0
5.13,0.046398047,-0.4,0.1,18.0
5.13,0.046398047,-0.4,0.1,18.0
5.13,0.046398047,-0.4,0.1,18.0
5.13,0.046398047,-0.4,0.1,18.0
5.13,0.051282052,-0.4,0.1,18.0
5.13,0.051282052,-0.4,0.1,18.0
5.13,0.051282052,-0.4,0.1,18.0
5.13,0.056166057,-0.4,0.1,18.0
5.13,0.06105006,-0.4,0.1,18.0
5.13,0.06105006,-0.4,0.1,18.0
5.14,0.06593407,-0.4,0.1,18.0
5.14,0.070818074,-0.4,0.1,18.0
5.14,0.070818074,-0.4,0.1,18.0
5.14,0.07570208,-0.4,0.1,18.0
5.14,0.08058608,-0.4,0.1,18.0
5.14,0.08547009,-0.4,0.1,18.0
5.14,0.09035409,-0.4,0.1,18.0
5.14,0.09035409,-0.4,0.1,18.0
5.14,0.09035409,-0.4,0.1,18.0
5.14,0.0952381,-0.4,0.1,18.0
5.14,0.105006106,-0.4,0.1,18.0
5.15,0.1001221,-0.4,0.1,18.0
5.15,0.10989011,-0.4,0.1,18.0
5.15,0.10989011,-0.4,0.1,18.0
5.15,0.105006106,-0.4,0.1,18.0
5.15,0.10989011,-0.4,0.1,18.0
5.15,0.114774115,-0.4,0.1,18.0
5.15,0.114774115,-0.4,0.1,18.0
5.15,0.11965812,-0.4,0.1,18.0
5.15,0.10989011,-0.4,0.1,18.0
5.16,0.10989011,-0.4,0.1,17.900000000000002
5.16,0.10989011,-0.4,0.1,17.900000000000002
5.16,0.10989011,-0.4,0.1,17.900000000000002
5.16,0.114774115,-0.4,0.1,17.900000000000002
5.16,0.10989011,-0.4,0.1,17.900000000000002
5.16,0.114774115,-0.4,0.1,17.900000000000002
5.16,0.114774115,-0.4,0.1,17.900000000000002
5.16,0.10989011,-0.4,0.1,17.900000000000002
5.16,0.10989011,-0.4,0.1,17.900000000000002
5.16,0.105006106,-0.4,0.1,17.900000000000002
5.16,0.1001221,-0.4,0.1,17.900000000000002
5.17,0.105006106,-0.4,0.1,17.900000000000002
5.17,0.1001221,-0.4,0.1,17.900000000000002
5.17,0.1001221,-0.4,0.1,17.900000000000002
5.17,0.08547009,-0.4,0.1,17.900000000000002
5.17,0.08547009,-0.4,0.1,17.900000000000002
5.17,0.08058608,-0.4,0.1,17.900000000000002
5.17,0.08058608,-0.4,0.1,17.900000000000002
5.17,0.08058608,-0.4,0.1,17.900000000000002
5.17,0.07570208,-0.4,0.1,17.900000000000002
5.17,0.070818074,-0.4,0.1,17.900000000000002
5.18,0.06593407,-0.4,0.1,17.900000000000002
5.18,0.06593407,-0.4,0.1,17.900000000000002
5.18,0.06593407,-0.4,0.1,17.900000000000002
5.18,0.06593407,-0.4,0.1,17.900000000000002
5.18,0.056166057,-0.4,0.1,17.900000000000002
5.18,0.051282052,-0.4,0.1,17.900000000000002
5.18,0.056166057,-0.4,0.1,17.900000000000002
5.18,0.051282052,-0.4,0.1,17.900000000000002
5.18,0.051282052,-0.4,0.1,17.900000000000002
5.18,0.046398047,-0.4,0.1,17.900000000000002
5.19,0.041514043,-0.4,0.1,17.900000000000002
5.19,0.046398047,-0.4,0.1,17.900000000000002
5.19,0.03663004,-0.4,0.1,17.900000000000002
5.19,0.031746034,-0.4,0.1,17.900000000000002
5.19,0.031746034,-0.4,0.1,17.900000000000002
5.19,0.031746034,-0.4,0.1,17.900000000000002
5.19,0.026862027,-0.4,0.1,17.900000000000002
5.19,0.026862027,-0.4,0.1,17.900000000000002
5.19,0.026862027,-0.4,0.1,17.900000000000002
5.19,0.021978023,-0.4,0.1,17.8
5.19,0.021978023,-0.4,0.1,17.8
5.2,0.021978023,-0.4,0.1,17.8
5.2,0.017094018,-0.4,0.1,17.8
5.2,0.017094018,-0.4,0.1,17.8
5.2,0.021978023,-0.4,0.1,17.8
5.2,0.017094018,-0.4,0.1,17.8
5.2,0.012210012,-0.4,0.1,17.8
5.2,0.017094018,-0.4,0.1,17.8
5.2,0.017094018,-0.4,0.1,17.8
5.2,0.017094018,-0.4,0.1,17.8
5.2,0.017094018,-0.4,0.1,17.8
5.21,0.017094018,-0.4,0.1,17.8
5.21,0.017094018,-0.4,0.1,17.8
5.21,0.017094018,-0.4,0.1,17.8
5.21,0.017094018,-0.4,0.1,17.8
5.21,0.021978023,-0.4,0.1,17.8
5.21,0.021978023,-0.4,0.1,17.8
5.21,0.021978023,-0.4,0.1,17.8
5.21,0.026862027,-0.4,0.1,17.8
5.21,0.026862027,-0.4,0.1,17.8
5.22,0.021978023,-0.4,0.1,17.8
5.22,0.021978023,-0.4,0.1,17.8
5.22,0.026862027,-0.4,0.1,17.8
5.22,0.031746034,-0.4,0.1,17.8
5.22,0.031746034,-0.4,0.1,17.8
5.22,0.031746034,-0.4,0.1,17.8
5.22,0.031746034,-0.4,0.1,17.8
5.22,0.03663004,-0.4,0.1,17.8
5.22,0.03663004,-0.4,0.1,17.8
5.22,0.041514043,-0.4,0.1,17.8
5.23,0.041514043,-0.4,0.1,17.8
5.23,0.03663004,-0.4,0.1,17.8
5.23,0.041514043,-0.4,0.1,17.8
5.23,0.041514043,-0.4,0.1,17.8
5.23,0.041514043,-0.4,0.1,17.8
5.23,0.046398047,-0.4,0.1,17.8
5.23,0.046398047,-0.4,0.1,17.8
5.23,0.051282052,-0.4,0.1,17.8
5.23,0.051282052,-0.4,0.1,17.8
5.23,0.051282052,-0.4,0.1,17.8
5.24,0.051282052,-0.4,0.1,17.8
5.24,0.051282052,-0.4,0.1,17.8
5.24,0.051282052,-0.4,0.1,17.8
5.24,0.056166057,-0.4,0.1,17.8
5.24,0.056166057,-0.4,0.1,17.8
5.24,0.06593407,-0.4,0.1,17.8
5.24,0.06105006,-0.4,0.1,17.8
5.24,0.06105006,-0.4,0.1,17.8
5.24,0.06593407,-0.4,0.1,17.8
5.24,0.06593407,-0.4,0.1,17.8
5.25,0.06593407,-0.4,0.1,17.8
5.25,0.06593407,-0.4,0.1,17.8
5.25,0.070818074,-0.4,0.1,17.8
5.25,0.07570208,-0.4,0.1,17.8
5.25,0.07570208,-0.4,0.1,17.8
5.25,0.070818074,-0.4,0.1,17.8
5.25,0.070818074,-0.4,0.1,17.8
5.25,0.07570208,-0.4,0.1,17.8
5.25,0.070818074,-0.4,0.1,17.8
5.25,0.07570208,-0.4,0.1,17.8
5.26,0.08058608,-0.4,0.1,17.8
5.26,0.08058608,-0.4,0.1,17.8
5.26,0.08058608,-0.4,0.1,17.8
5.26,0.07570208,-0.4,0.1,17.8
5.26,0.07570208,-0.4,0.1,17.900000000000002
5.26,0.08058608,-0.4,0.1,17.900000000000002
5.26,0.07570208,-0.4,0.1,17.900000000000002
5.26,0.07570208,-0.4,0.1,17.900000000000002
5.26,0.08058608,-0.4,0.1,17.900000000000002
5.26,0.08058608,-0.4,0.1,17.900000000000002
5.26,0.08058608,-0.4,0.1,17.900000000000002
5.27,0.08058608,-0.4,0.1,17.900000000000002
5.27,0.08058608,-0.4,0.1,17.900000000000002
5.27,0.08058608,-0.4,0.1,17.900000000000002
5.27,0.08058608,-0.4,0.1,17.900000000000002
5.27,0.08547009,-0.4,0.1,17.900000000000002
5.27,0.08058608,-0.4,0.1,17.900000000000002
5.27,0.08547009,-0.4,0.1,17.900000000000002
5.27,0.08547009,-0.4,0.1,17.8
5.27,0.08547009,-0.4,0.1,17.8
5.28,0.08547009,-0.4,0.1,17.8
5.28,0.09035409,-0.4,0.1,17.8
5.28,0.08547009,-0.4,0.1,17.8
5.28,0.08547009,-0.4,0.1,17.8
5.28,0.09035409,-0.4,0.1,17.8
5.28,0.0952381,-0.4,0.1,17.8
5.28,0.0952381,-0.4,0.1,17.8
5.28,0.1001221,-0.4,0.1,17.8
5.29,0.0952381,-0.4,0.1,17.8
5.29,0.0952381,-0.4,0.1,17.8
5.29,0.0952381,-0.4,0.1,17.8
5.29,0.0952381,-0.4,0.1,17.8
5.29,0.0952381,-0.4,0.1,17.8
5.29,0.09035409,-0.4,0.1,17.8
5.29,0.08547009,-0.4,0.1,17.8
5.3,0.070818074,-0.4,0.1,17.8
5.3,0.070818074,-0.4,0.1,17.8
5.3,0.056166057,-0.4,0.1,17.8
5.3,0.056166057,-0.4,0.1,17.8
5.3,0.046398047,-0.4,0.1,17.8
5.3,0.031746034,-0.4,0.1,17.8
5.3,0.021978023,-0.4,0.1,17.8
5.31,0.017094018,-0.4,0.1,17.8
5.31,0.0073260074,-0.4,0.1,17.8
5.31,-0.0073260074,-0.4,0.1,17.8
5.31,-0.0073260074,-0.4,0.1,17.8
5.31,-0.017094018,-0.4,0.1,17.8
5.31,-0.021978023,-0.4,0.1,17.8
5.31,-0.017094018,-0.4,0.1,17.8
5.32,-0.017094018,-0.4,0.1,17.8
5.32,-0.021978023,-0.4,0.1,17.8
5.32,-0.026862027,-0.4,0.1,17.8
5.32,-0.021978023,-0.4,0.1,17.8
5.32,-0.026862027,-0.4,0.1,17.8
5.32,-0.031746034,-0.4,0.1,17.8
5.32,-0.031746034,-0.4,0.1,17.8
5.32,-0.026862027,-0.4,0.1,17.7
5.33,-0.031746034,-0.4,0.1,17.7
5.33,-0.026862027,-0.4,0.1,17.7
5.33,-0.026862027,-0.4,0.1,17.7
5.33,-0.021978023,-0.4,0.1,17.7
5.33,-0.021978023,-0.4,0.1,17.7
5.33,-0.012210012,-0.4,0.1,17.7
5.33,-0.012210012,-0.4,0.1,17.7
5.33,-0.012210012,-0.4,0.1,17.7
5.34,-0.0073260074,-0.4,0.1,17.7
5.34,0.0073260074,-0.4,0.1,17.7
5.34,0.0073260074,-0.4,0.1,17.7
5.34,0.012210012,-0.4,0.1,17.7
5.34,0.017094018,-0.4,0.1,17.7
5.34,0.021978023,-0.4,0.1,17.7
5.34,0.026862027,-0.4,0.1,17.7
5.34,0.026862027,-0.4,0.1,17.7
5.35,0.03663004,-0.4,0.1,17.7
5.35,0.046398047,-0.4,0.1,17.7
5.35,0.046398047,-0.4,0.1,17.7
5.35,0.046398047,-0.4,0.1,17.7
5.35,0.051282052,-0.4,0.1,17.7
5.35,0.056166057,-0.4,0.1,17.7
5.35,0.06105006,-0.4,0.1,17.7
5.35,0.06593407,-0.4,0.1,17.7
5.36,0.06105006,-0.4,0.1,17.7
5.36,0.06593407,-0.4,0.1,17.7
5.36,0.06105006,-0.4,0.1,17.7
5.36,0.070818074,-0.4,0.1,17.7
5.36,0.07570208,-0.4,0.1,17.7
5.36,0.08058608,-0.4,0.1,17.7
5.36,0.0952381,-0.4,0.1,17.8
5.36,0.1001221,-0.4,0.1,17.8
5.37,0.105006106,-0.4,0.1,17.8
5.37,0.10989011,-0.4,0.1,17.8
5.37,0.114774115,-0.4,0.1,17.8
5.37,0.10989011,-0.4,0.1,17.8
5.37,0.11965812,-0.4,0.1,17.8
5.37,0.124542125,-0.4,0.1,17.8
5.37,0.12942614,-0.4,0.1,17.8
5.37,0.13431014,-0.4,0.1,17.8
5.38,0.12942614,-0.4,0.1,17.900000000000002
5.38,0.13431014,-0.4,0.1,17.900000000000002
5.38,0.13431014,-0.4,0.1,17.900000000000002
5.38,0.13431014,-0.4,0.1,17.900000000000002
5.38,0.13919415,-0.4,0.1,17.900000000000002
5.38,0.14407815,-0.4,0.1,17.900000000000002
5.38,0.14896215,-0.4,0.1,17.900000000000002
5.38,0.14407815,-0.4,0.1,17.900000000000002
5.39,0.14407815,-0.4,0.1,17.900000000000002
5.39,0.14407815,-0.4,0.1,17.900000000000002
5.39,0.14407815,-0.4,0.1,17.900000000000002
5.39,0.14896215,-0.4,0.1,17.900000000000002
5.39,0.14407815,-0.4,0.1,17.900000000000002
5.39,0.15384616,-0.4,0.1,17.900000000000002
5.39,0.14896215,-0.4,0.1,17.900000000000002
5.39,0.14896215,-0.4,0.1,17.900000000000002
5.4,0.15384616,-0.4,0.1,17.900000000000002
5.4,0.15873016,-0.4,0.1,17.900000000000002
5.4,0.15384616,-0.4,0.1,17.900000000000002
5.4,0.15384616,-0.4,0.1,17.900000000000002
5.4,0.15384616,-0.4,0.1,17.900000000000002
5.4,0.14896215,-0.4,0.1,17.900000000000002
5.4,0.15384616,-0.4,0.1,17.900000000000002
5.4,0.15384616,-0.4,0.1,17.900000000000002
5.41,0.14407815,-0.4,0.1,17.900000000000002
5.41,0.14407815,-0.4,0.1,17.900000000000002
5.41,0.13919415,-0.4,0.1,17.900000000000002
5.41,0.13919415,-0.4,0.1,17.900000000000002
5.41,0.11965812,-0.4,0.1,17.900000000000002
5.41,0.11965812,-0.4,0.1,17.900000000000002
5.41,0.10989011,-0.4,0.1,17.900000000000002
5.41,0.1001221,-0.4,0.1,17.900000000000002
5.42,0.07570208,-0.4,0.1,18.0
5.42,0.06593407,-0.4,0.1,18.0
5.42,0.06105006,-0.4,0.1,18.0
5.42,0.046398047,-0.4,0.1,18.0
5.42,0.03663004,-0.4,0.1,18.0
5.42,0.021978023,-0.4,0.1,18.0
5.42,0.012210012,-0.4,0.1,18.0
5.42,0.0024420025,-0.4,0.1,18.0
5.43,-0.0024420025,-0.4,0.1,18.0
5.43,-0.0073260074,-0.4,0.1,18.0
5.43,-0.017094018,-0.4,0.1,18.0
5.43,-0.017094018,-0.4,0.1,18.0
5.43,-0.031746034,-0.4,0.1,18.0
5.43,-0.031746034,-0.4,0.1,18.0
5.43,-0.03663004,-0.4,0.1,18.0
5.43,-0.041514043,-0.4,0.1,18.0
5.44,-0.056166057,-0.4,0.1,18.0
5.44,-0.056166057,-0.4,0.1,18.0
5.44,-0.056166057,-0.4,0.1,18.0
5.44,-0.056166057,-0.4,0.1,18.0
5.44,-0.056166057,-0.4,0.1,18.0
5.44,-0.056166057,-0.4,0.1,17.900000000000002
5.44,-0.06105006,-0.4,0.1,17.900000000000002
5.44,-0.06105006,-0.4,0.1,17.900000000000002
5.45,-0.056166057,-0.4,0.1,17.900000000000002
5.45,-0.051282052,-0.4,0.1,17.900000000000002
5.45,-0.046398047,-0.4,0.1,17.900000000000002
5.45,-0.046398047,-0.4,0.1,17.900000000000002
5.45,-0.041514043,-0.4,0.1,17.900000000000002
5.45,-0.03663004,-0.4,0.1,17.900000000000002
5.45,-0.031746034,-0.4,0.1,17.900000000000002
5.45,-0.031746034,-0.4,0.1,17.900000000000002
5.46,-0.021978023,-0.4,0.1,17.900000000000002
5.46,-0.017094018,-0.4,0.1,17.900000000000002
5.46,-0.012210012,-0.4,0.1,17.900000000000002
5.46,-0.0073260074,-0.4,0.1,17.900000000000002
5.46,-0.0024420025,-0.4,0.1,17.900000000000002
5.46,0.0024420025,-0.4,0.1,17.900000000000002
5.46,0.012210012,-0.4,0.1,17.900000000000002
5.46,0.021978023,-0.4,0.1,17.900000000000002
5.47,0.031746034,-0.4,0.1,17.900000000000002
5.47,0.031746034,-0.4,0.1,17.900000000000002
5.47,0.03663004,-0.4,0.1,17.900000000000002
5.47,0.041514043,-0.4,0.1,17.900000000000002
5.47,0.046398047,-0.4,0.1,17.900000000000002
5.47,0.051282052,-0.4,0.1,17.900000000000002
5.47,0.051282052,-0.4,0.1,17.900000000000002
5.47,0.056166057,-0.4,0.1,17.900000000000002
5.47,0.06593407,-0.4,0.1,17.900000000000002
5.48,0.070818074,-0.4,0.1,17.900000000000002
5.48,0.070818074,-0.4,0.1,17.900000000000002
5.48,0.070818074,-0.4,0.1,17.900000000000002
5.48,0.07570208,-0.4,0.1,17.900000000000002
5.48,0.08058608,-0.4,0.1,17.8
5.48,0.08547009,-0.4,0.1,17.8
5.48,0.0952381,-0.4,0.1,17.8
5.48,0.105006106,-0.4,0.1,17.8
5.48,0.10989011,-0.4,0.1,17.8
5.49,0.114774115,-0.4,0.1,17.8
5.49,0.114774115,-0.4,0.1,17.8
5.49,0.11965812,-0.4,0.1,17.8
5.49,0.124542125,-0.4,0.1,17.8
5.49,0.124542125,-0.4,0.1,17.8
5.49,0.124542125,-0.4,0.1,17.8
5.49,0.13919415,-0.4,0.1,17.8
5.49,0.13431014,-0.4,0.1,17.8
5.49,0.12942614,-0.4,0.1,17.8
5.5,0.13919415,-0.4,0.1,17.8
5.5,0.13919415,-0.4,0.1,17.8
5.5,0.13431014,-0.4,0.1,17.8
5.5,0.14407815,-0.4,0.1,17.8
5.5,0.14407815,-0.4,0.1,17.8
5.5,0.14407815,-0.4,0.1,17.8
5.5,0.13919415,-0.4,0.1,17.8
5.5,0.13919415,-0.4,0.1,17.8
5.5,0.13919415,-0.4,0.1,17.8
5.5,0.13919415,-0.4,0.1,17.8
5.51,0.13919415,-0.4,0.1,17.900000000000002
5.51,0.13431014,-0.4,0.1,17.900000000000002
5.51,0.13431014,-0.4,0.1,17.900000000000002
5.51,0.12942614,-0.4,0.1,17.900000000000002
5.51,0.124542125,-0.4,0.1,17.900000000000002
5.51,0.124542125,-0.4,0.1,17.900000000000002
5.51,0.12942614,-0.4,0.1,17.900000000000002
5.51,0.11965812,-0.4,0.1,17.900000000000002
5.52,0.10989011,-0.4,0.1,17.900000000000002
5.52,0.10989011,-0.4,0.1,17.900000000000002
5.52,0.10989011,-0.4,0.1,17.900000000000002
5.52,0.10989011,-0.4,0.1,17.900000000000002
5.52,0.105006106,-0.4,0.1,17.900000000000002
5.52,0.1001221,-0.4,0.1,17.900000000000002
5.52,0.0952381,-0.4,0.1,17.900000000000002
5.52,0.09035409,-0.4,0.1,17.900000000000002
5.52,0.09035409,-0.4,0.1,17.900000000000002
5.52,0.09035409,-0.4,0.1,17.900000000000002
5.53,0.08547009,-0.4,0.1,17.900000000000002
5.53,0.08058608,-0.4,0.1,17.900000000000002
5.53,0.07570208,-0.4,0.1,17.900000000000002
5.53,0.070818074,-0.4,0.1,17.900000000000002
5.53,0.070818074,-0.4,0.1,17.900000000000002
5.53,0.07570208,-0.4,0.1,17.900000000000002
5.53,0.06105006,-0.4,0.2,17.900000000000002
5.53,0.056166057,-0.4,0.2,17.900000000000002
5.53,0.051282052,-0.4,0.2,17.900000000000002
5.54,0.051282052,-0.4,0.2,17.900000000000002
5.54,0.056166057,-0.4,0.2,17.900000000000002
5.54,0.051282052,-0.4,0.2,17.900000000000002
5.54,0.051282052,-0.4,0.2,17.900000000000002
5.54,0.041514043,-0.4,0.2,17.900000000000002
5.54,0.046398047,-0.4,0.2,17.900000000000002
5.54,0.041514043,-0.4,0.2,17.900000000000002
5.54,0.03663004,-0.4,0.2,17.900000000000002
5.55,0.03663004,-0.4,0.2,18.0
5.55,0.041514043,-0.4,0.2,18.0
5.55,0.03663004,-0.4,0.2,18.0
5.55,0.03663004,-0.4,0.2,18.0
5.55,0.03663004,-0.4,0.2,18.0
5.55,0.03663004,-0.4,0.2,18.0
5.55,0.03663004,-0.4,0.2,18.0
5.55,0.03663004,-0.4,0.2,18.0
5.55,0.03663004,-0.4,0.2,18.0
5.55,0.03663004,-0.4,0.2,18.0
5.55,0.041514043,-0.4,0.2,18.0
5.56,0.041514043,-0.4,0.2,18.0
5.56,0.03663004,-0.4,0.2,18.0
5.56,0.03663004,-0.4,0.2,18.0
5.56,0.041514043,-0.4,0.2,18.0
5.56,0.046398047,-0.4,0.2,18.0
5.56,0.041514043,-0.4,0.2,18.0
5.56,0.041514043,-0.4,0.2,18.0
5.56,0.046398047,-0.4,0.2,18.0
5.56,0.046398047,-0.4,0.2,18.0
5.57,0.046398047,-0.4,0.2,18.0
5.57,0.046398047,-0.4,0.2,18.0
5.57,0.051282052,-0.4,0.2,18.0
5.57,0.056166057,-0.4,0.2,18.0
5.57,0.051282052,-0.4,0.2,18.0
5.57,0.056166057,-0.4,0.2,18.0
5.57,0.056166057,-0.4,0.2,18.0
5.57,0.056166057,-0.4,0.2,18.0
5.57,0.056166057,-0.4,0.2,18.0
5.57,0.06105006,-0.4,0.2,18.0
5.58,0.070818074,-0.4,0.2,18.0
5.58,0.06593407,-0.4,0.2,18.0
5.58,0.070818074,-0.4,0.2,18.0
5.58,0.070818074,-0.4,0.2,18.0
5.58,0.06593407,-0.4,0.2,18.0
5.58,0.070818074,-0.4,0.2,18.0
5.58,0.070818074,-0.4,0.2,18.0
5.58,0.08058608,-0.4,0.2,18.0
5.58,0.08058608,-0.4,0.2,18.0
5.58,0.08058608,-0.4,0.2,18.0
5.58,0.08547009,-0.4,0.2,17.900000000000002
5.58,0.08547009,-0.4,0.2,17.900000000000002
5.59,0.09035409,-0.4,0.2,17.900000000000002
5.59,0.08547009,-0.4,0.2,17.900000000000002
5.59,0.09035409,-0.4,0.2,17.900000000000002
5.59,0.09035409,-0.4,0.2,17.900000000000002
5.59,0.0952381,-0.4,0.2,17.900000000000002
5.59,0.1001221,-0.4,0.2,17.900000000000002
5.59,0.105006106,-0.4,0.2,17.900000000000002
5.59,0.1001221,-0.4,0.2,17.900000000000002
5.59,0.1001221,-0.4,0.2,17.900000000000002
5.6,0.105006106,-0.4,0.2,17.900000000000002
5.6,0.105006106,-0.4,0.2,17.900000000000002
5.6,0.10989011,-0.4,0.2,18.0
5.6,0.10989011,-0.4,0.2,18.0
5.6,0.114774115,-0.4,0.2,18.0
5.6,0.114774115,-0.4,0.2,18.0
5.6,0.10989011,-0.4,0.2,18.0
5.6,0.114774115,-0.4,0.2,18.0
5.6,0.11965812,-0.4,0.2,18.0
5.6,0.11965812,-0.4,0.2,18.0
5.6,0.124542125,-0.4,0.2,18.0
5.61,0.124542125,-0.4,0.2,18.0
5.61,0.11965812,-0.4,0.2,18.0
5.61,0.124542125,-0.4,0.2,18.0
5.61,0.11965812,-0.4,0.2,18.0
5.61,0.11965812,-0.4,0.2,18.0
5.61,0.124542125,-0.30000000000000004,0.2,18.0
5.61,0.12942614,-0.30000000000000004,0.2,18.0
5.61,0.124542125,-0.30000000000000004,0.2,18.0
5.61,0.12942614,-0.30000000000000004,0.2,18.0
5.61,0.124542125,-0.30000000000000004,0.2,18.0
5.62,0.12942614,-0.30000000000000004,0.2,18.0
5.62,0.124542125,-0.30000000000000004,0.2,18.0
5.62,0.12942614,-0.30000000000000004,0.2,18.0
5.62,0.12942614,-0.30000000000000004,0.2,18.0
5.62,0.12942614,-0.30000000000000004,0.2,18.0
5.62,0.11965812,-0.30000000000000004,0.2,18.0
5.62,0.11965812,-0.4,0.2,17.900000000000002
5.62,0.124542125,-0.4,0.2,17.900000000000002
5.62,0.124542125,-0.4,0.2,17.900000000000002
5.63,0.124542125,-0.4,0.2,17.900000000000002
5.63,0.124542125,-0.4,0.2,17.900000000000002
5.63,0.11965812,-0.4,0.2,17.900000000000002
5.63,0.114774115,-0.4,0.2,17.900000000000002
5.63,0.10989011,-0.4,0.2,17.900000000000002
5.63,0.11965812,-0.4,0.2,17.900000000000002
5.63,0.11965812,-0.4,0.2,17.900000000000002
5.63,0.114774115,-0.4,0.2,17.900000000000002
5.63,0.114774115,-0.4,0.2,17.900000000000002
5.64,0.114774115,-0.4,0.2,17.900000000000002
5.64,0.114774115,-0.30000000000000004,0.2,17.900000000000002
5.64,0.10989011,-0.30000000000000004,0.2,17.900000000000002
5.64,0.114774115,-0.30000000000000004,0.2,17.900000000000002
5.64,0.114774115,-0.30000000000000004,0.2,17.900000000000002
5.64,0.10989011,-0.30000000000000004,0.2,17.900000000000002
5.64,0.10989011,-0.30000000000000004,0.2,17.900000000000002
5.64,0.10989011,-0.30000000000000004,0.2,17.900000000000002
5.64,0.105006106,-0.30000000000000004,0.2,17.900000000000002
5.64,0.1001221,-0.30000000000000004,0.2,17.900000000000002
5.64,0.1001221,-0.30000000000000004,0.2,17.900000000000002
5.65,0.105006106,-0.30000000000000004,0.2,17.900000000000002
5.65,0.1001221,-0.30000000000000004,0.2,17.900000000000002
5.65,0.1001221,-0.30000000000000004,0.2,17.900000000000002
5.65,0.105006106,-0.30000000000000004,0.2,17.900000000000002
5.65,0.0952381,-0.30000000000000004,0.2,17.900000000000002
5.65,0.0952381,-0.30000000000000004,0.2,17.900000000000002
5.65,0.0952381,-0.30000000000000004,0.2,17.900000000000002
5.65,0.1001221,-0.30000000000000004,0.2,17.900000000000002
5.65,0.1001221,-0.30000000000000004,0.2,17.900000000000002
5.65,0.09035409,-0.30000000000000004,0.2,17.900000000000002
5.66,0.09035409,-0.30000000000000004,0.2,17.900000000000002
5.66,0.08547009,-0.30000000000000004,0.2,17.900000000000002
5.66,0.08547009,-0.30000000000000004,0.2,17.900000000000002
5.66,0.09035409,-0.30000000000000004,0.2,17.900000000000002
5.66,0.0952381,-0.30000000000000004,0.2,17.900000000000002
5.66,0.09035409,-0.30000000000000004,0.2,17.900000000000002
5.66,0.08547009,-0.30000000000000004,0.2,17.900000000000002
5.66,0.08547009,-0.30000000000000004,0.2,17.8
5.66,0.08547009,-0.30000000000000004,0.2,17.8
5.66,0.08058608,-0.30000000000000004,0.2,17.8
5.67,0.08547009,-0.30000000000000004,0.2,17.8
5.67,0.08547009,-0.30000000000000004,0.2,17.8
5.67,0.08058608,-0.30000000000000004,0.2,17.8
5.67,0.07570208,-0.30000000000000004,0.2,17.8
5.67,0.07570208,-0.30000000000000004,0.2,17.8
5.67,0.08058608,-0.30000000000000004,0.2,17.8
5.67,0.07570208,-0.30000000000000004,0.2,17.8
5.68,0.07570208,-0.30000000000000004,0.2,17.8
5.68,0.070818074,-0.30000000000000004,0.2,17.8
5.68,0.070818074,-0.30000000000000004,0.2,17.8
5.68,0.070818074,-0.30000000000000004,0.2,17.8
5.68,0.07570208,-0.30000000000000004,0.2,17.8
5.68,0.06593407,-0.30000000000000004,0.2,17.8
5.68,0.06593407,-0.30000000000000004,0.2,17.8
5.69,0.06593407,-0.30000000000000004,0.2,17.8
5.69,0.06105006,-0.30000000000000004,0.2,17.8
5.69,0.06105006,-0.30000000000000004,0.2,17.8
5.69,0.06105006,-0.30000000000000004,0.2,17.8
5.69,0.06105006,-0.30000000000000004,0.2,17.8
5.69,0.06105006,-0.30000000000000004,0.2,17.8
5.69,0.056166057,-0.30000000000000004,0.2,17.8
5.69,0.056166057,-0.30000000000000004,0.2,17.8
5.69,0.051282052,-0.30000000000000004,0.2,17.8
5.7,0.056166057,-0.30000000000000004,0.2,17.8
5.7,0.056166057,-0.30000000000000004,0.2,17.8
5.7,0.051282052,-0.30000000000000004,0.2,17.8
5.7,0.051282052,-0.30000000000000004,0.2,17.8
5.7,0.051282052,-0.30000000000000004,0.2,17.8
5.7,0.051282052,-0.30000000000000004,0.2,17.900000000000002
5.7,0.046398047,-0.30000000000000004,0.2,17.900000000000002
5.7,0.046398047,-0.30000000000000004,0.2,17.900000000000002
5.7,0.046398047,-0.30000000000000004,0.2,17.900000000000002
5.7,0.051282052,-0.30000000000000004,0.2,17.900000000000002
5.71,0.051282052,-0.30000000000000004,0.2,17.900000000000002
5.71,0.051282052,-0.30000000000000004,0.2,17.900000000000002
5.71,0.046398047,-0.30000000000000004,0.2,17.900000000000002
5.71,0.041514043,-0.30000000000000004,0.2,17.900000000000002
5.71,0.046398047,-0.30000000000000004,0.2,17.900000000000002
5.71,0.046398047,-0.30000000000000004,0.2,17.900000000000002
5.71,0.051282052,-0.30000000000000004,0.2,17.900000000000002
5.71,0.046398047,-0.4,0.2,17.900000000000002
5.72,0.046398047,-0.4,0.2,17.900000000000002
5.72,0.051282052,-0.4,0.2,17.900000000000002
5.72,0.046398047,-0.4,0.2,17.900000000000002
5.72,0.051282052,-0.4,0.2,17.900000000000002
5.72,0.046398047,-0.4,0.2,17.900000000000002
5.72,0.051282052,-0.4,0.2,17.900000000000002
5.72,0.051282052,-0.4,0.2,17.900000000000002
5.72,0.051282052,-0.4,0.2,17.900000000000002
5.72,0.051282052,-0.4,0.2,17.900000000000002
5.72,0.046398047,-0.4,0.2,17.900000000000002
5.73,0.056166057,-0.4,0.2,17.900000000000002
5.73,0.06105006,-0.4,0.2,17.900000000000002
5.74,0.056166057,-0.4,0.2,17.900000000000002
5.74,0.07570208,-0.4,0.1,17.900000000000002
5.74,0.07570208,-0.4,0.1,17.900000000000002
5.74,0.07570208,-0.4,0.1,17.900000000000002
5.74,0.07570208,-0.4,0.1,17.900000000000002
5.75,0.07570208,-0.4,0.1,17.900000000000002
5.75,0.07570208,-0.4,0.1,17.900000000000002
5.75,0.08058608,-0.4,0.1,17.900000000000002
5.75,0.08058608,-0.4,0.1,17.900000000000002
5.75,0.08058608,-0.4,0.1,17.900000000000002
5.75,0.08058608,-0.4,0.1,17.900000000000002
5.75,0.08058608,-0.4,0.1,17.900000000000002
5.75,0.08058608,-0.4,0.1,17.900000000000002
5.75,0.08547009,-0.4,0.1,17.900000000000002
5.76,0.09035409,-0.4,0.1,17.900000000000002
5.76,0.09035409,-0.4,0.1,17.900000000000002
5.76,0.08547009,-0.4,0.1,17.900000000000002
5.76,0.08547009,-0.4,0.1,17.900000000000002
5.76,0.08547009,-0.4,0.1,17.900000000000002
5.76,0.09035409,-0.4,0.1,17.900000000000002
5.76,0.09035409,-0.4,0.1,17.900000000000002
5.76,0.0952381,-0.4,0.1,17.900000000000002
5.76,0.09035409,-0.4,0.1,17.900000000000002
5.77,0.0952381,-0.4,0.1,17.900000000000002
5.77,0.09035409,-0.4,0.2,17.900000000000002
5.77,0.09035409,-0.4,0.2,17.900000000000002
5.77,0.0952381,-0.4,0.2,17.900000000000002
5.77,0.09035409,-0.4,0.2,17.900000000000002
5.77,0.0952381,-0.4,0.2,17.900000000000002
5.77,0.0952381,-0.4,0.2,17.900000000000002
5.77,0.0952381,-0.4,0.2,17.900000000000002
5.77,0.0952381,-0.4,0.2,17.900000000000002
5.77,0.09035409,-0.4,0.2,17.900000000000002
5.78,0.09035409,-0.4,0.2,17.900000000000002
5.78,0.0952381,-0.4,0.2,17.900000000000002
5.78,0.0952381,-0.4,0.2,17.900000000000002
5.78,0.09035409,-0.4,0.2,17.8
5.78,0.0952381,-0.4,0.2,17.8
5.78,0.0952381,-0.4,0.2,17.8
5.78,0.09035409,-0.4,0.2,17.8
5.78,0.0952381,-0.4,0.2,17.8
5.78,0.0952381,-0.4,0.2,17.8
5.79,0.09035409,-0.4,0.2,17.8
5.79,0.0952381,-0.4,0.2,17.8
5.79,0.09035409,-0.4,0.2,17.8
5.79,0.09035409,-0.4,0.2,17.8
5.79,0.09035409,-0.4,0.2,17.8
5.79,0.09035409,-0.30000000000000004,0.2,17.8
5.79,0.09035409,-0.30000000000000004,0.2,17.8
5.79,0.08547009,-0.30000000000000004,0.2,17.8
5.8,0.08547009,-0.30000000000000004,0.2,17.8
5.8,0.0952381,-0.30000000000000004,0.2,17.8
5.8,0.08547009,-0.30000000000000004,0.2,17.8
5.8,0.09035409,-0.30000000000000004,0.2,17.8
5.8,0.08058608,-0.30000000000000004,0.2,17.8
5.8,0.08547009,-0.30000000000000004,0.2,17.8
5.8,0.08547009,-0.30000000000000004,0.2,17.8
5.8,0.08547009,-0.30000000000000004,0.2,17.8
5.8,0.08547009,-0.30000000000000004,0.2,17.8
5.81,0.08058608,-0.4,0.2,17.8
5.81,0.07570208,-0.4,0.2,17.8
5.81,0.08058608,-0.4,0.2,17.8
5.81,0.070818074,-0.4,0.2,17.8
5.81,0.08058608,-0.4,0.2,17.8
5.81,0.07570208,-0.4,0.2,17.8
5.81,0.070818074,-0.4,0.2,17.8
5.81,0.070818074,-0.4,0.2,17.8
5.82,0.070818074,-0.4,0.2,17.8
5.82,0.07570208,-0.4,0.2,17.8
5.82,0.070818074,-0.4,0.2,17.8
5.82,0.070818074,-0.30000000000000004,0.2,17.8
5.82,0.070818074,-0.30000000000000004,0.2,17.8
5.82,0.070818074,-0.30000000000000004,0.2,17.8
5.82,0.070818074,-0.30000000000000004,0.2,17.8
5.82,0.07570208,-0.30000000000000004,0.2,17.8
5.82,0.06593407,-0.30000000000000004,0.2,17.8
5.83,0.06105006,-0.30000000000000004,0.2,17.8
5.83,0.06593407,-0.30000000000000004,0.2,17.8
5.83,0.06105006,-0.30000000000000004,0.2,17.8
5.83,0.06593407,-0.30000000000000004,0.2,17.8
5.83,0.06593407,-0.30000000000000004,0.2,17.8
5.83,0.06593407,-0.30000000000000004,0.2,17.900000000000002
5.83,0.056166057,-0.30000000000000004,0.2,17.900000000000002
5.83,0.06105006,-0.30000000000000004,0.2,17.900000000000002
5.83,0.06105006,-0.30000000000000004,0.2,17.900000000000002
5.83,0.06105006,-0.30000000000000004,0.2,17.900000000000002
5.84,0.070818074,-0.30000000000000004,0.2,17.900000000000002
5.84,0.06593407,-0.30000000000000004,0.2,17.900000000000002
5.84,0.06593407,-0.30000000000000004,0.2,17.900000000000002
5.84,0.06593407,-0.30000000000000004,0.2,17.900000000000002
5.84,0.06593407,-0.30000000000000004,0.2,17.900000000000002
5.84,0.06105006,-0.30000000000000004,0.2,17.900000000000002
5.84,0.06593407,-0.30000000000000004,0.2,17.900000000000002
5.84,0.070818074,-0.30000000000000004,0.2,17.900000000000002
5.84,0.070818074,-0.4,0.2,17.8
5.85,0.070818074,-0.4,0.2,17.8
5.85,0.070818074,-0.4,0.2,17.8
5.85,0.07570208,-0.4,0.2,17.8
5.85,0.070818074,-0.4,0.2,17.8
5.85,0.08058608,-0.4,0.2,17.8
5.85,0.08058608,-0.4,0.2,17.8
5.85,0.08547009,-0.4,0.2,17.8
5.85,0.08547009,-0.4,0.2,17.8
5.85,0.08547009,-0.4,0.2,17.8
5.86,0.08547009,-0.4,0.2,17.8
5.86,0.09035409,-0.4,0.2,17.8
5.86,0.0952381,-0.30000000000000004,0.2,17.8
5.86,0.0952381,-0.30000000000000004,0.2,17.8
5.86,0.0952381,-0.30000000000000004,0.2,17.8
5.86,0.09035409,-0.30000000000000004,0.2,17.8
5.86,0.0952381,-0.30000000000000004,0.2,17.8
5.86,0.0952381,-0.30000000000000004,0.2,17.8
5.86,0.105006106,-0.30000000000000004,0.2,17.8
5.86,0.1001221,-0.30000000000000004,0.2,17.8
5.87,0.1001221,-0.30000000000000004,0.2,17.8
5.87,0.105006106,-0.30000000000000004,0.2,17.8
5.87,0.105006106,-0.30000000000000004,0.2,17.8
5.87,0.105006106,-0.30000000000000004,0.2,17.8
5.87,0.105006106,-0.30000000000000004,0.2,17.8
5.87,0.105006106,-0.30000000000000004,0.2,17.8
5.87,0.10989011,-0.30000000000000004,0.2,17.8
5.87,0.114774115,-0.30000000000000004,0.2,17.8
5.87,0.10989011,-0.30000000000000004,0.2,17.8
5.87,0.114774115,-0.30000000000000004,0.2,17.8
5.88,0.114774115,-0.30000000000000004,0.2,17.8
5.88,0.10989011,-0.30000000000000004,0.2,17.8
5.88,0.114774115,-0.30000000000000004,0.2,17.8
5.88,0.11965812,-0.30000000000000004,0.2,17.8
5.88,0.11965812,-0.30000000000000004,0.2,17.8
5.88,0.11965812,-0.30000000000000004,0.2,17.8
5.88,0.114774115,-0.30000000000000004,0.2,17.8
5.88,0.11965812,-0.30000000000000004,0.2,17.8
5.88,0.114774115,-0.30000000000000004,0.30000000000000004,17.8
5.89,0.114774115,-0.30000000000000004,0.30000000000000004,17.8
5.89,0.11965812,-0.30000000000000004,0.30000000000000004,17.8
5.89,0.124542125,-0.30000000000000004,0.30000000000000004,17.8
5.89,0.124542125,-0.30000000000000004,0.30000000000000004,17.8
5.89,0.11965812,-0.30000000000000004,0.30000000000000004,17.8
5.89,0.11965812,-0.30000000000000004,0.30000000000000004,17.8
5.89,0.11965812,-0.30000000000000004,0.30000000000000004,17.8
5.89,0.11965812,-0.30000000000000004,0.30000000000000004,17.8
5.89,0.11965812,-0.30000000000000004,0.30000000000000004,17.8
5.89,0.11965812,-0.30000000000000004,0.30000000000000004,17.8
5.9,0.114774115,-0.30000000000000004,0.30000000000000004,17.8
5.9,0.114774115,-0.30000000000000004,0.30000000000000004,17.8
5.9,0.11965812,-0.30000000000000004,0.30000000000000004,17.8
5.9,0.114774115,-0.30000000000000004,0.30000000000000004,17.8
5.9,0.114774115,-0.30000000000000004,0.30000000000000004,17.8
5.9,0.114774115,-0.30000000000000004,0.30000000000000004,17.8
5.9,0.10989011,-0.30000000000000004,0.30000000000000004,17.8
5.9,0.10989011,-0.30000000000000004,0.30000000000000004,17.8
5.9,0.114774115,-0.30000000000000004,0.30000000000000004,17.8
5.91,0.114774115,-0.30000000000000004,0.30000000000000004,17.8
5.91,0.114774115,-0.30000000000000004,0.30000000000000004,17.8
5.91,0.10989011,-0.30000000000000004,0.30000000000000004,17.8
5.91,0.10989011,-0.30000000000000004,0.30000000000000004,17.8
5.91,0.114774115,-0.30000000000000004,0.30000000000000004,17.8
5.91,0.10989011,-0.30000000000000004,0.30000000000000004,17.8
5.91,0.10989011,-0.30000000000000004,0.30000000000000004,17.8
5.91,0.10989011,-0.30000000000000004,0.30000000000000004,17.8
5.91,0.10989011,-0.30000000000000004,0.30000000000000004,17.8
5.92,0.114774115,-0.30000000000000004,0.30000000000000004,17.8
5.92,0.11965812,-0.30000000000000004,0.30000000000000004,17.8
5.92,0.114774115,-0.30000000000000004,0.30000000000000004,17.8
5.92,0.11965812,-0.30000000000000004,0.30000000000000004,17.8
5.92,0.124542125,-0.30000000000000004,0.30000000000000004,17.8
5.92,0.12942614,-0.30000000000000004,0.30000000000000004,17.8
5.92,0.13431014,-0.30000000000000004,0.30000000000000004,17.8
5.92,0.13431014,-0.30000000000000004,0.30000000000000004,17.8
5.92,0.14407815,-0.30000000000000004,0.30000000000000004,17.8
5.93,0.14407815,-0.30000000000000004,0.30000000000000004,17.8
5.93,0.14407815,-0.30000000000000004,0.30000000000000004,17.8
5.93,0.14896215,-0.30000000000000004,0.30000000000000004,17.8
5.93,0.14896215,-0.30000000000000004,0.30000000000000004,17.8
5.93,0.15873016,-0.30000000000000004,0.30000000000000004,17.8
5.93,0.16361417,-0.30000000000000004,0.30000000000000004,17.8
5.93,0.16849817,-0.30000000000000004,0.30000000000000004,17.8
5.93,0.16849817,-0.30000000000000004,0.30000000000000004,17.8
5.93,0.17338218,-0.30000000000000004,0.30000000000000004,17.8
5.94,0.17826618,-0.30000000000000004,0.30000000000000004,17.8
5.94,0.17826618,-0.30000000000000004,0.30000000000000004,17.8
5.94,0.17826618,-0.30000000000000004,0.30000000000000004,17.8
5.94,0.18315019,-0.30000000000000004,0.30000000000000004,17.8
5.94,0.18315019,-0.30000000000000004,0.30000000000000004,17.8
5.94,0.18315019,-0.30000000000000004,0.30000000000000004,17.8
5.94,0.18315019,-0.30000000000000004,0.30000000000000004,17.8
5.94,0.18803419,-0.30000000000000004,0.30000000000000004,17.8
5.94,0.18315019,-0.30000000000000004,0.30000000000000004,17.8
5.94,0.18315019,-0.30000000000000004,0.30000000000000004,17.8
5.94,0.18315019,-0.30000000000000004,0.30000000000000004,17.8
5.95,0.18315019,-0.30000000000000004,0.30000000000000004,17.8
5.95,0.17826618,-0.30000000000000004,0.30000000000000004,17.8
5.95,0.17826618,-0.30000000000000004,0.30000000000000004,17.8
5.95,0.17338218,-0.30000000000000004,0.30000000000000004,17.8
5.95,0.17338218,-0.30000000000000004,0.30000000000000004,17.8
5.95,0.17338218,-0.30000000000000004,0.30000000000000004,17.8
5.95,0.16849817,-0.30000000000000004,0.30000000000000004,17.8
5.95,0.16361417,-0.30000000000000004,0.30000000000000004,17.8
5.95,0.15873016,-0.30000000000000004,0.30000000000000004,17.8
5.95,0.14896215,-0.30000000000000004,0.30000000000000004,17.8
5.95,0.15384616,-0.30000000000000004,0.30000000000000004,17.8
5.96,0.15384616,-0.30000000000000004,0.30000000000000004,17.8
5.96,0.14407815,-0.30000000000000004,0.30000000000000004,17.8
5.96,0.14407815,-0.30000000000000004,0.30000000000000004,17.8
5.96,0.13431014,-0.30000000000000004,0.30000000000000004,17.8
5.96,0.12942614,-0.30000000000000004,0.30000000000000004,17.8
5.96,0.12942614,-0.30000000000000004,0.30000000000000004,17.8
5.96,0.124542125,-0.30000000000000004,0.30000000000000004,17.8
5.96,0.11965812,-0.30000000000000004,0.30000000000000004,17.8
5.97,0.10989011,-0.30000000000000004,0.30000000000000004,17.8
5.97,0.10989011,-0.30000000000000004,0.30000000000000004,17.8
5.97,0.10989011,-0.30000000000000004,0.30000000000000004,17.8
5.97,0.105006106,-0.30000000000000004,0.30000000000000004,17.8
5.97,0.105006106,-0.30000000000000004,0.30000000000000004,17.8
5.97,0.105006106,-0.30000000000000004,0.30000000000000004,17.8
5.97,0.105006106,-0.30000000000000004,0.30000000000000004,17.8
5.97,0.1001221,-0.30000000000000004,0.30000000000000004,17.8
5.97,0.09035409,-0.30000000000000004,0.30000000000000004,17.8
5.97,0.09035409,-0.30000000000000004,0.30000000000000004,17.8
5.97,0.09035409,-0.30000000000000004,0.30000000000000004,17.900000000000002
5.98,0.08547009,-0.30000000000000004,0.30000000000000004,17.900000000000002
5.98,0.09035409,-0.30000000000000004,0.30000000000000004,17.900000000000002
5.98,0.08547009,-0.30000000000000004,0.30000000000000004,17.900000000000002
5.98,0.08058608,-0.30000000000000004,0.30000000000000004,17.900000000000002
5.98,0.08058608,-0.30000000000000004,0.30000000000000004,17.900000000000002
5.98,0.08058608,-0.30000000000000004,0.30000000000000004,17.900000000000002
5.98,0.08058608,-0.30000000000000004,0.30000000000000004,17.900000000000002
5.98,0.08058608,-0.30000000000000004,0.30000000000000004,17.900000000000002
5.98,0.08058608,-0.30000000000000004,0.30000000000000004,17.900000000000002
5.98,0.08058608,-0.30000000000000004,0.30000000000000004,17.900000000000002
5.98,0.08547009,-0.30000000000000004,0.30000000000000004,17.900000000000002
5.99,0.08058608,-0.30000000000000004,0.30000000000000004,17.900000000000002
5.99,0.08547009,-0.30000000000000004,0.4,17.900000000000002
5.99,0.09035409,-0.30000000000000004,0.4,17.900000000000002
5.99,0.08547009,-0.30000000000000004,0.4,17.900000000000002
5.99,0.09035409,-0.30000000000000004,0.4,17.900000000000002
5.99,0.09035409,-0.30000000000000004,0.4,17.900000000000002
5.99,0.08547009,-0.30000000000000004,0.4,17.900000000000002
5.99,0.09035409,-0.30000000000000004,0.4,17.900000000000002
5.99,0.0952381,-0.30000000000000004,0.4,17.900000000000002
5.99,0.0952381,-0.30000000000000004,0.4,17.900000000000002
6.0,0.0952381,-0.30000000000000004,0.4,17.900000000000002
6.0,0.1001221,-0.30000000000000004,0.4,17.900000000000002
6.0,0.1001221,-0.30000000000000004,0.4,17.900000000000002
6.0,0.105006106,-0.30000000000000004,0.4,17.900000000000002
6.0,0.1001221,-0.30000000000000004,0.4,17.900000000000002
6.0,0.1001221,-0.30000000000000004,0.4,17.900000000000002
6.0,0.10989011,-0.30000000000000004,0.4,17.900000000000002
6.0,0.10989011,-0.30000000000000004,0.4,17.900000000000002
6.0,0.10989011,-0.30000000000000004,0.4,17.900000000000002
6.0,0.10989011,-0.30000000000000004,0.4,17.900000000000002
6.01,0.114774115,-0.30000000000000004,0.4,17.900000000000002
6.01,0.114774115,-0.30000000000000004,0.4,17.900000000000002
6.01,0.114774115,-0.30000000000000004,0.4,17.900000000000002
6.01,0.11965812,-0.30000000000000004,0.4,17.900000000000002
6.01,0.124542125,-0.30000000000000004,0.4,17.900000000000002
6.01,0.12942614,-0.30000000000000004,0.4,17.900000000000002
6.01,0.12942614,-0.30000000000000004,0.4,17.900000000000002
6.01,0.13431014,-0.30000000000000004,0.4,17.900000000000002
6.01,0.13431014,-0.30000000000000004,0.4,17.900000000000002
6.02,0.13431014,-0.30000000000000004,0.4,17.900000000000002
6.02,0.12942614,-0.30000000000000004,0.4,17.900000000000002
6.02,0.13919415,-0.30000000000000004,0.4,17.900000000000002
6.02,0.13919415,-0.30000000000000004,0.4,17.900000000000002
6.02,0.13919415,-0.30000000000000004,0.4,17.900000000000002
6.02,0.14896215,-0.30000000000000004,0.4,17.900000000000002
6.02,0.14407815,-0.30000000000000004,0.4,17.900000000000002
6.02,0.13919415,-0.30000000000000004,0.4,17.900000000000002
6.02,0.14896215,-0.30000000000000004,0.4,17.900000000000002
6.02,0.14407815,-0.30000000000000004,0.4,17.900000000000002
6.03,0.14407815,-0.30000000000000004,0.4,17.900000000000002
6.03,0.14896215,-0.30000000000000004,0.4,17.900000000000002
6.03,0.14896215,-0.30000000000000004,0.4,17.900000000000002
6.03,0.14896215,-0.30000000000000004,0.4,17.900000000000002
6.03,0.15384616,-0.30000000000000004,0.4,17.900000000000002
6.03,0.15384616,-0.30000000000000004,0.4,17.900000000000002
6.03,0.15384616,-0.30000000000000004,0.4,17.900000000000002
6.03,0.15384616,-0.30000000000000004,0.4,17.900000000000002
6.03,0.15873016,-0.30000000000000004,0.4,17.900000000000002
6.03,0.15384616,-0.30000000000000004,0.4,17.900000000000002
6.03,0.15384616,-0.30000000000000004,0.4,17.900000000000002
6.04,0.15384616,-0.30000000000000004,0.4,17.900000000000002
6.04,0.15384616,-0.30000000000000004,0.4,17.900000000000002
6.04,0.15873016,-0.30000000000000004,0.4,17.900000000000002
6.04,0.15873016,-0.30000000000000004,0.4,17.900000000000002
6.04,0.15873016,-0.30000000000000004,0.4,17.900000000000002
6.04,0.15873016,-0.30000000000000004,0.4,17.900000000000002
6.04,0.15873016,-0.30000000000000004,0.4,17.900000000000002
6.04,0.15873016,-0.30000000000000004,0.4,17.900000000000002
6.04,0.15873016,-0.30000000000000004,0.4,17.900000000000002
6.04,0.15873016,-0.30000000000000004,0.4,17.900000000000002
6.05,0.16361417,-0.30000000000000004,0.4,17.900000000000002
6.05,0.16361417,-0.30000000000000004,0.4,17.900000000000002
6.05,0.16361417,-0.30000000000000004,0.4,17.900000000000002
6.05,0.16849817,-0.30000000000000004,0.4,17.900000000000002
6.05,0.16361417,-0.30000000000000004,0.4,17.900000000000002
6.05,0.16849817,-0.30000000000000004,0.4,17.900000000000002
6.05,0.16849817,-0.30000000000000004,0.4,17.900000000000002
6.05,0.16361417,-0.30000000000000004,0.4,17.900000000000002
6.05,0.17338218,-0.30000000000000004,0.4,17.900000000000002
6.05,0.17338218,-0.30000000000000004,0.4,17.900000000000002
6.06,0.17338218,-0.30000000000000004,0.4,17.900000000000002
6.06,0.17338218,-0.30000000000000004,0.4,17.900000000000002
6.06,0.17338218,-0.30000000000000004,0.4,17.900000000000002
6.06,0.17826618,-0.30000000000000004,0.4,17.900000000000002
6.06,0.17338218,-0.30000000000000004,0.4,17.900000000000002
6.06,0.17826618,-0.30000000000000004,0.4,17.900000000000002
6.06,0.18315019,-0.30000000000000004,0.4,17.900000000000002
6.06,0.18315019,-0.30000000000000004,0.4,17.900000000000002
6.06,0.18315019,-0.30000000000000004,0.4,17.900000000000002
6.06,0.18803419,-0.30000000000000004,0.4,17.900000000000002
6.07,0.18803419,-0.30000000000000004,0.4,17.900000000000002
6.07,0.18315019,-0.30000000000000004,0.4,17.900000000000002
6.07,0.1929182,-0.30000000000000004,0.4,17.900000000000002
6.07,0.1978022,-0.30000000000000004,0.4,17.900000000000002
6.07,0.1929182,-0.30000000000000004,0.4,17.900000000000002
6.07,0.2026862,-0.30000000000000004,0.4,17.900000000000002
6.07,0.1978022,-0.30000000000000004,0.4,17.900000000000002
6.07,0.1978022,-0.30000000000000004,0.4,17.900000000000002
6.07,0.2026862,-0.30000000000000004,0.4,17.900000000000002
6.08,0.2026862,-0.30000000000000004,0.4,17.900000000000002
6.08,0.2026862,-0.30000000000000004,0.4,17.900000000000002
6.08,0.2026862,-0.30000000000000004,0.4,17.900000000000002
6.08,0.20757021,-0.30000000000000004,0.4,18.0
6.08,0.2026862,-0.30000000000000004,0.4,18.0
6.08,0.1929182,-0.30000000000000004,0.4,18.0
6.08,0.1978022,-0.30000000000000004,0.4,18.0
6.08,0.1929182,-0.30000000000000004,0.4,18.0
6.08,0.18803419,-0.30000000000000004,0.4,18.0
6.08,0.18803419,-0.30000000000000004,0.4,18.0
6.08,0.17826618,-0.30000000000000004,0.4,18.0
6.09,0.17826618,-0.30000000000000004,0.4,18.0
6.09,0.16849817,-0.30000000000000004,0.4,18.0
6.09,0.15873016,-0.30000000000000004,0.4,18.0
6.09,0.15873016,-0.30000000000000004,0.4,18.0
6.09,0.15384616,-0.30000000000000004,0.4,18.0
6.09,0.14407815,-0.2,0.4,18.0
6.09,0.12942614,-0.2,0.4,18.0
6.09,0.124542125,-0.2,0.4,18.0
6.09,0.11965812,-0.2,0.4,18.0
6.1,0.105006106,-0.2,0.4,18.0
6.1,0.10989011,-0.2,0.4,18.0
6.1,0.1001221,-0.2,0.4,18.0
6.1,0.1001221,-0.2,0.4,18.0
6.1,0.09035409,-0.2,0.4,18.0
6.1,0.09035409,-0.2,0.4,18.0
6.1,0.08058608,-0.2,0.4,18.0
6.1,0.07570208,-0.2,0.4,18.0
6.1,0.070818074,-0.2,0.4,18.0
6.1,0.06593407,-0.2,0.4,18.0
6.1,0.070818074,-0.2,0.4,18.0
6.11,0.070818074,-0.2,0.4,18.0
6.11,0.06593407,-0.2,0.4,18.0
6.11,0.06105006,-0.2,0.4,18.0
6.11,0.06105006,-0.2,0.4,18.0
6.11,0.06105006,-0.2,0.4,18.0
6.11,0.06105006,-0.2,0.4,18.0
6.11,0.06105006,-0.2,0.4,18.0
6.11,0.070818074,-0.2,0.4,18.0
6.11,0.07570208,-0.2,0.4,18.0
6.12,0.070818074,-0.2,0.4,18.0
6.12,0.06593407,-0.2,0.4,18.0
6.12,0.07570208,-0.2,0.5,18.0
6.12,0.070818074,-0.2,0.5,18.0
6.12,0.07570208,-0.2,0.5,18.0
6.12,0.08058608,-0.2,0.5,18.0
6.12,0.08547009,-0.2,0.5,18.0
6.12,0.08547009,-0.2,0.5,18.0
6.12,0.0952381,-0.2,0.5,18.0
6.12,0.09035409,-0.2,0.5,18.0
6.13,0.0952381,-0.2,0.5,18.0
6.13,0.1001221,-0.2,0.5,18.0
6.13,0.105006106,-0.2,0.5,18.0
6.13,0.10989011,-0.2,0.5,18.0
6.13,0.114774115,-0.2,0.5,18.0
6.13,0.114774115,-0.2,0.5,17.900000000000002
6.13,0.11965812,-0.2,0.5,17.900000000000002
6.13,0.124542125,-0.2,0.5,17.900000000000002
6.13,0.124542125,-0.2,0.5,17.900000000000002
6.13,0.13431014,-0.2,0.5,17.900000000000002
6.13,0.13431014,-0.2,0.5,17.900000000000002
6.14,0.14407815,-0.2,0.5,17.900000000000002
6.14,0.14407815,-0.2,0.5,17.900000000000002
6.14,0.14896215,-0.2,0.5,17.900000000000002
6.14,0.14896215,-0.2,0.5,17.900000000000002
6.14,0.15384616,-0.2,0.5,17.900000000000002
6.14,0.15384616,-0.2,0.5,17.900000000000002
6.14,0.15873016,-0.2,0.5,17.900000000000002
6.14,0.15384616,-0.30000000000000004,0.4,18.0
6.14,0.15873016,-0.30000000000000004,0.4,18.0
6.14,0.16361417,-0.30000000000000004,0.4,18.0
6.15,0.16361417,-0.30000000000000004,0.4,18.0
6.15,0.16849817,-0.30000000000000004,0.4,18.0
6.15,0.16849817,-0.30000000000000004,0.4,18.0
6.15,0.16849817,-0.30000000000000004,0.4,18.0
6.15,0.16849817,-0.30000000000000004,0.4,18.0
6.15,0.16849817,-0.30000000000000004,0.4,18.0
6.15,0.17338218,-0.30000000000000004,0.4,18.0
6.15,0.17338218,-0.30000000000000004,0.4,18.0
6.15,0.16849817,-0.30000000000000004,0.4,18.0
6.15,0.16849817,-0.30000000000000004,0.4,18.0
6.16,0.16849817,-0.30000000000000004,0.4,17.900000000000002
6.16,0.16361417,-0.30000000000000004,0.4,17.900000000000002
6.16,0.15873016,-0.30000000000000004,0.4,17.900000000000002
6.16,0.16361417,-0.30000000000000004,0.4,17.900000000000002
6.16,0.15384616,-0.30000000000000004,0.4,17.900000000000002
6.16,0.15873016,-0.30000000000000004,0.4,17.900000000000002
6.16,0.15873016,-0.30000000000000004,0.4,17.900000000000002
6.16,0.15873016,-0.30000000000000004,0.4,17.900000000000002
6.16,0.15384616,-0.30000000000000004,0.4,17.900000000000002
6.17,0.15384616,-0.30000000000000004,0.4,17.900000000000002
6.17,0.15384616,-0.30000000000000004,0.4,17.900000000000002
6.17,0.15384616,-0.30000000000000004,0.4,17.900000000000002
6.17,0.15384616,-0.30000000000000004,0.4,17.900000000000002
6.17,0.14896215,-0.30000000000000004,0.4,17.900000000000002
6.17,0.15384616,-0.30000000000000004,0.4,17.900000000000002
6.17,0.15384616,-0.30000000000000004,0.4,17.900000000000002
6.17,0.14896215,-0.30000000000000004,0.4,17.900000000000002
6.17,0.14896215,-0.30000000000000004,0.4,17.900000000000002
6.18,0.14896215,-0.30000000000000004,0.4,17.900000000000002
6.18,0.14407815,-0.30000000000000004,0.4,17.900000000000002
6.18,0.14896215,-0.30000000000000004,0.4,17.900000000000002
6.18,0.14896215,-0.30000000000000004,0.4,17.900000000000002
6.18,0.14896215,-0.30000000000000004,0.4,17.900000000000002
6.18,0.14896215,-0.30000000000000004,0.4,17.900000000000002
6.18,0.14896215,-0.30000000000000004,0.4,17.900000000000002
6.18,0.14896215,-0.30000000000000004,0.4,17.900000000000002
6.18,0.14896215,-0.30000000000000004,0.4,17.900000000000002
6.18,0.14896215,-0.30000000000000004,0.4,17.900000000000002
6.18,0.14896215,-0.30000000000000004,0.4,17.900000000000002
6.19,0.15384616,-0.30000000000000004,0.4,17.900000000000002
6.19,0.14896215,-0.30000000000000004,0.4,17.900000000000002
6.19,0.15384616,-0.30000000000000004,0.4,17.900000000000002
6.19,0.14896215,-0.30000000000000004,0.4,17.900000000000002
6.19,0.14407815,-0.30000000000000004,0.4,17.900000000000002
6.19,0.13919415,-0.30000000000000004,0.4,17.900000000000002
6.19,0.13431014,-0.30000000000000004,0.4,17.900000000000002
6.19,0.13431014,-0.30000000000000004,0.4,17.900000000000002
6.19,0.124542125,-0.30000000000000004,0.4,17.900000000000002
6.19,0.124542125,-0.30000000000000004,0.4,17.900000000000002
6.19,0.11965812,-0.30000000000000004,0.4,17.900000000000002
6.2,0.10989011,-0.30000000000000004,0.4,17.900000000000002
6.2,0.1001221,-0.30000000000000004,0.4,17.900000000000002
6.2,0.0952381,-0.30000000000000004,0.4,17.900000000000002
6.2,0.08547009,-0.30000000000000004,0.4,17.900000000000002
6.2,0.07570208,-0.30000000000000004,0.4,17.900000000000002
6.2,0.070818074,-0.30000000000000004,0.4,17.900000000000002
6.2,0.06105006,-0.30000000000000004,0.4,17.900000000000002
6.2,0.051282052,-0.30000000000000004,0.4,17.900000000000002
6.2,0.041514043,-0.30000000000000004,0.4,17.900000000000002
6.2,0.026862027,-0.30000000000000004,0.4,17.900000000000002
6.21,0.021978023,-0.30000000000000004,0.4,17.900000000000002
6.21,0.021978023,-0.30000000000000004,0.4,17.900000000000002
6.21,0.012210012,-0.30000000000000004,0.4,17.900000000000002
6.21,0.0073260074,-0.30000000000000004,0.4,17.900000000000002
6.21,0.0024420025,-0.30000000000000004,0.4,17.900000000000002
6.21,0.0024420025,-0.30000000000000004,0.4,17.900000000000002
6.21,-0.0024420025,-0.30000000000000004,0.4,17.900000000000002
6.21,-0.0024420025,-0.30000000000000004,0.4,17.900000000000002
6.21,-0.0073260074,-0.30000000000000004,0.4,17.900000000000002
6.22,-0.0073260074,-0.30000000000000004,0.4,17.900000000000002
6.22,-0.012210012,-0.30000000000000004,0.4,17.900000000000002
6.22,-0.017094018,-0.30000000000000004,0.4,17.900000000000002
6.22,-0.017094018,-0.30000000000000004,0.4,17.900000000000002
6.22,-0.012210012,-0.30000000000000004,0.30000000000000004,17.900000000000002
6.22,-0.017094018,-0.30000000000000004,0.30000000000000004,17.900000000000002
6.22,-0.021978023,-0.30000000000000004,0.30000000000000004,17.900000000000002
6.22,-0.017094018,-0.30000000000000004,0.30000000000000004,17.900000000000002
6.22,-0.021978023,-0.30000000000000004,0.30000000000000004,17.900000000000002
6.23,-0.021978023,-0.30000000000000004,0.30000000000000004,17.900000000000002
6.23,-0.017094018,-0.30000000000000004,0.30000000000000004,17.900000000000002
6.23,-0.017094018,-0.30000000000000004,0.30000000000000004,17.900000000000002
6.23,-0.012210012,-0.30000000000000004,0.30000000000000004,17.900000000000002
6.23,-0.012210012,-0.30000000000000004,0.30000000000000004,17.900000000000002
6.23,-0.0073260074,-0.30000000000000004,0.30000000000000004,17.900000000000002
6.23,-0.0024420025,-0.30000000000000004,0.30000000000000004,17.900000000000002
6.23,0.0024420025,-0.30000000000000004,0.30000000000000004,17.900000000000002
6.23,0.0073260074,-0.30000000000000004,0.30000000000000004,18.0
6.23,0.0073260074,-0.30000000000000004,0.30000000000000004,18.0
6.24,0.0073260074,-0.30000000000000004,0.30000000000000004,18.0
6.24,0.012210012,-0.30000000000000004,0.30000000000000004,18.0
6.24,0.012210012,-0.30000000000000004,0.30000000000000004,18.0
6.24,0.017094018,-0.30000000000000004,0.30000000000000004,18.0
6.24,0.021978023,-0.30000000000000004,0.30000000000000004,18.0
6.24,0.026862027,-0.30000000000000004,0.30000000000000004,18.0
6.24,0.026862027,-0.30000000000000004,0.30000000000000004,18.0
6.24,0.026862027,-0.30000000000000004,0.30000000000000004,18.0
6.24,0.03663004,-0.30000000000000004,0.30000000000000004,18.0
6.24,0.041514043,-0.30000000000000004,0.30000000000000004,18.0
6.24,0.041514043,-0.30000000000000004,0.30000000000000004,18.0
6.25,0.046398047,-0.30000000000000004,0.30000000000000004,18.0
6.25,0.046398047,-0.30000000000000004,0.30000000000000004,17.900000000000002
6.25,0.056166057,-0.30000000000000004,0.30000000000000004,17.900000000000002
6.25,0.06105006,-0.30000000000000004,0.30000000000000004,17.900000000000002
6.25,0.06105006,-0.30000000000000004,0.30000000000000004,17.900000000000002
6.25,0.06593407,-0.30000000000000004,0.30000000000000004,17.900000000000002
6.25,0.070818074,-0.30000000000000004,0.30000000000000004,17.900000000000002
6.25,0.07570208,-0.30000000000000004,0.30000000000000004,17.900000000000002
6.25,0.08058608,-0.30000000000000004,0.30000000000000004,17.900000000000002
6.25,0.08547009,-0.30000000000000004,0.30000000000000004,17.900000000000002
6.25,0.09035409,-0.30000000000000004,0.30000000000000004,17.900000000000002
6.26,0.1001221,-0.30000000000000004,0.30000000000000004,17.900000000000002
6.26,0.105006106,-0.30000000000000004,0.30000000000000004,17.900000000000002
6.26,0.114774115,-0.30000000000000004,0.30000000000000004,17.900000000000002
6.26,0.114774115,-0.30000000000000004,0.30000000000000004,17.900000000000002
6.26,0.11965812,-0.30000000000000004,0.30000000000000004,17.900000000000002
6.26,0.124542125,-0.30000000000000004,0.30000000000000004,17.900000000000002
6.26,0.12942614,-0.30000000000000004,0.30000000000000004,17.900000000000002
6.26,0.13431014,-0.30000000000000004,0.30000000000000004,17.900000000000002
6.26,0.13431014,-0.30000000000000004,0.30000000000000004,17.900000000000002
6.27,0.14407815,-0.30000000000000004,0.30000000000000004,17.900000000000002
6.27,0.14407815,-0.30000000000000004,0.30000000000000004,17.900000000000002
6.27,0.14896215,-0.30000000000000004,0.30000000000000004,17.900000000000002
6.27,0.15384616,-0.30000000000000004,0.30000000000000004,17.900000000000002
6.27,0.14896215,-0.30000000000000004,0.30000000000000004,17.900000000000002
6.27,0.15873016,-0.30000000000000004,0.30000000000000004,17.900000000000002
6.27,0.15873016,-0.30000000000000004,0.30000000000000004,17.900000000000002
6.27,0.16361417,-0.30000000000000004,0.30000000000000004,17.900000000000002
6.27,0.16361417,-0.30000000000000004,0.30000000000000004,17.900000000000002
6.28,0.16361417,-0.30000000000000004,0.30000000000000004,17.900000000000002
6.28,0.16361417,-0.30000000000000004,0.30000000000000004,17.900000000000002
6.28,0.16361417,-0.30000000000000004,0.30000000000000004,17.900000000000002
6.28,0.16361417,-0.30000000000000004,0.30000000000000004,17.900000000000002
6.28,0.16361417,-0.30000000000000004,0.30000000000000004,17.900000000000002
6.28,0.16849817,-0.30000000000000004,0.30000000000000004,17.900000000000002
6.28,0.15873016,-0.30000000000000004,0.30000000000000004,17.900000000000002
6.28,0.16361417,-0.30000000000000004,0.30000000000000004,17.900000000000002
6.28,0.16361417,-0.30000000000000004,0.30000000000000004,17.900000000000002
6.29,0.16361417,-0.30000000000000004,0.30000000000000004,17.900000000000002
6.29,0.15384616,-0.30000000000000004,0.30000000000000004,17.900000000000002
6.29,0.15873016,-0.30000000000000004,0.30000000000000004,17.900000000000002
6.29,0.15873016,-0.30000000000000004,0.30000000000000004,17.900000000000002
6.29,0.15384616,-0.30000000000000004,0.30000000000000004,17.900000000000002
6.29,0.15384616,-0.30000000000000004,0.30000000000000004,17.900000000000002
6.29,0.14896215,-0.30000000000000004,0.30000000000000004,17.900000000000002
6.29,0.14407815,-0.30000000000000004,0.30000000000000004,17.900000000000002
6.29,0.14407815,-0.30000000000000004,0.30000000000000004,17.900000000000002
6.29,0.13919415,-0.30000000000000004,0.30000000000000004,17.900000000000002
6.3,0.14407815,-0.30000000000000004,0.30000000000000004,17.900000000000002
6.3,0.13431014,-0.30000000000000004,0.30000000000000004,17.900000000000002
6.3,0.12942614,-0.30000000000000004,0.30000000000000004,17.900000000000002
6.3,0.124542125,-0.30000000000000004,0.30000000000000004,17.900000000000002
6.3,0.11965812,-0.30000000000000004,0.30000000000000004,17.900000000000002
6.3,0.124542125,-0.30000000000000004,0.30000000000000004,17.900000000000002
6.3,0.11965812,-0.30000000000000004,0.30000000000000004,17.900000000000002
6.3,0.114774115,-0.30000000000000004,0.30000000000000004,17.900000000000002
6.3,0.10989011,-0.30000000000000004,0.30000000000000004,17.900000000000002
6.3,0.10989011,-0.30000000000000004,0.30000000000000004,17.900000000000002
6.31,0.105006106,-0.30000000000000004,0.30000000000000004,17.900000000000002
6.31,0.105006106,-0.30000000000000004,0.30000000000000004,17.900000000000002
6.31,0.1001221,-0.30000000000000004,0.30000000000000004,17.900000000000002
6.31,0.0952381,-0.30000000000000004,0.30000000000000004,17.900000000000002
6.31,0.09035409,-0.30000000000000004,0.2,17.900000000000002
6.31,0.09035409,-0.30000000000000004,0.2,17.900000000000002
6.31,0.09035409,-0.30000000000000004,0.2,17.900000000000002
6.32,0.08058608,-0.30000000000000004,0.2,17.900000000000002
6.32,0.08547009,-0.30000000000000004,0.2,17.900000000000002
6.32,0.08058608,-0.30000000000000004,0.2,17.900000000000002
6.32,0.08058608,-0.30000000000000004,0.2,17.900000000000002
6.32,0.08058608,-0.30000000000000004,0.2,17.900000000000002
6.32,0.07570208,-0.30000000000000004,0.2,17.900000000000002
6.32,0.070818074,-0.30000000000000004,0.2,17.900000000000002
6.32,0.070818074,-0.30000000000000004,0.2,17.900000000000002
6.32,0.070818074,-0.30000000000000004,0.2,17.900000000000002
6.32,0.07570208,-0.30000000000000004,0.2,18.0
6.33,0.070818074,-0.30000000000000004,0.2,18.0
6.33,0.070818074,-0.30000000000000004,0.2,18.0
6.33,0.070818074,-0.30000000000000004,0.2,18.0
6.33,0.070818074,-0.30000000000000004,0.2,18.0
6.33,0.070818074,-0.30000000000000004,0.2,18.0
6.33,0.070818074,-0.30000000000000004,0.2,18.0
6.33,0.07570208,-0.30000000000000004,0.2,18.0
6.33,0.070818074,-0.30000000000000004,0.2,18.0
6.34,0.070818074,-0.30000000000000004,0.2,18.0
6.34,0.070818074,-0.30000000000000004,0.2,18.0
6.34,0.07570208,-0.30000000000000004,0.2,18.0
6.34,0.070818074,-0.30000000000000004,0.2,18.0
6.34,0.07570208,-0.30000000000000004,0.2,18.0
6.34,0.07570208,-0.30000000000000004,0.2,18.0
6.34,0.07570208,-0.30000000000000004,0.2,18.0
6.34,0.07570208,-0.30000000000000004,0.2,18.0
6.34,0.08058608,-0.30000000000000004,0.2,18.0
6.34,0.08058608,-0.30000000000000004,0.2,18.0
6.35,0.08058608,-0.30000000000000004,0.2,18.0
6.35,0.08058608,-0.30000000000000004,0.2,18.0
6.35,0.08058608,-0.30000000000000004,0.2,18.0
6.35,0.08058608,-0.30000000000000004,0.2,18.0
6.35,0.08547009,-0.30000000000000004,0.2,18.0
6.35,0.09035409,-0.4,0.2,18.0
6.35,0.09035409,-0.4,0.2,18.0
6.35,0.09035409,-0.4,0.2,18.0
6.35,0.09035409,-0.4,0.2,18.0
6.35,0.0952381,-0.4,0.2,18.0
6.36,0.1001221,-0.4,0.2,18.0
6.36,0.0952381,-0.4,0.2,18.0
6.36,0.1001221,-0.4,0.2,18.0
6.36,0.0952381,-0.4,0.2,18.0
6.36,0.1001221,-0.4,0.2,18.0
6.36,0.105006106,-0.4,0.2,18.0
6.36,0.105006106,-0.4,0.2,18.0
6.36,0.105006106,-0.4,0.2,18.0
6.36,0.10989011,-0.4,0.2,18.0
6.36,0.10989011,-0.4,0.2,18.0
6.36,0.10989011,-0.4,0.2,18.0
6.37,0.114774115,-0.4,0.2,18.0
6.37,0.11965812,-0.4,0.2,18.0
6.37,0.11965812,-0.4,0.2,18.0
6.37,0.11965812,-0.4,0.2,18.0
6.37,0.11965812,-0.4,0.2,18.0
6.37,0.124542125,-0.4,0.2,18.0
6.37,0.124542125,-0.4,0.2,18.0
6.37,0.124542125,-0.4,0.2,18.0
6.37,0.124542125,-0.4,0.2,18.0
6.38,0.124542125,-0.4,0.2,18.0
6.38,0.124542125,-0.4,0.2,18.1
6.38,0.124542125,-0.4,0.2,18.1
6.38,0.12942614,-0.4,0.2,18.1
6.38,0.12942614,-0.4,0.2,18.1
6.38,0.12942614,-0.4,0.2,18.1
6.38,0.124542125,-0.4,0.2,18.1
6.38,0.12942614,-0.4,0.2,18.1
6.38,0.12942614,-0.4,0.2,18.1
6.38,0.124542125,-0.4,0.2,18.1
6.39,0.12942614,-0.4,0.2,18.1
6.39,0.13431014,-0.4,0.2,18.1
6.39,0.124542125,-0.4,0.2,18.1
6.39,0.124542125,-0.4,0.2,18.1
6.39,0.12942614,-0.4,0.2,18.1
6.39,0.124542125,-0.4,0.2,18.1
6.39,0.124542125,-0.4,0.2,18.1
6.39,0.124542125,-0.4,0.2,18.1
6.39,0.11965812,-0.4,0.2,18.1
6.39,0.11965812,-0.4,0.2,18.1
6.4,0.11965812,-0.4,0.2,18.1
6.4,0.124542125,-0.4,0.2,18.1
6.4,0.11965812,-0.4,0.2,18.1
6.4,0.11965812,-0.4,0.2,18.1
6.4,0.11965812,-0.4,0.2,18.1
6.4,0.114774115,-0.4,0.2,18.1
6.4,0.114774115,-0.4,0.2,18.1
6.4,0.11965812,-0.30000000000000004,0.1,18.2
6.4,0.114774115,-0.30000000000000004,0.1,18.2
6.4,0.114774115,-0.30000000000000004,0.1,18.2
6.4,0.11965812,-0.30000000000000004,0.1,18.2
6.41,0.114774115,-0.30000000000000004,0.1,18.2
6.41,0.10989011,-0.30000000000000004,0.1,18.2
6.41,0.114774115,-0.30000000000000004,0.1,18.2
6.41,0.114774115,-0.30000000000000004,0.1,18.2
6.41,0.114774115,-0.30000000000000004,0.1,18.2
6.41,0.10989011,-0.30000000000000004,0.1,18.2
6.41,0.114774115,-0.30000000000000004,0.1,18.2
6.41,0.114774115,-0.30000000000000004,0.1,18.2
6.41,0.10989011,-0.30000000000000004,0.1,18.2
6.42,0.105006106,-0.30000000000000004,0.1,18.2
6.42,0.10989011,-0.30000000000000004,0.1,18.2
6.42,0.10989011,-0.30000000000000004,0.1,18.2
6.42,0.105006106,-0.30000000000000004,0.1,18.2
6.42,0.10989011,-0.30000000000000004,0.1,18.2
6.42,0.10989011,-0.30000000000000004,0.1,18.2
6.42,0.10989011,-0.30000000000000004,0.1,18.2
6.42,0.105006106,-0.30000000000000004,0.1,18.2
6.42,0.105006106,-0.30000000000000004,0.1,18.2
6.42,0.105006106,-0.30000000000000004,0.1,18.2
6.42,0.105006106,-0.30000000000000004,0.1,18.2
6.43,0.1001221,-0.30000000000000004,0.1,18.2
6.43,0.105006106,-0.30000000000000004,0.1,18.2
6.43,0.1001221,-0.30000000000000004,0.1,18.2
6.43,0.105006106,-0.30000000000000004,0.1,18.2
6.43,0.1001221,-0.30000000000000004,0.1,18.2
6.43,0.1001221,-0.30000000000000004,0.1,18.2
6.43,0.1001221,-0.30000000000000004,0.1,18.2
6.43,0.0952381,-0.30000000000000004,0.1,18.2
6.43,0.0952381,-0.30000000000000004,0.1,18.2
6.44,0.09035409,-0.30000000000000004,0.1,18.2
6.44,0.0952381,-0.30000000000000004,0.1,18.2
6.44,0.105006106,-0.30000000000000004,0.1,18.2
6.44,0.0952381,-0.30000000000000004,0.1,18.2
6.44,0.0952381,-0.30000000000000004,0.1,18.2
6.44,0.0952381,-0.30000000000000004,0.1,18.2
6.44,0.0952381,-0.30000000000000004,0.1,18.2
6.44,0.1001221,-0.30000000000000004,0.1,18.2
6.44,0.1001221,-0.30000000000000004,0.1,18.2
6.44,0.1001221,-0.30000000000000004,0.1,18.2
6.45,0.1001221,-0.30000000000000004,0.1,18.2
6.45,0.1001221,-0.30000000000000004,0.1,18.2
6.45,0.105006106,-0.30000000000000004,0.1,18.2
6.45,0.1001221,-0.30000000000000004,0.1,18.2
6.45,0.1001221,-0.30000000000000004,0.1,18.2
6.45,0.105006106,-0.30000000000000004,0.1,18.2
6.45,0.105006106,-0.30000000000000004,0.1,18.2
6.45,0.10989011,-0.30000000000000004,0.1,18.2
6.45,0.10989011,-0.30000000000000004,0.1,18.2
6.45,0.10989011,-0.30000000000000004,0.1,18.2
6.46,0.10989011,-0.30000000000000004,0.1,18.2
6.46,0.10989011,-0.30000000000000004,0.1,18.2
6.46,0.10989011,-0.30000000000000004,0.1,18.2
6.46,0.114774115,-0.30000000000000004,0.1,18.2
6.46,0.10989011,-0.30000000000000004,0.1,18.2
6.46,0.114774115,-0.30000000000000004,0.1,18.2
6.46,0.114774115,-0.30000000000000004,0.1,18.2
6.46,0.10989011,-0.30000000000000004,0.1,18.2
6.46,0.10989011,-0.30000000000000004,0.1,18.2
6.46,0.114774115,-0.30000000000000004,0.1,18.2
6.47,0.114774115,-0.30000000000000004,0.1,18.2
6.47,0.11965812,-0.30000000000000004,0.1,18.2
6.47,0.11965812,-0.4,0.1,18.2
6.47,0.11965812,-0.4,0.1,18.2
6.47,0.11965812,-0.4,0.1,18.2
6.47,0.11965812,-0.4,0.1,18.2
6.47,0.11965812,-0.4,0.1,18.2
6.47,0.11965812,-0.4,0.1,18.2
6.47,0.11965812,-0.4,0.1,18.2
6.47,0.124542125,-0.4,0.1,18.2
6.48,0.124542125,-0.4,0.1,18.2
6.48,0.11965812,-0.4,0.1,18.2
6.48,0.11965812,-0.4,0.1,18.2
6.48,0.124542125,-0.4,0.1,18.2
6.48,0.124542125,-0.4,0.1,18.2
6.48,0.124542125,-0.4,0.1,18.2
6.48,0.12942614,-0.4,0.1,18.2
6.48,0.12942614,-0.4,0.1,18.2
6.48,0.12942614,-0.4,0.1,18.2
6.48,0.124542125,-0.4,0.1,18.2
6.48,0.12942614,-0.4,0.1,18.2
6.49,0.12942614,-0.4,0.1,18.2
6.49,0.12942614,-0.4,0.1,18.2
6.49,0.13919415,-0.4,0.1,18.2
6.49,0.13919415,-0.4,0.1,18.2
6.49,0.14407815,-0.4,0.1,18.2
6.49,0.13919415,-0.4,0.1,18.2
6.49,0.13919415,-0.4,0.1,18.2
6.49,0.14407815,-0.4,0.1,18.3
6.5,0.15384616,-0.4,0.1,18.3
6.5,0.15873016,-0.4,0.1,18.3
6.5,0.15384616,-0.4,0.1,18.3
6.5,0.15384616,-0.4,0.1,18.3
6.5,0.15384616,-0.4,0.1,18.3
6.5,0.15384616,-0.4,0.1,18.3
6.5,0.15873016,-0.4,0.1,18.3
6.5,0.16361417,-0.4,0.1,18.3
6.51,0.16361417,-0.4,0.1,18.3
6.51,0.15873016,-0.4,0.1,18.3
6.51,0.16361417,-0.4,0.1,18.3
6.51,0.15873016,-0.4,0.1,18.3
6.51,0.16361417,-0.4,0.1,18.3
6.51,0.16849817,-0.4,0.1,18.3
6.51,0.16361417,-0.4,0.1,18.3
6.51,0.15873016,-0.4,0.1,18.3
6.52,0.16849817,-0.4,0.1,18.3
6.52,0.16849817,-0.4,0.1,18.3
6.52,0.17338218,-0.4,0.1,18.3
6.52,0.17338218,-0.4,0.1,18.3
6.52,0.16849817,-0.4,0.1,18.3
6.52,0.16849817,-0.4,0.1,18.3
6.52,0.17826618,-0.4,0.1,18.3
6.53,0.17826618,-0.4,0.1,18.3
6.53,0.17338218,-0.4,0.1,18.3
6.53,0.17826618,-0.4,0.1,18.3
6.53,0.17338218,-0.4,0.1,18.3
6.53,0.17826618,-0.4,0.1,18.3
6.53,0.17826618,-0.4,0.1,18.3
6.53,0.18315019,-0.4,0.1,18.3
6.53,0.18315019,-0.4,0.1,18.3
6.54,0.17826618,-0.4,0.1,18.3
6.54,0.18315019,-0.4,0.1,18.3
6.54,0.17826618,-0.4,0.1,18.3
6.54,0.17826618,-0.4,0.1,18.3
6.54,0.17826618,-0.4,0.1,18.3
6.54,0.17826618,-0.4,0.1,18.3
6.54,0.17826618,-0.4,0.1,18.3
6.54,0.18315019,-0.4,0.1,18.3
6.54,0.17826618,-0.4,0.1,18.3
6.55,0.17826618,-0.4,0.1,18.3
6.55,0.17338218,-0.4,0.1,18.3
6.55,0.17338218,-0.4,0.1,18.3
6.55,0.17826618,-0.4,0.1,18.3
6.55,0.17826618,-0.4,0.1,18.3
6.55,0.17338218,-0.4,0.1,18.3
6.55,0.17826618,-0.4,0.1,18.3
6.55,0.17338218,-0.4,0.1,18.3
6.55,0.16849817,-0.4,0.1,18.3
6.56,0.16849817,-0.4,0.1,18.3
6.56,0.16849817,-0.4,0.1,18.3
6.56,0.16849817,-0.4,0.1,18.3
6.56,0.16849817,-0.4,0.1,18.3
6.56,0.16361417,-0.4,0.1,18.3
6.56,0.16361417,-0.4,0.1,18.3
6.56,0.16849817,-0.4,0.1,18.3
6.56,0.16361417,-0.4,0.1,18.3
6.56,0.16849817,-0.4,0.1,18.3
6.57,0.15873016,-0.4,0.1,18.3
6.57,0.16361417,-0.4,0.1,18.3
6.57,0.16361417,-0.4,0.1,18.3
6.57,0.15873016,-0.4,0.1,18.3
6.57,0.16361417,-0.4,0.1,18.3
6.57,0.16361417,-0.4,0.1,18.3
6.57,0.15873016,-0.4,0.1,18.3
6.57,0.16361417,-0.4,0.1,18.3
6.58,0.15873016,-0.4,0.1,18.3
6.58,0.15384616,-0.4,0.1,18.3
6.58,0.15873016,-0.4,0.1,18.3
6.58,0.15384616,-0.4,0.1,18.3
6.58,0.15384616,-0.4,0.1,18.3
6.58,0.14896215,-0.4,0.1,18.3
6.58,0.14407815,-0.4,0.1,18.3
6.58,0.14407815,-0.4,0.1,18.3
6.59,0.14407815,-0.4,0.1,18.3
6.59,0.14407815,-0.4,0.1,18.3
6.59,0.13919415,-0.4,0.1,18.3
6.59,0.14407815,-0.4,0.1,18.3
6.59,0.13431014,-0.4,0.1,18.3
6.59,0.13431014,-0.4,0.1,18.3
6.59,0.12942614,-0.4,0.1,18.3
6.59,0.12942614,-0.4,0.1,18.3
6.59,0.124542125,-0.4,0.1,18.3
6.59,0.114774115,-0.4,0.1,18.3
6.6,0.124542125,-0.4,0.1,18.3
6.6,0.114774115,-0.4,0.1,18.3
6.6,0.11965812,-0.4,0.1,18.3
6.6,0.114774115,-0.4,0.1,18.3
6.6,0.114774115,-0.4,0.1,18.3
6.6,0.10989011,-0.4,0.1,18.3
6.6,0.105006106,-0.4,0.1,18.3
6.6,0.10989011,-0.4,0.1,18.3
6.61,0.10989011,-0.4,0.1,18.3
6.61,0.105006106,-0.4,0.1,18.3
6.61,0.1001221,-0.4,0.1,18.3
6.61,0.0952381,-0.4,0.1,18.3
6.61,0.1001221,-0.4,0.1,18.3
6.61,0.1001221,-0.4,0.1,18.3
6.61,0.1001221,-0.4,0.1,18.3
6.61,0.1001221,-0.4,0.1,18.3
6.61,0.0952381,-0.4,0.1,18.3
6.62,0.0952381,-0.4,0.1,18.3
6.62,0.09035409,-0.4,0.1,18.3
6.62,0.09035409,-0.4,0.1,18.3
6.62,0.09035409,-0.4,0.1,18.3
6.62,0.09035409,-0.4,0.1,18.3
6.62,0.08547009,-0.4,0.1,18.3
6.62,0.08547009,-0.4,0.1,18.3
6.62,0.08547009,-0.4,0.1,18.3
6.62,0.08547009,-0.4,0.1,18.3
6.62,0.09035409,-0.4,0.1,18.3
6.63,0.08547009,-0.4,0.1,18.3
6.63,0.08058608,-0.4,0.1,18.3
6.63,0.08547009,-0.4,0.1,18.3
6.63,0.08058608,-0.4,0.1,18.3
6.63,0.08547009,-0.4,0.1,18.3
6.63,0.08058608,-0.4,0.1,18.3
6.63,0.08058608,-0.4,0.1,18.3
6.63,0.08547009,-0.4,0.1,18.3
6.63,0.08058608,-0.4,0.1,18.3
6.64,0.07570208,-0.4,0.1,18.2
6.64,0.08547009,-0.4,0.1,18.2
6.64,0.09035409,-0.4,0.1,18.2
6.64,0.08058608,-0.4,0.1,18.2
6.64,0.08058608,-0.4,0.1,18.2
6.64,0.08547009,-0.4,0.1,18.2
6.64,0.08058608,-0.4,0.1,18.2
6.64,0.08058608,-0.4,0.1,18.2
6.64,0.08547009,-0.4,0.1,18.2
6.65,0.08547009,-0.4,0.1,18.2
6.65,0.08058608,-0.4,0.1,18.2
6.65,0.08058608,-0.4,0.1,18.2
6.65,0.08547009,-0.4,0.1,18.2
6.65,0.08058608,-0.4,0.1,18.2
6.65,0.08058608,-0.4,0.1,18.2
6.65,0.08547009,-0.4,0.1,18.2
6.65,0.08547009,-0.4,0.1,18.2
6.65,0.08547009,-0.4,0.1,18.2
6.65,0.09035409,-0.4,0.1,18.2
6.66,0.08547009,-0.4,0.1,18.2
6.66,0.08547009,-0.4,0.1,18.2
6.66,0.09035409,-0.4,0.1,18.2
6.66,0.09035409,-0.4,0.1,18.2
6.66,0.08547009,-0.4,0.1,18.2
6.66,0.08547009,-0.4,0.1,18.2
6.66,0.08058608,-0.4,0.1,18.2
6.66,0.08547009,-0.4,0.2,18.2
6.66,0.08547009,-0.4,0.2,18.2
6.66,0.08547009,-0.4,0.2,18.2
6.66,0.08547009,-0.4,0.2,18.2
6.67,0.08547009,-0.4,0.2,18.2
6.67,0.08547009,-0.4,0.2,18.2
6.67,0.08058608,-0.4,0.2,18.2
6.67,0.08058608,-0.4,0.2,18.2
6.67,0.08058608,-0.4,0.2,18.2
6.67,0.08547009,-0.4,0.2,18.2
6.67,0.08547009,-0.4,0.2,18.2
6.67,0.08058608,-0.4,0.2,18.2
6.67,0.07570208,-0.4,0.2,18.2
6.67,0.08058608,-0.4,0.2,18.1
6.68,0.070818074,-0.4,0.2,18.1
6.68,0.07570208,-0.4,0.2,18.1
6.68,0.08058608,-0.4,0.2,18.1
6.68,0.07570208,-0.4,0.2,18.1
6.68,0.07570208,-0.4,0.2,18.1
6.68,0.07570208,-0.4,0.2,18.1
6.68,0.07570208,-0.4,0.2,18.1
6.68,0.07570208,-0.4,0.2,18.1
6.68,0.07570208,-0.4,0.2,18.1
6.69,0.07570208,-0.4,0.2,18.1
6.69,0.07570208,-0.4,0.2,18.1
6.69,0.08058608,-0.4,0.2,18.1
6.69,0.08058608,-0.4,0.2,18.1
6.69,0.08058608,-0.4,0.2,18.1
6.69,0.08058608,-0.4,0.2,18.1
6.69,0.08058608,-0.4,0.2,18.1
6.69,0.08058608,-0.4,0.2,18.1
6.69,0.08058608,-0.4,0.2,18.1
6.69,0.08547009,-0.4,0.2,18.1
6.69,0.09035409,-0.4,0.2,18.1
6.7,0.1001221,-0.4,0.2,18.1
6.7,0.0952381,-0.4,0.2,18.1
6.7,0.1001221,-0.4,0.2,18.1
6.7,0.0952381,-0.4,0.2,18.1
6.7,0.0952381,-0.4,0.2,18.1
6.7,0.105006106,-0.4,0.2,18.1
6.7,0.105006106,-0.4,0.2,18.1
6.7,0.114774115,-0.4,0.2,18.1
6.7,0.114774115,-0.4,0.2,18.1
6.71,0.114774115,-0.4,0.2,18.1
6.71,0.11965812,-0.4,0.2,18.1
6.71,0.124542125,-0.4,0.2,18.1
6.71,0.124542125,-0.4,0.2,18.1
6.71,0.12942614,-0.4,0.2,18.1
6.71,0.13431014,-0.4,0.2,18.1
6.71,0.13431014,-0.4,0.2,18.1
6.71,0.14407815,-0.4,0.2,18.1
6.71,0.14407815,-0.4,0.2,18.1
6.71,0.14407815,-0.4,0.2,18.1
6.71,0.14896215,-0.30000000000000004,0.2,18.1
6.72,0.14896215,-0.30000000000000004,0.2,18.1
6.72,0.14896215,-0.30000000000000004,0.2,18.1
6.72,0.15384616,-0.30000000000000004,0.2,18.1
6.72,0.15384616,-0.30000000000000004,0.2,18.1
6.72,0.15384616,-0.30000000000000004,0.2,18.1
6.72,0.15873016,-0.30000000000000004,0.2,18.1
6.72,0.15873016,-0.30000000000000004,0.2,18.1
6.72,0.15873016,-0.30000000000000004,0.2,18.1
6.72,0.16361417,-0.30000000000000004,0.2,18.1
6.73,0.15873016,-0.30000000000000004,0.2,18.1
6.73,0.16361417,-0.30000000000000004,0.2,18.1
6.73,0.15873016,-0.30000000000000004,0.2,18.1
6.73,0.16361417,-0.30000000000000004,0.2,18.1
6.73,0.15384616,-0.30000000000000004,0.2,18.1
6.73,0.15384616,-0.30000000000000004,0.2,18.1
6.73,0.15873016,-0.30000000000000004,0.2,18.1
6.73,0.14896215,-0.30000000000000004,0.2,18.1
6.73,0.14407815,-0.30000000000000004,0.2,18.1
6.73,0.14407815,-0.30000000000000004,0.2,18.1
6.73,0.13919415,-0.30000000000000004,0.2,18.1
6.74,0.13919415,-0.30000000000000004,0.2,18.1
6.74,0.13919415,-0.30000000000000004,0.2,18.1
6.74,0.13919415,-0.30000000000000004,0.2,18.1
6.74,0.13431014,-0.30000000000000004,0.2,18.1
6.74,0.12942614,-0.30000000000000004,0.2,18.1
6.74,0.124542125,-0.30000000000000004,0.2,18.1
6.74,0.114774115,-0.30000000000000004,0.2,18.1
6.74,0.10989011,-0.30000000000000004,0.2,18.1
6.74,0.10989011,-0.30000000000000004,0.2,18.1
6.75,0.105006106,-0.30000000000000004,0.2,18.1
6.75,0.0952381,-0.30000000000000004,0.2,18.1
6.75,0.0952381,-0.30000000000000004,0.2,18.1
6.75,0.09035409,-0.30000000000000004,0.2,18.1
6.75,0.08547009,-0.30000000000000004,0.2,18.1
6.75,0.08547009,-0.30000000000000004,0.2,18.1
6.75,0.07570208,-0.30000000000000004,0.2,18.1
6.75,0.070818074,-0.30000000000000004,0.2,18.1
6.75,0.06593407,-0.30000000000000004,0.2,18.1
6.76,0.070818074,-0.30000000000000004,0.2,18.1
6.76,0.06593407,-0.30000000000000004,0.2,18.1
6.76,0.051282052,-0.30000000000000004,0.2,18.1
6.76,0.051282052,-0.30000000000000004,0.2,18.1
6.76,0.051282052,-0.30000000000000004,0.2,18.1
6.76,0.051282052,-0.30000000000000004,0.2,18.1
6.76,0.046398047,-0.30000000000000004,0.2,18.1
6.76,0.046398047,-0.30000000000000004,0.2,18.1
6.76,0.046398047,-0.30000000000000004,0.2,18.1
6.76,0.041514043,-0.30000000000000004,0.2,18.1
6.77,0.046398047,-0.30000000000000004,0.2,18.1
6.77,0.046398047,-0.30000000000000004,0.2,18.1
6.77,0.041514043,-0.30000000000000004,0.2,18.1
6.77,0.041514043,-0.30000000000000004,0.2,18.1
6.77,0.03663004,-0.30000000000000004,0.2,18.1
6.77,0.041514043,-0.30000000000000004,0.2,18.1
6.77,0.041514043,-0.30000000000000004,0.2,18.1
6.77,0.046398047,-0.30000000000000004,0.2,18.1
6.77,0.046398047,-0.30000000000000004,0.2,18.1
6.78,0.041514043,-0.30000000000000004,0.2,18.1
6.78,0.041514043,-0.30000000000000004,0.2,18.1
6.78,0.051282052,-0.30000000000000004,0.2,18.1
6.78,0.051282052,-0.30000000000000004,0.30000000000000004,18.1
6.78,0.051282052,-0.30000000000000004,0.30000000000000004,18.1
6.78,0.051282052,-0.30000000000000004,0.30000000000000004,18.1
6.78,0.051282052,-0.30000000000000004,0.30000000000000004,18.1
6.78,0.056166057,-0.30000000000000004,0.30000000000000004,18.1
6.78,0.06105006,-0.30000000000000004,0.30000000000000004,18.1
6.78,0.06105006,-0.30000000000000004,0.30000000000000004,18.1
6.79,0.06593407,-0.30000000000000004,0.30000000000000004,18.1
6.79,0.06593407,-0.30000000000000004,0.30000000000000004,18.1
6.79,0.070818074,-0.30000000000000004,0.30000000000000004,18.1
6.79,0.070818074,-0.30000000000000004,0.30000000000000004,18.1
6.79,0.07570208,-0.30000000000000004,0.30000000000000004,18.1
6.79,0.07570208,-0.30000000000000004,0.30000000000000004,18.1
6.79,0.08058608,-0.30000000000000004,0.30000000000000004,18.0
6.79,0.08058608,-0.30000000000000004,0.30000000000000004,18.0
6.79,0.08547009,-0.30000000000000004,0.30000000000000004,18.0
6.8,0.09035409,-0.30000000000000004,0.30000000000000004,18.0
6.8,0.09035409,-0.30000000000000004,0.30000000000000004,18.0
6.8,0.09035409,-0.30000000000000004,0.30000000000000004,18.0
6.8,0.1001221,-0.30000000000000004,0.30000000000000004,18.0
6.8,0.1001221,-0.30000000000000004,0.30000000000000004,18.0
6.8,0.1001221,-0.30000000000000004,0.30000000000000004,18.0
6.8,0.105006106,-0.30000000000000004,0.30000000000000004,18.0
6.8,0.10989011,-0.30000000000000004,0.30000000000000004,18.0
6.8,0.114774115,-0.30000000000000004,0.4,18.0
6.81,0.114774115,-0.30000000000000004,0.4,18.0
6.81,0.114774115,-0.30000000000000004,0.4,18.0
6.81,0.11965812,-0.30000000000000004,0.4,18.0
6.81,0.11965812,-0.30000000000000004,0.4,18.0
6.81,0.11965812,-0.30000000000000004,0.4,18.0
6.81,0.11965812,-0.30000000000000004,0.4,18.0
6.81,0.124542125,-0.30000000000000004,0.4,18.0
6.81,0.124542125,-0.30000000000000004,0.4,18.0
6.81,0.12942614,-0.30000000000000004,0.4,18.0
6.82,0.12942614,-0.30000000000000004,0.4,18.0
6.82,0.124542125,-0.30000000000000004,0.4,18.0
6.82,0.12942614,-0.2,0.4,18.0
6.82,0.12942614,-0.2,0.4,18.0
6.82,0.12942614,-0.2,0.4,18.0
6.82,0.13431014,-0.2,0.4,18.0
6.82,0.13431014,-0.2,0.4,18.0
6.82,0.12942614,-0.2,0.4,18.0
6.82,0.12942614,-0.2,0.4,18.0
6.83,0.13431014,-0.2,0.4,18.0
6.83,0.13431014,-0.2,0.4,18.0
6.83,0.12942614,-0.2,0.4,18.0
6.83,0.12942614,-0.2,0.4,18.0
6.83,0.13431014,-0.2,0.4,18.0
6.83,0.13431014,-0.2,0.5,18.0
6.83,0.12942614,-0.2,0.5,18.0
6.83,0.12942614,-0.2,0.5,18.0
6.83,0.12942614,-0.2,0.5,18.0
6.84,0.13431014,-0.2,0.5,18.0
6.84,0.12942614,-0.2,0.5,18.0
6.84,0.13431014,-0.2,0.5,18.0
6.84,0.13431014,-0.2,0.5,18.0
6.84,0.12942614,-0.2,0.5,18.0
6.84,0.12942614,-0.2,0.5,18.0
6.84,0.12942614,-0.2,0.5,18.0
6.84,0.12942614,-0.2,0.5,18.0
6.84,0.12942614,-0.2,0.5,18.0
6.84,0.124542125,-0.2,0.5,18.0
6.85,0.124542125,-0.2,0.5,18.0
6.85,0.12942614,-0.2,0.5,18.0
6.85,0.124542125,-0.2,0.5,18.0
6.85,0.124542125,-0.2,0.5,18.0
6.85,0.11965812,-0.2,0.5,18.0
6.85,0.12942614,-0.2,0.5,18.0
6.85,0.124542125,-0.2,0.5,18.0
6.85,0.124542125,-0.2,0.5,18.0
6.85,0.12942614,-0.2,0.5,18.0
6.86,0.124542125,-0.2,0.5,18.0
6.86,0.12942614,-0.2,0.5,18.0
6.86,0.12942614,-0.2,0.5,18.0
6.86,0.124542125,-0.2,0.5,18.0
6.86,0.12942614,-0.2,0.5,18.0
6.86,0.11965812,-0.2,0.5,18.0
6.86,0.11965812,-0.2,0.5,18.0
6.86,0.11965812,-0.2,0.5,18.0
6.86,0.114774115,-0.2,0.5,18.0
6.87,0.10989011,-0.2,0.5,18.0
6.87,0.105006106,-0.2,0.5,18.0
6.87,0.1001221,-0.2,0.5,18.0
6.87,0.0952381,-0.2,0.5,18.0
6.87,0.0952381,-0.2,0.5,18.0
6.87,0.09035409,-0.2,0.5,18.0
6.87,0.07570208,-0.2,0.6000000000000001,18.0
6.87,0.06593407,-0.2,0.6000000000000001,18.0
6.87,0.06105006,-0.2,0.6000000000000001,18.0
6.87,0.051282052,-0.2,0.6000000000000001,18.0
6.88,0.046398047,-0.2,0.6000000000000001,18.0
6.88,0.03663004,-0.2,0.6000000000000001,18.0
6.88,0.031746034,-0.2,0.6000000000000001,18.0
6.88,0.026862027,-0.2,0.6000000000000001,18.0
6.88,0.017094018,-0.2,0.6000000000000001,18.0
6.88,0.012210012,-0.2,0.6000000000000001,18.0
6.88,0.0073260074,-0.2,0.6000000000000001,18.0
6.88,-0.0024420025,-0.2,0.6000000000000001,18.0
6.88,-0.0024420025,-0.2,0.6000000000000001,18.0
6.88,-0.0024420025,-0.2,0.6000000000000001,18.0
6.89,-0.0024420025,-0.2,0.6000000000000001,18.0
6.89,-0.0024420025,-0.2,0.6000000000000001,18.0
6.89,-0.0024420025,-0.2,0.6000000000000001,18.0
6.89,-0.0024420025,-0.2,0.6000000000000001,18.0
6.89,-0.0073260074,-0.2,0.6000000000000001,18.0
6.89,-0.0073260074,-0.2,0.6000000000000001,18.0
6.89,-0.0073260074,-0.2,0.6000000000000001,18.0
6.89,-0.0073260074,-0.2,0.6000000000000001,18.0
6.89,-0.0073260074,-0.2,0.6000000000000001,18.0
6.9,-0.0073260074,-0.2,0.6000000000000001,18.0
6.9,-0.0024420025,-0.2,0.7000000000000001,18.0
6.9,-0.0024420025,-0.2,0.7000000000000001,18.0
6.9,0.0024420025,-0.2,0.7000000000000001,18.0
6.9,0.0024420025,-0.2,0.7000000000000001,18.0
6.9,0.0073260074,-0.2,0.7000000000000001,18.0
6.9,0.017094018,-0.2,0.7000000000000001,18.0
6.91,0.017094018,-0.2,0.7000000000000001,18.0
6.91,0.021978023,-0.2,0.7000000000000001,18.0
6.91,0.021978023,-0.2,0.7000000000000001,18.0
6.91,0.026862027,-0.1,0.8,18.0
6.91,0.031746034,-0.1,0.8,18.0
6.91,0.03663004,-0.1,0.8,18.0
6.91,0.051282052,-0.1,0.8,18.0
6.91,0.051282052,-0.1,0.8,18.0
6.92,0.056166057,-0.1,0.8,18.0
6.92,0.056166057,-0.1,0.8,18.0
6.92,0.06105006,-0.1,0.8,18.0
6.92,0.06105006,-0.1,0.8,18.0
6.92,0.06593407,-0.1,0.8,18.0
6.92,0.070818074,-0.1,0.8,18.0
6.92,0.07570208,-0.1,0.8,18.0
6.92,0.08547009,-0.1,0.8,18.0
6.92,0.09035409,-0.1,0.8,18.0
6.92,0.1001221,-0.1,0.8,18.0
6.93,0.105006106,-0.1,0.8,18.0
6.93,0.114774115,-0.1,0.8,18.0
6.93,0.114774115,-0.1,0.8,18.0
6.93,0.11965812,-0.1,0.8,18.0
6.93,0.124542125,-0.1,0.8,18.0
6.93,0.12942614,-0.1,0.8,18.0
6.93,0.13431014,-0.1,0.8,18.0
6.93,0.13431014,-0.1,0.8,18.0
6.93,0.14407815,-0.1,0.8,18.0
6.93,0.14407815,-0.1,0.8,18.0
6.93,0.14896215,-0.1,0.9,17.900000000000002
6.94,0.15384616,-0.1,0.9,17.900000000000002
6.94,0.15384616,-0.1,0.9,17.900000000000002
6.94,0.15384616,-0.1,0.9,17.900000000000002
6.94,0.16361417,-0.1,0.9,17.900000000000002
6.94,0.16361417,-0.1,0.9,17.900000000000002
6.94,0.16849817,-0.1,0.9,17.900000000000002
6.94,0.16849817,-0.1,0.9,17.900000000000002
6.94,0.16849817,-0.1,0.9,17.900000000000002
6.94,0.17338218,-0.1,0.9,17.900000000000002
6.95,0.17338218,-0.1,0.9,17.900000000000002
6.95,0.18315019,-0.1,0.9,17.900000000000002
6.95,0.17826618,-0.1,0.9,17.900000000000002
6.95,0.18315019,-0.1,0.9,17.900000000000002
6.95,0.17826618,-0.1,0.9,17.900000000000002
6.95,0.17826618,-0.1,0.9,17.900000000000002
6.95,0.17826618,-0.1,0.9,17.900000000000002
6.95,0.17826618,-0.1,0.9,17.900000000000002
6.95,0.17826618,-0.1,0.9,17.900000000000002
6.95,0.18315019,-0.1,0.9,17.900000000000002
6.96,0.17826618,-0.1,0.9,17.900000000000002
6.96,0.17826618,-0.1,0.9,17.900000000000002
6.96,0.17826618,-0.1,0.9,17.900000000000002
6.96,0.17826618,-0.1,0.9,17.900000000000002
6.96,0.18315019,-0.1,0.9,17.900000000000002
6.96,0.18315019,-0.1,0.9,17.900000000000002
6.96,0.18315019,-0.1,0.9,17.900000000000002
6.96,0.18315019,-0.1,0.9,17.900000000000002
6.96,0.18315019,-0.1,0.9,17.900000000000002
6.97,0.18315019,-0.1,0.9,17.900000000000002
6.97,0.18315019,-0.1,0.9,17.900000000000002
6.97,0.18315019,-0.1,0.9,17.900000000000002
6.97,0.18315019,-0.1,0.9,17.900000000000002
6.97,0.18315019,-0.1,0.9,17.900000000000002
6.97,0.18315019,-0.1,0.9,17.900000000000002
6.97,0.17826618,-0.1,0.9,17.900000000000002
6.97,0.17826618,-0.1,0.9,17.900000000000002
6.97,0.17826618,-0.1,0.9,17.900000000000002
6.97,0.17826618,-0.1,0.9,17.900000000000002
6.97,0.17338218,-0.1,0.9,17.8
6.98,0.17826618,-0.1,0.9,17.8
6.98,0.17826618,-0.1,0.9,17.8
6.98,0.16361417,-0.1,0.9,17.8
6.98,0.16849817,-0.1,0.9,17.8
6.98,0.16849817,-0.1,0.9,17.8
6.98,0.16361417,-0.1,0.9,17.8
6.98,0.15384616,-0.1,0.9,17.8
6.98,0.14407815,-0.1,0.9,17.8
6.98,0.13919415,-0.1,0.9,17.8
6.98,0.12942614,-0.1,0.9,17.8
6.99,0.11965812,-0.1,0.9,17.8
6.99,0.10989011,-0.1,0.9,17.8
6.99,0.1001221,-0.1,1.0,17.8
6.99,0.09035409,-0.1,1.0,17.8
6.99,0.07570208,-0.1,1.0,17.8
6.99,0.06593407,-0.1,1.0,17.8
6.99,0.056166057,-0.1,1.0,17.8
6.99,0.041514043,-0.1,1.0,17.8
6.99,0.031746034,-0.1,1.0,17.8
6.99,0.017094018,-0.1,1.0,17.8
7.0,0.012210012,-0.1,1.0,17.8
7.0,0.0073260074,-0.1,1.0,17.8
7.0,0.0024420025,-0.1,1.0,17.8
7.0,-0.0024420025,-0.1,1.0,17.8
7.0,-0.0073260074,-0.1,1.0,17.8
7.0,-0.012210012,-0.1,1.0,17.8
7.0,-0.012210012,-0.1,1.0,17.8
7.0,-0.017094018,-0.1,1.0,17.8
7.0,-0.021978023,-0.1,1.0,17.8
7.0,-0.021978023,-0.1,1.0,17.8
7.0,-0.026862027,-0.1,1.0,17.8
7.01,-0.031746034,-0.1,1.0,17.8
7.01,-0.031746034,-0.1,1.0,17.8
7.01,-0.041514043,-0.1,1.0,17.8
7.01,-0.041514043,-0.1,1.0,17.8
7.01,-0.041514043,-0.1,1.0,17.8
7.01,-0.041514043,-0.1,1.0,17.8
7.01,-0.041514043,-0.1,1.0,17.8
7.01,-0.046398047,-0.1,1.1,17.8
7.01,-0.046398047,-0.1,1.1,17.8
7.01,-0.046398047,-0.1,1.1,17.8
7.02,-0.041514043,-0.1,1.1,17.8
7.02,-0.041514043,-0.1,1.1,17.8
7.02,-0.03663004,-0.1,1.1,17.8
7.02,-0.031746034,-0.1,1.1,17.8
7.02,-0.031746034,-0.1,1.1,17.8
7.02,-0.031746034,-0.1,1.1,17.8
7.02,-0.021978023,-0.1,1.1,17.8
7.02,-0.021978023,-0.1,1.1,17.8
7.02,-0.017094018,-0.1,1.1,17.8
7.03,-0.012210012,-0.1,1.1,17.8
7.03,-0.0024420025,-0.1,1.2000000000000002,17.900000000000002
7.03,0.0024420025,-0.1,1.2000000000000002,17.900000000000002
7.03,0.0073260074,-0.1,1.2000000000000002,17.900000000000002
7.03,0.012210012,-0.1,1.2000000000000002,17.900000000000002
7.03,0.012210012,-0.1,1.2000000000000002,17.900000000000002
7.03,0.017094018,-0.1,1.2000000000000002,17.900000000000002
7.03,0.021978023,-0.1,1.2000000000000002,17.900000000000002
7.03,0.021978023,-0.1,1.2000000000000002,17.900000000000002
7.03,0.026862027,-0.1,1.2000000000000002,17.900000000000002
7.03,0.031746034,-0.1,1.2000000000000002,17.900000000000002
7.04,0.031746034,-0.1,1.2000000000000002,17.900000000000002
7.04,0.03663004,-0.1,1.2000000000000002,17.900000000000002
7.04,0.03663004,-0.1,1.2000000000000002,17.900000000000002
7.04,0.046398047,-0.1,1.2000000000000002,17.900000000000002
7.04,0.046398047,-0.1,1.2000000000000002,17.900000000000002
7.04,0.056166057,-0.1,1.2000000000000002,17.900000000000002
7.04,0.06105006,-0.1,1.2000000000000002,17.900000000000002
7.04,0.06593407,-0.1,1.2000000000000002,17.900000000000002
7.04,0.070818074,-0.1,1.2000000000000002,17.900000000000002
7.04,0.07570208,-0.1,1.2000000000000002,17.900000000000002
7.04,0.08547009,-0.1,1.2000000000000002,17.900000000000002
7.05,0.0952381,-0.1,1.2000000000000002,17.900000000000002
7.05,0.105006106,-0.1,1.2000000000000002,17.900000000000002
7.05,0.105006106,-0.1,1.2000000000000002,17.900000000000002
7.05,0.10989011,-0.1,1.2000000000000002,17.900000000000002
7.05,0.11965812,-0.1,1.2000000000000002,17.900000000000002
7.05,0.124542125,-0.1,1.2000000000000002,17.900000000000002
7.05,0.124542125,-0.1,1.2000000000000002,17.900000000000002
7.05,0.13431014,-0.1,1.2000000000000002,17.900000000000002
7.05,0.13919415,-0.1,1.2000000000000002,17.900000000000002
7.06,0.14407815,-0.1,1.2000000000000002,17.900000000000002
7.06,0.14896215,-0.1,1.2000000000000002,17.900000000000002
7.06,0.15384616,-0.1,1.2000000000000002,17.900000000000002
7.06,0.15384616,-0.1,1.2000000000000002,17.900000000000002
7.06,0.15384616,-0.1,1.2000000000000002,17.900000000000002
7.06,0.16361417,-0.1,1.2000000000000002,17.900000000000002
7.06,0.16849817,-0.1,1.2000000000000002,17.900000000000002
7.06,0.16849817,-0.1,1.2000000000000002,17.900000000000002
7.06,0.17338218,-0.1,1.2000000000000002,17.900000000000002
7.07,0.17826618,-0.1,1.3,17.8
7.07,0.17826618,-0.1,1.3,17.8
7.07,0.17338218,-0.1,1.3,17.8
7.07,0.17338218,-0.1,1.3,17.8
7.07,0.17338218,-0.1,1.3,17.8
7.07,0.17338218,-0.1,1.3,17.8
7.07,0.17338218,-0.1,1.3,17.8
7.07,0.16849817,-0.1,1.3,17.8
7.07,0.17338218,-0.1,1.3,17.8
7.07,0.16361417,-0.1,1.3,17.8
7.07,0.16361417,-0.1,1.3,17.8
7.08,0.16849817,-0.1,1.3,17.8
7.08,0.16361417,-0.1,1.3,17.8
7.08,0.16361417,-0.1,1.3,17.8
7.08,0.15384616,-0.1,1.3,17.8
7.08,0.14896215,-0.1,1.3,17.8
7.08,0.15384616,-0.1,1.3,17.8
7.08,0.14896215,-0.1,1.3,17.8
7.08,0.14407815,-0.1,1.3,17.8
7.09,0.13919415,-0.1,1.3,17.8
7.09,0.13431014,-0.1,1.3,17.8
7.09,0.12942614,-0.1,1.3,17.8
7.09,0.124542125,-0.1,1.3,17.8
7.09,0.11965812,-0.1,1.3,17.8
7.09,0.11965812,-0.1,1.3,17.8
7.09,0.114774115,-0.1,1.3,17.8
7.09,0.10989011,-0.1,1.3,17.8
7.09,0.105006106,-0.1,1.3,17.8
7.1,0.105006106,-0.1,1.3,17.8
7.1,0.0952381,-0.1,1.3,17.8
7.1,0.08547009,-0.1,1.3,17.8
7.1,0.08547009,-0.1,1.3,17.8
7.1,0.08547009,-0.1,1.3,17.8
7.1,0.08547009,-0.1,1.3,17.8
7.1,0.08058608,-0.1,1.3,17.8
7.1,0.070818074,-0.1,1.3,17.8
7.1,0.070818074,-0.1,1.3,17.8
7.11,0.06593407,-0.1,1.3,17.8
7.11,0.06593407,-0.1,1.3,17.8
7.11,0.056166057,-0.1,1.3,17.8
7.11,0.056166057,-0.1,1.3,17.8
7.11,0.056166057,-0.1,1.3,17.8
7.11,0.056166057,-0.1,1.3,17.8
7.11,0.056166057,-0.1,1.3,17.8
7.11,0.051282052,-0.1,1.3,17.8
7.11,0.051282052,-0.1,1.3,17.8
7.12,0.046398047,-0.1,1.3,17.8
7.12,0.046398047,-0.1,1.3,17.8
7.12,0.051282052,-0.1,1.3,17.8
7.12,0.046398047,-0.1,1.3,17.8
7.12,0.051282052,-0.1,1.3,17.8
7.12,0.046398047,-0.1,1.3,17.8
7.12,0.051282052,-0.1,1.3,17.8
7.12,0.051282052,-0.1,1.3,17.8
7.12,0.051282052,-0.1,1.3,17.8
7.13,0.051282052,-0.1,1.3,17.8
7.13,0.051282052,-0.1,1.3,17.8
7.13,0.056166057,-0.1,1.3,17.8
7.13,0.056166057,-0.1,1.3,17.8
7.13,0.06105006,-0.1,1.3,17.900000000000002
7.13,0.06105006,-0.1,1.3,17.900000000000002
7.13,0.056166057,-0.1,1.3,17.900000000000002
7.13,0.06105006,-0.1,1.3,17.900000000000002
7.13,0.06105006,-0.1,1.3,17.900000000000002
7.14,0.06105006,-0.1,1.3,17.900000000000002
7.14,0.070818074,-0.1,1.3,17.900000000000002
7.14,0.07570208,-0.1,1.3,17.900000000000002
7.14,0.07570208,-0.1,1.3,17.900000000000002
7.14,0.08058608,-0.1,1.3,17.900000000000002
7.14,0.08547009,-0.1,1.3,17.900000000000002
7.14,0.09035409,-0.1,1.3,17.900000000000002
7.14,0.09035409,-0.1,1.3,17.900000000000002
7.14,0.0952381,-0.1,1.3,17.900000000000002
7.14,0.1001221,-0.1,1.3,17.900000000000002
7.15,0.105006106,-0.1,1.3,17.900000000000002
7.15,0.105006106,-0.1,1.3,17.900000000000002
7.15,0.10989011,-0.1,1.3,17.900000000000002
7.15,0.10989011,-0.1,1.3,17.900000000000002
7.15,0.10989011,-0.1,1.3,17.900000000000002
7.15,0.11965812,-0.1,1.3,17.900000000000002
7.15,0.124542125,-0.1,1.3,17.900000000000002
7.15,0.124542125,-0.1,1.3,17.900000000000002
7.15,0.12942614,-0.1,1.3,17.900000000000002
7.15,0.12942614,-0.1,1.3,17.900000000000002
7.16,0.13431014,-0.1,1.3,17.900000000000002
7.16,0.13431014,-0.1,1.3,17.900000000000002
7.16,0.13919415,-0.1,1.3,17.900000000000002
7.16,0.14407815,-0.1,1.3,17.900000000000002
7.16,0.14407815,-0.1,1.3,17.900000000000002
7.16,0.14407815,-0.1,1.3,17.900000000000002
7.16,0.14896215,-0.1,1.3,17.900000000000002
7.16,0.15384616,-0.1,1.3,17.900000000000002
7.16,0.15384616,-0.1,1.3,17.900000000000002
7.16,0.15384616,-0.1,1.3,17.900000000000002
7.17,0.15384616,-0.1,1.3,17.900000000000002
7.17,0.16849817,-0.1,1.3,17.900000000000002
7.17,0.16361417,-0.1,1.3,17.900000000000002
7.17,0.16361417,-0.1,1.3,17.900000000000002
7.17,0.16849817,-0.1,1.3,17.900000000000002
7.17,0.16849817,-0.1,1.3,17.900000000000002
7.17,0.17338218,-0.1,1.3,17.900000000000002
7.18,0.17338218,-0.1,1.3,17.900000000000002
7.18,0.17338218,-0.1,1.3,17.900000000000002
7.18,0.17338218,-0.1,1.3,17.900000000000002
7.18,0.17338218,-0.1,1.3,17.900000000000002
7.18,0.16849817,-0.1,1.3,17.900000000000002
7.18,0.16849817,-0.1,1.3,17.900000000000002
7.18,0.16849817,-0.1,1.4000000000000001,17.900000000000002
7.18,0.16849817,-0.1,1.4000000000000001,17.900000000000002
7.18,0.16361417,-0.1,1.4000000000000001,17.900000000000002
7.18,0.16849817,-0.1,1.4000000000000001,17.900000000000002
7.19,0.16361417,-0.1,1.4000000000000001,17.900000000000002
7.19,0.16361417,-0.1,1.4000000000000001,17.900000000000002
7.19,0.16361417,-0.1,1.4000000000000001,17.900000000000002
7.19,0.16361417,-0.1,1.4000000000000001,17.900000000000002
7.19,0.15384616,-0.1,1.4000000000000001,17.900000000000002
7.19,0.15384616,-0.1,1.4000000000000001,17.900000000000002
7.19,0.15384616,-0.1,1.4000000000000001,17.900000000000002
7.19,0.14896215,-0.1,1.4000000000000001,17.900000000000002
7.19,0.14896215,-0.1,1.4000000000000001,17.900000000000002
7.19,0.14896215,-0.1,1.4000000000000001,17.900000000000002
7.2,0.13919415,-0.1,1.4000000000000001,17.900000000000002
7.2,0.14407815,-0.1,1.4000000000000001,17.900000000000002
7.2,0.14407815,-0.1,1.4000000000000001,17.900000000000002
7.2,0.13431014,-0.1,1.4000000000000001,17.900000000000002
7.2,0.13431014,-0.1,1.4000000000000001,17.900000000000002
7.2,0.12942614,-0.1,1.4000000000000001,17.900000000000002
7.2,0.12942614,-0.1,1.4000000000000001,17.900000000000002
7.2,0.12942614,-0.1,1.4000000000000001,17.900000000000002
7.2,0.12942614,-0.1,1.4000000000000001,17.900000000000002
7.21,0.124542125,-0.1,1.4000000000000001,17.900000000000002
7.21,0.11965812,-0.1,1.4000000000000001,17.900000000000002
7.21,0.11965812,-0.1,1.5,17.900000000000002
7.21,0.124542125,-0.1,1.5,17.900000000000002
7.21,0.114774115,-0.1,1.5,17.900000000000002
7.21,0.11965812,-0.1,1.5,17.900000000000002
7.21,0.10989011,-0.1,1.5,17.900000000000002
7.21,0.114774115,-0.1,1.5,17.900000000000002
7.22,0.114774115,-0.1,1.5,17.900000000000002
7.22,0.114774115,-0.1,1.5,17.900000000000002
7.22,0.10989011,-0.1,1.5,17.900000000000002
7.22,0.10989011,-0.1,1.5,17.900000000000002
7.22,0.10989011,-0.1,1.5,17.900000000000002
7.22,0.105006106,-0.1,1.5,17.900000000000002
7.22,0.10989011,-0.1,1.5,18.0
7.22,0.10989011,-0.1,1.5,18.0
7.22,0.105006106,-0.1,1.5,18.0
7.22,0.105006106,-0.1,1.5,18.0
7.23,0.105006106,-0.1,1.5,18.0
7.23,0.105006106,-0.1,1.5,18.0
7.23,0.105006106,-0.1,1.5,18.0
7.23,0.10989011,-0.1,1.5,18.0
7.23,0.105006106,-0.1,1.5,18.0
7.23,0.105006106,-0.1,1.5,18.0
7.23,0.1001221,-0.1,1.5,18.0
7.23,0.1001221,-0.1,1.5,18.0
7.23,0.105006106,-0.1,1.6,18.0
7.24,0.105006106,-0.1,1.6,18.0
7.24,0.1001221,-0.1,1.6,18.0
7.24,0.105006106,-0.1,1.6,18.0
7.24,0.105006106,-0.1,1.6,18.0
7.24,0.105006106,-0.1,1.6,18.0
7.24,0.1001221,-0.1,1.6,18.0
7.24,0.105006106,-0.1,1.6,18.0
7.24,0.10989011,-0.1,1.6,18.0
7.24,0.105006106,-0.1,1.6,18.0
7.24,0.105006106,-0.1,1.6,18.0
7.24,0.10989011,-0.1,1.6,18.0
7.25,0.10989011,-0.1,1.6,18.0
7.25,0.105006106,-0.1,1.6,18.0
7.25,0.10989011,-0.1,1.6,18.0
7.25,0.105006106,-0.1,1.6,18.0
7.25,0.105006106,-0.1,1.6,18.0
7.25,0.105006106,-0.1,1.6,18.0
7.25,0.10989011,-0.1,1.6,18.0
7.25,0.105006106,-0.1,1.6,18.0
7.25,0.105006106,-0.1,1.6,18.0
7.25,0.114774115,-0.1,1.6,18.0
7.26,0.10989011,-0.1,1.6,18.0
7.26,0.105006106,-0.1,1.6,18.0
7.26,0.105006106,-0.1,1.6,18.0
7.26,0.105006106,-0.1,1.6,18.0
7.26,0.10989011,-0.1,1.6,18.0
7.26,0.114774115,-0.1,1.6,18.0
7.26,0.10989011,-0.1,1.6,18.0
7.26,0.105006106,-0.1,1.6,18.0
7.26,0.105006106,-0.1,1.6,18.0
7.27,0.10989011,-0.1,1.6,18.0
7.27,0.10989011,-0.1,1.6,18.0
7.27,0.10989011,-0.1,1.6,18.0
7.27,0.114774115,-0.1,1.6,18.0
7.27,0.10989011,-0.1,1.6,18.0
7.27,0.10989011,-0.1,1.6,18.0
7.27,0.10989011,-0.1,1.6,18.0
7.27,0.105006106,-0.1,1.6,18.0
7.27,0.10989011,-0.1,1.7000000000000002,18.0
7.27,0.10989011,-0.1,1.7000000000000002,18.0
7.28,0.114774115,-0.1,1.7000000000000002,18.0
7.28,0.10989011,-0.1,1.7000000000000002,18.0
7.28,0.10989011,-0.1,1.7000000000000002,18.0
7.28,0.114774115,-0.1,1.7000000000000002,18.0
7.28,0.10989011,-0.1,1.7000000000000002,18.0
7.28,0.10989011,-0.1,1.7000000000000002,18.0
7.28,0.114774115,-0.1,1.7000000000000002,18.0
7.28,0.114774115,-0.1,1.7000000000000002,18.0
7.28,0.114774115,-0.1,1.7000000000000002,18.0
7.28,0.114774115,-0.1,1.7000000000000002,18.0
7.29,0.114774115,-0.1,1.7000000000000002,18.0
7.29,0.114774115,-0.1,1.7000000000000002,18.0
7.29,0.114774115,-0.1,1.7000000000000002,18.0
7.29,0.114774115,-0.1,1.7000000000000002,18.0
7.29,0.11965812,-0.1,1.7000000000000002,18.0
7.29,0.11965812,-0.1,1.7000000000000002,18.0
7.29,0.114774115,-0.1,1.7000000000000002,18.0
7.29,0.11965812,-0.1,1.7000000000000002,18.0
7.29,0.11965812,-0.1,1.7000000000000002,18.0
7.29,0.11965812,-0.1,1.7000000000000002,18.0
7.3,0.124542125,-0.1,1.7000000000000002,18.0
7.3,0.12942614,-0.1,1.7000000000000002,18.0
7.3,0.124542125,-0.1,1.7000000000000002,18.1
7.3,0.11965812,-0.1,1.7000000000000002,18.1
7.3,0.124542125,-0.1,1.7000000000000002,18.1
7.3,0.124542125,-0.1,1.7000000000000002,18.1
7.3,0.12942614,-0.1,1.7000000000000002,18.1
7.3,0.13431014,-0.1,1.7000000000000002,18.1
7.31,0.13431014,-0.1,1.7000000000000002,18.1
7.31,0.124542125,-0.1,1.7000000000000002,18.1
7.31,0.12942614,-0.1,1.7000000000000002,18.1
7.31,0.13431014,-0.1,1.7000000000000002,18.1
7.31,0.13431014,-0.1,1.8,18.0
7.31,0.13431014,-0.1,1.8,18.0
7.31,0.13431014,-0.1,1.8,18.0
7.31,0.13431014,-0.1,1.8,18.0
7.32,0.13919415,-0.1,1.8,18.0
7.32,0.13431014,-0.1,1.8,18.0
7.32,0.13919415,-0.1,1.8,18.0
7.32,0.14407815,-0.1,1.8,18.0
7.32,0.13919415,-0.1,1.8,18.0
7.32,0.13919415,-0.1,1.8,18.0
7.32,0.14407815,-0.1,1.8,18.0
7.32,0.13919415,-0.1,1.8,18.0
7.32,0.14407815,-0.1,1.8,18.0
7.33,0.14407815,-0.1,1.8,18.0
7.33,0.14407815,-0.1,1.8,18.0
7.33,0.14407815,-0.1,1.8,18.0
7.33,0.13919415,-0.1,1.8,18.0
7.33,0.14407815,-0.1,1.8,18.0
7.33,0.13919415,-0.1,1.8,18.0
7.33,0.14407815,-0.1,1.8,18.0
7.33,0.14407815,-0.1,1.8,18.0
7.33,0.14407815,-0.1,1.8,18.0
7.33,0.14407815,-0.1,1.8,18.0
7.34,0.14407815,-0.1,1.8,18.0
7.34,0.14407815,-0.1,1.8,18.0
7.34,0.14407815,-0.1,1.8,18.0
7.34,0.14407815,-0.1,1.8,18.0
7.34,0.14407815,-0.1,1.8,18.0
7.34,0.14407815,-0.1,1.8,18.0
7.34,0.14407815,-0.1,1.8,18.0
7.34,0.14407815,-0.1,1.8,18.0
7.34,0.14407815,-0.1,1.8,18.0
7.34,0.14407815,-0.1,1.8,18.0
7.35,0.14407815,-0.1,1.8,18.0
7.35,0.14407815,-0.1,1.8,18.0
7.35,0.14407815,-0.1,1.8,18.0
7.35,0.14407815,-0.1,1.8,18.0
7.35,0.14407815,-0.1,1.8,18.0
7.35,0.14407815,-0.1,1.8,18.0
7.35,0.13919415,-0.1,1.8,18.0
7.35,0.13919415,-0.1,1.8,18.0
7.35,0.14407815,-0.1,1.8,18.0
7.35,0.14407815,-0.1,1.8,18.0
7.35,0.13919415,-0.1,1.8,18.0
7.36,0.13919415,-0.1,1.8,18.0
7.36,0.13431014,-0.1,1.8,18.0
7.36,0.13919415,-0.1,1.8,18.0
7.36,0.13919415,-0.1,1.8,18.0
7.36,0.13919415,-0.1,1.8,18.0
7.36,0.13431014,-0.1,1.8,18.0
7.36,0.13431014,-0.1,1.8,18.0
7.36,0.13431014,-0.1,1.8,18.0
7.37,0.13431014,-0.1,1.8,18.0
7.37,0.13431014,-0.1,1.8,18.0
7.37,0.12942614,-0.1,1.8,18.0
7.37,0.12942614,-0.1,1.8,18.0
7.37,0.12942614,-0.1,1.8,18.0
7.37,0.124542125,-0.1,1.8,18.0
7.37,0.124542125,-0.1,1.8,18.0
7.37,0.12942614,-0.1,1.8,18.0
7.37,0.124542125,-0.1,1.8,18.0
7.37,0.11965812,-0.1,1.8,18.0
7.38,0.11965812,-0.1,1.8,18.0
7.38,0.11965812,-0.1,1.8,18.1
7.38,0.124542125,-0.1,1.8,18.1
7.38,0.11965812,-0.1,1.8,18.1
7.38,0.11965812,-0.1,1.8,18.1
7.38,0.114774115,-0.1,1.8,18.1
7.43,0.12942614,-0.1,1.8,18.1
7.44,0.12942614,-0.1,1.9000000000000001,18.2
7.44,0.13431014,-0.1,1.9000000000000001,18.2
7.44,0.13919415,-0.1,1.9000000000000001,18.2
7.45,0.13431014,-0.1,1.9000000000000001,18.1
7.45,0.14407815,-0.1,1.9000000000000001,18.1
7.45,0.13919415,-0.1,1.9000000000000001,18.1
7.46,0.13919415,-0.1,1.8,18.2
7.46,0.12942614,-0.1,1.8,18.2
7.46,0.124542125,-0.1,1.8,18.2
7.47,0.11965812,-0.1,1.8,18.2
7.47,0.114774115,-0.1,1.8,18.1
7.48,0.105006106,-0.1,1.8,18.1
7.48,0.09035409,-0.1,1.8,18.1
7.48,0.09035409,-0.1,1.8,18.1
7.48,0.08547009,-0.1,1.8,18.1
7.48,0.08547009,-0.1,1.8,18.1
7.49,0.08547009,-0.1,1.8,18.1
7.49,0.08547009,-0.1,1.8,18.1
7.49,0.08547009,-0.1,1.8,18.1
7.49,0.08547009,-0.1,1.8,18.1
7.49,0.0952381,-0.1,1.8,18.1
7.5,0.0952381,-0.1,1.8,18.0
7.5,0.105006106,-0.1,1.8,18.0
7.5,0.114774115,-0.1,1.8,18.0
7.5,0.11965812,-0.1,1.8,18.0
7.51,0.124542125,-0.1,1.8,18.0
7.51,0.12942614,-0.1,1.8,18.0
7.51,0.13431014,-0.1,1.8,18.0
7.51,0.13919415,-0.1,1.8,18.0
7.51,0.13919415,-0.1,1.8,18.0
7.51,0.13431014,-0.1,1.8,18.0
7.51,0.13431014,-0.1,1.8,18.0
7.51,0.13431014,-0.1,1.8,18.0
7.52,0.13431014,-0.1,1.8,18.0
7.52,0.12942614,-0.1,1.8,18.0
7.52,0.124542125,-0.1,1.8,18.0
7.52,0.11965812,0.1,1.9000000000000001,18.0
7.52,0.11965812,0.1,1.9000000000000001,18.0
7.52,0.114774115,0.1,1.9000000000000001,18.0
7.52,0.114774115,0.1,1.9000000000000001,18.0
7.53,0.10989011,0.1,1.9000000000000001,18.0
7.53,0.105006106,0.1,1.9000000000000001,18.0
7.53,0.0952381,0.1,1.9000000000000001,18.0
7.53,0.0952381,0.1,1.9000000000000001,18.0
7.53,0.09035409,0.1,1.9000000000000001,18.0
7.53,0.08547009,0.1,1.8,18.0
7.53,0.08058608,0.1,1.8,18.0
7.54,0.07570208,0.1,1.8,18.0
7.54,0.070818074,0.1,1.8,18.0
7.54,0.070818074,0.1,1.8,18.0
7.54,0.070818074,0.1,1.8,18.0
7.54,0.06105006,0.1,1.8,18.0
7.54,0.06105006,0.1,1.8,18.0
7.54,0.056166057,0.1,1.8,18.0
7.54,0.056166057,0.1,1.8,18.0
7.55,0.056166057,0.1,1.8,18.0
7.55,0.051282052,0.1,1.8,18.0
7.55,0.046398047,0.1,1.8,18.0
7.55,0.046398047,0.1,1.8,18.0
7.55,0.051282052,0.1,1.8,18.0
7.55,0.046398047,0.1,1.8,18.0
7.55,0.046398047,0.1,1.8,18.0
7.55,0.046398047,0.1,1.8,18.0
7.55,0.041514043,0.1,1.8,18.0
7.56,0.046398047,0.1,1.8,18.0
7.56,0.046398047,0.1,1.8,18.0
7.56,0.051282052,0.1,1.8,18.0
7.56,0.046398047,0.1,1.8,18.0
7.56,0.051282052,0.1,1.8,18.0
7.56,0.056166057,0.1,1.8,18.0
7.56,0.051282052,0.1,1.8,18.0
7.56,0.051282052,0.1,1.8,18.0
7.57,0.06105006,0.1,1.8,18.0
7.57,0.06105006,0.1,1.8,18.0
7.57,0.06593407,0.1,1.8,18.0
7.57,0.06593407,0.1,1.8,18.0
7.57,0.070818074,0.1,1.8,18.0
7.57,0.070818074,0.1,1.8,18.1
7.57,0.07570208,0.1,1.8,18.1
7.57,0.08058608,0.1,1.8,18.1
7.57,0.07570208,0.1,1.8,18.1
7.58,0.08058608,0.1,1.8,18.1
7.58,0.08058608,0.1,1.8,18.1
7.58,0.08547009,0.1,1.8,18.1
7.58,0.09035409,0.1,1.8,18.1
7.58,0.0952381,0.1,1.8,18.1
7.58,0.0952381,0.1,1.8,18.1
7.58,0.0952381,0.1,1.8,18.1
7.58,0.1001221,0.1,1.8,18.1
7.58,0.105006106,0.1,1.8,18.1
7.58,0.1001221,0.1,1.8,18.0
7.58,0.105006106,0.1,1.8,18.0
7.59,0.105006106,0.1,1.8,18.0
7.59,0.10989011,0.1,1.8,18.0
7.59,0.114774115,0.1,1.8,18.0
7.59,0.10989011,0.1,1.8,18.0
7.59,0.10989011,0.1,1.8,18.0
7.59,0.114774115,0.1,1.8,18.0
7.59,0.114774115,0.1,1.8,18.0
7.59,0.11965812,0.1,1.8,18.0
7.59,0.124542125,0.1,1.8,18.0
7.6,0.124542125,0.1,1.8,18.0
7.6,0.11965812,0.1,1.8,18.1
7.6,0.11965812,0.1,1.8,18.1
7.6,0.11965812,0.1,1.8,18.1
7.6,0.124542125,0.1,1.8,18.1
7.6,0.124542125,0.1,1.8,18.1
7.6,0.12942614,0.1,1.8,18.1
7.6,0.124542125,0.1,1.8,18.1
7.61,0.124542125,0.1,1.8,18.1
7.61,0.124542125,0.1,1.8,18.1
7.61,0.12942614,0.1,1.8,18.1
7.61,0.12942614,0.1,1.7000000000000002,18.1
7.61,0.12942614,0.1,1.7000000000000002,18.1
7.61,0.12942614,0.1,1.7000000000000002,18.1
7.61,0.124542125,0.1,1.7000000000000002,18.1
7.62,0.124542125,0.1,1.7000000000000002,18.1
7.62,0.124542125,0.1,1.7000000000000002,18.1
7.62,0.12942614,0.1,1.7000000000000002,18.1
7.62,0.124542125,0.1,1.7000000000000002,18.1
7.62,0.12942614,0.1,1.7000000000000002,18.1
7.62,0.12942614,0.1,1.7000000000000002,18.1
7.62,0.12942614,0.1,1.7000000000000002,18.1
7.62,0.124542125,0.1,1.7000000000000002,18.1
7.63,0.12942614,0.1,1.7000000000000002,18.1
7.63,0.12942614,0.1,1.7000000000000002,18.1
7.63,0.12942614,0.1,1.7000000000000002,18.1
7.63,0.124542125,0.1,1.7000000000000002,18.1
7.63,0.12942614,0.1,1.7000000000000002,18.1
7.63,0.12942614,0.1,1.7000000000000002,18.1
7.63,0.12942614,0.1,1.7000000000000002,18.1
7.64,0.13431014,0.1,1.7000000000000002,18.1
7.64,0.13431014,0.1,1.7000000000000002,18.2
7.64,0.13919415,0.1,1.7000000000000002,18.2
7.64,0.13919415,0.1,1.7000000000000002,18.2
7.64,0.13431014,0.1,1.7000000000000002,18.2
7.64,0.13919415,0.1,1.7000000000000002,18.2
7.64,0.14407815,0.1,1.7000000000000002,18.2
7.64,0.14407815,0.1,1.7000000000000002,18.2
7.65,0.14407815,0.1,1.7000000000000002,18.2
7.65,0.14407815,0.1,1.7000000000000002,18.2
7.65,0.14407815,0.1,1.6,18.2
7.65,0.14407815,0.1,1.6,18.2
7.65,0.14407815,0.1,1.6,18.2
7.65,0.13431014,0.1,1.6,18.2
7.65,0.12942614,0.1,1.6,18.2
7.65,0.124542125,0.1,1.6,18.2
7.66,0.114774115,0.1,1.6,18.2
7.66,0.114774115,0.1,1.6,18.2
7.66,0.10989011,0.1,1.6,18.2
7.66,0.10989011,0.1,1.6,18.2
7.66,0.0952381,0.1,1.6,18.2
7.66,0.0952381,0.1,1.6,18.2
7.66,0.08547009,0.1,1.6,18.2
7.66,0.08058608,0.1,1.6,18.2
7.66,0.070818074,0.1,1.6,18.2
7.66,0.06593407,0.1,1.6,18.2
7.67,0.06105006,0.1,1.6,18.2
7.67,0.051282052,0.1,1.6,18.2
7.67,0.046398047,0.1,1.6,18.2
7.67,0.03663004,0.1,1.6,18.2
7.67,0.031746034,0.1,1.6,18.2
7.67,0.031746034,0.1,1.6,18.2
7.67,0.026862027,0.1,1.6,18.2
7.67,0.026862027,0.1,1.6,18.2
7.67,0.021978023,0.1,1.6,18.2
7.67,0.017094018,0.1,1.6,18.2
7.67,0.017094018,0.1,1.6,18.2
7.68,0.017094018,0.1,1.6,18.2
7.68,0.017094018,0.1,1.6,18.2
7.68,0.017094018,0.1,1.6,18.2
7.68,0.017094018,0.1,1.6,18.2
7.68,0.017094018,0.1,1.6,18.2
7.68,0.017094018,0.1,1.6,18.2
7.68,0.017094018,0.1,1.6,18.2
7.68,0.012210012,0.1,1.6,18.2
7.68,0.017094018,0.1,1.6,18.2
7.69,0.021978023,0.1,1.6,18.2
7.69,0.021978023,0.1,1.6,18.2
7.69,0.021978023,0.1,1.5,18.2
7.69,0.021978023,0.1,1.5,18.2
7.69,0.026862027,0.1,1.5,18.2
7.69,0.026862027,0.1,1.5,18.2
7.69,0.03663004,0.1,1.5,18.2
7.69,0.03663004,0.1,1.5,18.2
7.69,0.03663004,0.1,1.5,18.2
7.69,0.041514043,0.1,1.5,18.2
7.7,0.041514043,0.1,1.5,18.2
7.7,0.046398047,0.1,1.5,18.2
7.7,0.051282052,0.1,1.5,18.2
7.7,0.051282052,0.1,1.5,18.2
7.7,0.056166057,0.1,1.5,18.2
7.7,0.06105006,0.1,1.5,18.2
7.7,0.056166057,0.1,1.5,18.2
7.7,0.06105006,0.1,1.5,18.2
7.7,0.070818074,0.1,1.5,18.2
7.7,0.070818074,0.1,1.5,18.2
7.7,0.07570208,0.1,1.5,18.2
7.71,0.08547009,0.1,1.5,18.2
7.71,0.09035409,0.1,1.5,18.2
7.71,0.1001221,0.1,1.5,18.2
7.71,0.1001221,0.1,1.5,18.2
7.71,0.1001221,0.1,1.5,18.2
7.71,0.10989011,0.1,1.5,18.2
7.71,0.114774115,0.1,1.5,18.2
7.71,0.114774115,0.1,1.5,18.2
7.71,0.11965812,0.1,1.5,18.2
7.71,0.124542125,0.1,1.4000000000000001,18.2
7.72,0.12942614,0.1,1.4000000000000001,18.2
7.72,0.13919415,0.1,1.4000000000000001,18.2
7.72,0.13919415,0.1,1.4000000000000001,18.2
7.72,0.14407815,0.1,1.4000000000000001,18.2
7.72,0.14896215,0.1,1.4000000000000001,18.2
7.72,0.14896215,0.1,1.4000000000000001,18.2
7.72,0.15384616,0.1,1.4000000000000001,18.2
7.72,0.14896215,0.1,1.4000000000000001,18.2
7.72,0.15873016,0.1,1.4000000000000001,18.2
7.72,0.16361417,0.1,1.4000000000000001,18.2
7.73,0.16361417,0.1,1.4000000000000001,18.2
7.73,0.16849817,0.1,1.4000000000000001,18.2
7.73,0.16849817,0.1,1.4000000000000001,18.2
7.73,0.16849817,0.1,1.4000000000000001,18.2
7.73,0.17338218,0.1,1.4000000000000001,18.2
7.73,0.17338218,0.1,1.4000000000000001,18.2
7.73,0.17338218,0.1,1.4000000000000001,18.2
7.73,0.17338218,0.1,1.4000000000000001,18.2
7.73,0.17826618,0.1,1.4000000000000001,18.2
7.73,0.17826618,0.1,1.4000000000000001,18.2
7.74,0.18315019,0.1,1.4000000000000001,18.2
7.74,0.18315019,0.1,1.4000000000000001,18.2
7.74,0.18315019,0.1,1.4000000000000001,18.2
7.74,0.18315019,0.1,1.4000000000000001,18.2
7.74,0.18315019,0.1,1.4000000000000001,18.2
7.74,0.17826618,0.1,1.3,18.2
7.74,0.17826618,0.1,1.3,18.2
7.74,0.18315019,0.1,1.3,18.2
7.74,0.17826618,0.1,1.3,18.2
7.74,0.17826618,0.1,1.3,18.2
7.75,0.17826618,0.1,1.3,18.2
7.75,0.17826618,0.1,1.3,18.2
7.75,0.18315019,0.1,1.3,18.2
7.75,0.17826618,0.1,1.3,18.2
7.75,0.17338218,0.1,1.3,18.2
7.75,0.18315019,0.1,1.3,18.2
7.75,0.17826618,0.1,1.3,18.2
7.75,0.17826618,0.1,1.3,18.2
7.75,0.17826618,0.1,1.3,18.2
7.75,0.17826618,0.1,1.3,18.2
7.76,0.17826618,0.1,1.3,18.2
7.76,0.17826618,0.1,1.3,18.2
7.76,0.17826618,0.1,1.3,18.2
7.76,0.17826618,0.1,1.3,18.2
7.76,0.17826618,0.1,1.3,18.2
7.76,0.17826618,0.1,1.3,18.2
7.76,0.17826618,0.1,1.3,18.2
7.76,0.17826618,0.1,1.3,18.2
7.76,0.17338218,0.1,1.3,18.2
7.76,0.17338218,0.1,1.3,18.2
7.76,0.17338218,0.1,1.3,18.2
7.77,0.17338218,0.1,1.3,18.2
7.77,0.16361417,0.1,1.2000000000000002,18.2
7.77,0.15873016,0.1,1.2000000000000002,18.2
7.77,0.15873016,0.1,1.2000000000000002,18.2
7.77,0.15384616,0.1,1.2000000000000002,18.2
7.77,0.13919415,0.1,1.2000000000000002,18.2
7.77,0.13431014,0.1,1.2000000000000002,18.2
7.77,0.12942614,0.1,1.2000000000000002,18.2
7.77,0.11965812,0.1,1.2000000000000002,18.2
7.77,0.114774115,0.1,1.2000000000000002,18.2
7.78,0.1001221,0.1,1.2000000000000002,18.2
7.78,0.08547009,0.1,1.2000000000000002,18.2
7.78,0.08058608,0.1,1.2000000000000002,18.2
7.78,0.070818074,0.1,1.2000000000000002,18.2
7.78,0.06105006,0.1,1.2000000000000002,18.3
7.78,0.046398047,0.1,1.2000000000000002,18.3
7.78,0.03663004,0.1,1.2000000000000002,18.3
7.78,0.031746034,0.1,1.2000000000000002,18.3
7.78,0.017094018,0.1,1.2000000000000002,18.3
7.78,0.017094018,0.1,1.2000000000000002,18.3
7.79,0.0073260074,0.1,1.2000000000000002,18.3
7.79,0.0073260074,0.1,1.2000000000000002,18.3
7.79,0.0024420025,0.1,1.2000000000000002,18.3
7.79,-0.0073260074,0.1,1.2000000000000002,18.3
7.79,-0.0073260074,0.1,1.2000000000000002,18.3
7.79,-0.0073260074,0.1,1.2000000000000002,18.3
7.79,-0.012210012,0.1,1.1,18.3
7.79,-0.012210012,0.1,1.1,18.3
7.79,-0.012210012,0.1,1.1,18.3
7.8,-0.017094018,0.1,1.1,18.3
7.8,-0.021978023,0.1,1.1,18.3
7.8,-0.021978023,0.1,1.1,18.3
7.8,-0.026862027,0.1,1.1,18.3
7.8,-0.026862027,0.1,1.1,18.3
7.8,-0.021978023,0.1,1.1,18.3
7.8,-0.021978023,0.1,1.1,18.3
7.8,-0.026862027,0.1,1.1,18.3
7.8,-0.021978023,0.1,1.1,18.3
7.8,-0.021978023,0.1,1.1,18.3
7.81,-0.017094018,0.1,1.1,18.3
7.81,-0.017094018,0.1,1.1,18.3
7.81,-0.012210012,0.1,1.1,18.3
7.81,-0.0024420025,0.1,1.1,18.3
7.81,-0.0024420025,0.1,1.1,18.3
7.81,-0.0024420025,0.1,1.1,18.3
7.81,0.0024420025,0.1,1.1,18.3
7.81,0.0073260074,0.1,1.1,18.3
7.81,0.012210012,0.1,1.1,18.3
7.82,0.017094018,0.1,1.1,18.3
7.82,0.021978023,0.1,1.1,18.3
7.82,0.026862027,0.1,1.1,18.3
7.82,0.031746034,-0.1,1.1,18.3
7.82,0.03663004,-0.1,1.1,18.3
7.82,0.041514043,-0.1,1.1,18.3
7.82,0.041514043,-0.1,1.1,18.3
7.82,0.046398047,-0.1,1.1,18.3
7.82,0.051282052,-0.1,1.1,18.3
7.82,0.051282052,-0.1,1.1,18.3
7.82,0.056166057,-0.1,1.1,18.3
7.83,0.056166057,-0.1,1.1,18.3
7.83,0.06105006,-0.1,1.1,18.3
7.83,0.070818074,-0.1,1.1,18.3
7.83,0.07570208,-0.1,1.1,18.3
7.83,0.08058608,-0.1,1.1,18.3
7.83,0.09035409,-0.1,1.0,18.400000000000002
7.83,0.0952381,-0.1,1.0,18.400000000000002
7.83,0.1001221,-0.1,1.0,18.400000000000002
7.83,0.105006106,-0.1,1.0,18.400000000000002
7.84,0.114774115,-0.1,1.0,18.400000000000002
7.84,0.11965812,-0.1,1.0,18.400000000000002
7.84,0.12942614,-0.1,1.0,18.400000000000002
7.84,0.13431014,-0.1,1.0,18.400000000000002
7.84,0.13919415,-0.1,1.0,18.400000000000002
7.84,0.14407815,-0.1,1.0,18.400000000000002
7.84,0.14896215,-0.1,1.0,18.400000000000002
7.84,0.15384616,-0.1,1.0,18.400000000000002
7.84,0.15384616,-0.1,1.0,18.400000000000002
7.84,0.16361417,-0.1,0.9,18.5
7.84,0.16361417,-0.1,0.9,18.5
7.85,0.16849817,-0.1,0.9,18.5
7.85,0.17826618,-0.1,0.9,18.5
7.85,0.17826618,-0.1,0.9,18.5
7.85,0.17338218,-0.1,0.9,18.5
7.85,0.17826618,-0.1,0.9,18.5
7.85,0.17826618,-0.1,0.9,18.5
7.85,0.18315019,-0.1,0.9,18.5
7.85,0.18803419,-0.1,0.9,18.5
7.86,0.18803419,-0.1,0.9,18.5
7.86,0.1929182,-0.1,0.9,18.5
7.86,0.1929182,-0.2,0.8,18.5
7.86,0.1929182,-0.2,0.8,18.5
7.86,0.18803419,-0.2,0.8,18.5
7.86,0.1929182,-0.2,0.8,18.5
7.86,0.1929182,-0.2,0.8,18.5
7.86,0.18803419,-0.2,0.8,18.5
7.86,0.1929182,-0.2,0.8,18.5
7.86,0.1929182,-0.2,0.8,18.5
7.86,0.18803419,-0.2,0.8,18.5
7.87,0.18803419,-0.2,0.8,18.5
7.87,0.18315019,-0.2,0.8,18.5
7.87,0.18315019,-0.2,0.8,18.5
7.87,0.18315019,-0.2,0.8,18.5
7.87,0.18315019,-0.2,0.8,18.5
7.87,0.17826618,-0.2,0.8,18.5
7.87,0.17826618,-0.2,0.8,18.5
7.87,0.16849817,-0.2,0.8,18.5
7.87,0.16361417,-0.2,0.8,18.5
7.87,0.16849817,-0.2,0.8,18.5
7.87,0.16361417,-0.2,0.8,18.5
7.88,0.16361417,-0.2,0.8,18.5
7.88,0.15873016,-0.2,0.8,18.5
7.88,0.15384616,-0.2,0.8,18.5
7.88,0.14896215,-0.2,0.8,18.5
7.88,0.14896215,-0.2,0.8,18.5
7.88,0.14896215,-0.2,0.8,18.5
7.88,0.14896215,-0.2,0.8,18.5
7.88,0.14407815,-0.2,0.7000000000000001,18.6
7.88,0.13431014,-0.2,0.7000000000000001,18.6
7.89,0.13431014,-0.2,0.7000000000000001,18.6
7.89,0.12942614,-0.2,0.7000000000000001,18.6
7.89,0.124542125,-0.2,0.7000000000000001,18.6
7.89,0.124542125,-0.2,0.7000000000000001,18.6
7.89,0.11965812,-0.2,0.7000000000000001,18.6
7.89,0.114774115,-0.2,0.7000000000000001,18.6
7.89,0.11965812,-0.2,0.7000000000000001,18.6
7.89,0.114774115,-0.2,0.7000000000000001,18.6
7.89,0.10989011,-0.2,0.7000000000000001,18.6
7.89,0.10989011,-0.2,0.7000000000000001,18.6
7.89,0.105006106,-0.2,0.7000000000000001,18.6
7.9,0.105006106,-0.2,0.7000000000000001,18.6
7.9,0.1001221,-0.2,0.7000000000000001,18.6
7.9,0.1001221,-0.2,0.7000000000000001,18.6
7.9,0.0952381,-0.2,0.7000000000000001,18.6
7.9,0.0952381,-0.2,0.7000000000000001,18.6
7.9,0.0952381,-0.2,0.7000000000000001,18.6
7.9,0.0952381,-0.2,0.7000000000000001,18.6
7.9,0.09035409,-0.2,0.7000000000000001,18.6
7.9,0.08547009,-0.2,0.7000000000000001,18.6
7.91,0.08547009,-0.2,0.7000000000000001,18.6
7.91,0.08547009,-0.2,0.7000000000000001,18.6
7.91,0.08058608,-0.2,0.7000000000000001,18.6
7.91,0.08547009,-0.2,0.7000000000000001,18.6
7.91,0.08547009,-0.2,0.6000000000000001,18.5
7.91,0.08058608,-0.2,0.6000000000000001,18.5
7.91,0.07570208,-0.2,0.6000000000000001,18.5
7.91,0.07570208,-0.2,0.6000000000000001,18.5
7.91,0.07570208,-0.2,0.6000000000000001,18.5
7.91,0.07570208,-0.2,0.6000000000000001,18.5
7.91,0.08058608,-0.2,0.6000000000000001,18.5
7.92,0.07570208,-0.2,0.6000000000000001,18.5
7.92,0.07570208,-0.2,0.6000000000000001,18.5
7.92,0.07570208,-0.2,0.6000000000000001,18.5
7.92,0.07570208,-0.2,0.6000000000000001,18.5
7.92,0.07570208,-0.2,0.6000000000000001,18.5
7.92,0.07570208,-0.2,0.6000000000000001,18.5
7.92,0.07570208,-0.2,0.6000000000000001,18.6
7.92,0.07570208,-0.2,0.6000000000000001,18.6
7.92,0.08058608,-0.2,0.6000000000000001,18.6
7.93,0.07570208,-0.2,0.6000000000000001,18.6
7.93,0.07570208,-0.2,0.6000000000000001,18.6
7.93,0.08058608,-0.2,0.6000000000000001,18.6
7.93,0.08058608,-0.2,0.6000000000000001,18.6
7.93,0.08058608,-0.2,0.6000000000000001,18.6
7.93,0.08547009,-0.2,0.6000000000000001,18.6
7.93,0.08547009,-0.2,0.6000000000000001,18.6
7.93,0.09035409,-0.2,0.6000000000000001,18.6
7.93,0.09035409,-0.2,0.6000000000000001,18.6
7.93,0.0952381,-0.2,0.5,18.6
7.94,0.0952381,-0.2,0.5,18.6
7.94,0.0952381,-0.2,0.5,18.6
7.94,0.0952381,-0.2,0.5,18.6
7.94,0.0952381,-0.2,0.5,18.6
7.94,0.0952381,-0.2,0.5,18.6
7.94,0.1001221,-0.2,0.5,18.6
7.94,0.105006106,-0.2,0.5,18.6
7.94,0.105006106,-0.2,0.5,18.6
7.94,0.105006106,-0.2,0.5,18.6
7.94,0.1001221,-0.2,0.5,18.6
7.95,0.10989011,-0.2,0.5,18.6
7.95,0.105006106,-0.2,0.5,18.6
7.95,0.105006106,-0.30000000000000004,0.4,18.7
7.95,0.114774115,-0.30000000000000004,0.4,18.7
7.95,0.114774115,-0.30000000000000004,0.4,18.7
7.95,0.114774115,-0.30000000000000004,0.4,18.7
7.95,0.114774115,-0.30000000000000004,0.4,18.7
7.95,0.114774115,-0.30000000000000004,0.4,18.7
7.95,0.114774115,-0.30000000000000004,0.4,18.7
7.96,0.11965812,-0.30000000000000004,0.4,18.7
7.96,0.124542125,-0.30000000000000004,0.4,18.7
7.96,0.124542125,-0.30000000000000004,0.4,18.7
7.96,0.124542125,-0.30000000000000004,0.4,18.7
7.96,0.124542125,-0.30000000000000004,0.4,18.7
7.96,0.11965812,-0.30000000000000004,0.4,18.8
7.96,0.11965812,-0.30000000000000004,0.4,18.8
7.96,0.124542125,-0.30000000000000004,0.4,18.8
7.96,0.12942614,-0.30000000000000004,0.4,18.8
7.97,0.124542125,-0.30000000000000004,0.4,18.8
7.97,0.124542125,-0.30000000000000004,0.4,18.8
7.97,0.12942614,-0.30000000000000004,0.4,18.8
7.97,0.124542125,-0.30000000000000004,0.4,18.8
7.97,0.13431014,-0.30000000000000004,0.4,18.8
7.97,0.13919415,-0.30000000000000004,0.4,18.8
7.97,0.13431014,-0.30000000000000004,0.4,18.8
7.97,0.12942614,-0.30000000000000004,0.4,18.8
7.97,0.13431014,-0.30000000000000004,0.4,18.8
7.97,0.13431014,-0.30000000000000004,0.4,18.8
7.97,0.13431014,-0.30000000000000004,0.4,18.8
7.98,0.13431014,-0.30000000000000004,0.4,18.8
7.98,0.13919415,-0.30000000000000004,0.4,18.8
7.98,0.13919415,-0.30000000000000004,0.4,18.8
7.98,0.13431014,-0.30000000000000004,0.4,18.8
7.98,0.13919415,-0.30000000000000004,0.4,18.8
7.98,0.12942614,-0.30000000000000004,0.4,18.8
7.98,0.13431014,-0.30000000000000004,0.4,18.8
7.98,0.13431014,-0.30000000000000004,0.4,18.8
7.99,0.13431014,-0.30000000000000004,0.4,18.8
7.99,0.13431014,-0.30000000000000004,0.4,18.8
7.99,0.13431014,-0.30000000000000004,0.4,18.8
7.99,0.13919415,-0.30000000000000004,0.4,18.8
7.99,0.13431014,-0.30000000000000004,0.4,18.8
7.99,0.12942614,-0.30000000000000004,0.4,18.8
7.99,0.13919415,-0.30000000000000004,0.4,18.8
7.99,0.13431014,-0.30000000000000004,0.4,18.8
7.99,0.13431014,-0.30000000000000004,0.4,18.8
7.99,0.12942614,-0.30000000000000004,0.4,18.8
8.0,0.13431014,-0.30000000000000004,0.4,18.8
8.0,0.13431014,-0.30000000000000004,0.4,18.8
8.0,0.13919415,-0.30000000000000004,0.4,18.8
8.0,0.13431014,-0.30000000000000004,0.4,18.8
8.0,0.12942614,-0.30000000000000004,0.30000000000000004,18.8
8.0,0.13431014,-0.30000000000000004,0.30000000000000004,18.8
8.0,0.13431014,-0.30000000000000004,0.30000000000000004,18.8
8.0,0.12942614,-0.30000000000000004,0.30000000000000004,18.8
8.0,0.13431014,-0.30000000000000004,0.30000000000000004,18.8
8.0,0.13431014,-0.30000000000000004,0.30000000000000004,18.8
8.01,0.13431014,-0.30000000000000004,0.30000000000000004,18.8
8.01,0.13431014,-0.30000000000000004,0.30000000000000004,18.8
8.01,0.13431014,-0.30000000000000004,0.30000000000000004,18.8
8.01,0.13431014,-0.30000000000000004,0.30000000000000004,18.8
8.01,0.13431014,-0.30000000000000004,0.30000000000000004,18.8
8.01,0.13431014,-0.30000000000000004,0.30000000000000004,18.8
8.01,0.13431014,-0.30000000000000004,0.30000000000000004,18.8
8.01,0.13919415,-0.30000000000000004,0.30000000000000004,18.8
8.02,0.12942614,-0.30000000000000004,0.30000000000000004,18.8
8.02,0.13431014,-0.30000000000000004,0.30000000000000004,18.8
8.02,0.13431014,-0.30000000000000004,0.30000000000000004,18.8
8.02,0.12942614,-0.30000000000000004,0.30000000000000004,18.8
8.02,0.13919415,-0.30000000000000004,0.30000000000000004,18.8
8.02,0.13919415,-0.30000000000000004,0.30000000000000004,18.8
8.02,0.13431014,-0.30000000000000004,0.30000000000000004,18.8
8.02,0.12942614,-0.30000000000000004,0.30000000000000004,18.8
8.02,0.13431014,-0.30000000000000004,0.30000000000000004,18.8
8.03,0.13431014,-0.30000000000000004,0.30000000000000004,18.8
8.03,0.124542125,-0.30000000000000004,0.30000000000000004,18.8
8.03,0.12942614,-0.30000000000000004,0.30000000000000004,18.8
8.03,0.12942614,-0.30000000000000004,0.30000000000000004,18.8
8.03,0.124542125,-0.30000000000000004,0.30000000000000004,18.8
8.03,0.12942614,-0.30000000000000004,0.30000000000000004,18.8
8.03,0.12942614,-0.30000000000000004,0.30000000000000004,18.8
8.03,0.124542125,-0.30000000000000004,0.30000000000000004,18.8
8.04,0.11965812,-0.30000000000000004,0.30000000000000004,18.8
8.04,0.124542125,-0.30000000000000004,0.30000000000000004,18.8
8.04,0.124542125,-0.30000000000000004,0.30000000000000004,18.8
8.04,0.124542125,-0.30000000000000004,0.30000000000000004,18.8
8.04,0.11965812,-0.30000000000000004,0.30000000000000004,18.8
8.04,0.114774115,-0.30000000000000004,0.30000000000000004,18.8
8.04,0.114774115,-0.30000000000000004,0.30000000000000004,18.8
8.05,0.114774115,-0.30000000000000004,0.30000000000000004,18.8
8.05,0.10989011,-0.30000000000000004,0.30000000000000004,18.8
8.05,0.114774115,-0.30000000000000004,0.30000000000000004,18.8
8.05,0.10989011,-0.30000000000000004,0.30000000000000004,18.8
8.05,0.105006106,-0.30000000000000004,0.30000000000000004,18.8
8.05,0.10989011,-0.30000000000000004,0.30000000000000004,18.8
8.05,0.114774115,-0.30000000000000004,0.30000000000000004,18.8
8.05,0.114774115,-0.30000000000000004,0.30000000000000004,18.8
8.06,0.10989011,-0.30000000000000004,0.30000000000000004,18.8
8.06,0.105006106,-0.30000000000000004,0.30000000000000004,18.8
8.06,0.105006106,-0.30000000000000004,0.30000000000000004,18.8
8.06,0.10989011,-0.30000000000000004,0.30000000000000004,18.8
8.06,0.114774115,-0.30000000000000004,0.30000000000000004,18.8
8.06,0.10989011,-0.30000000000000004,0.30000000000000004,18.8
8.06,0.10989011,-0.30000000000000004,0.30000000000000004,18.8
8.06,0.10989011,-0.30000000000000004,0.30000000000000004,18.8
8.06,0.105006106,-0.30000000000000004,0.30000000000000004,18.8
8.06,0.10989011,-0.30000000000000004,0.30000000000000004,18.8
8.07,0.10989011,-0.30000000000000004,0.30000000000000004,18.8
8.07,0.10989011,-0.30000000000000004,0.30000000000000004,18.8
8.07,0.114774115,-0.30000000000000004,0.30000000000000004,18.8
8.07,0.10989011,-0.30000000000000004,0.30000000000000004,18.8
8.07,0.105006106,-0.30000000000000004,0.30000000000000004,18.8
8.07,0.10989011,-0.30000000000000004,0.30000000000000004,18.8
8.07,0.105006106,-0.30000000000000004,0.30000000000000004,18.8
8.07,0.10989011,-0.30000000000000004,0.30000000000000004,18.8
8.07,0.10989011,-0.30000000000000004,0.30000000000000004,18.8
8.07,0.10989011,-0.30000000000000004,0.30000000000000004,18.8
8.08,0.10989011,-0.30000000000000004,0.30000000000000004,18.8
8.08,0.114774115,-0.30000000000000004,0.30000000000000004,18.8
8.08,0.10989011,-0.30000000000000004,0.30000000000000004,18.8
8.08,0.10989011,-0.30000000000000004,0.30000000000000004,18.8
8.08,0.124542125,-0.30000000000000004,0.30000000000000004,18.8
8.08,0.11965812,-0.30000000000000004,0.30000000000000004,18.8
8.08,0.114774115,-0.30000000000000004,0.30000000000000004,18.8
8.08,0.11965812,-0.30000000000000004,0.30000000000000004,18.8
8.09,0.11965812,-0.30000000000000004,0.30000000000000004,18.8
8.09,0.11965812,-0.30000000000000004,0.30000000000000004,18.8
8.09,0.124542125,-0.30000000000000004,0.30000000000000004,18.8
8.09,0.124542125,-0.30000000000000004,0.30000000000000004,18.8
8.09,0.124542125,-0.30000000000000004,0.30000000000000004,18.8
8.09,0.124542125,-0.30000000000000004,0.30000000000000004,18.8
8.09,0.12942614,-0.30000000000000004,0.30000000000000004,18.8
8.09,0.124542125,-0.30000000000000004,0.30000000000000004,18.8
8.09,0.124542125,-0.30000000000000004,0.30000000000000004,18.8
8.1,0.12942614,-0.30000000000000004,0.30000000000000004,18.8
8.1,0.13431014,-0.30000000000000004,0.30000000000000004,18.8
8.1,0.13431014,-0.30000000000000004,0.30000000000000004,18.8
8.1,0.12942614,-0.30000000000000004,0.30000000000000004,18.8
8.1,0.12942614,-0.30000000000000004,0.30000000000000004,18.8
8.1,0.12942614,-0.30000000000000004,0.30000000000000004,18.8
8.1,0.13431014,-0.30000000000000004,0.30000000000000004,18.8
8.1,0.13431014,-0.30000000000000004,0.30000000000000004,18.8
8.1,0.12942614,-0.30000000000000004,0.30000000000000004,18.8
8.1,0.13919415,-0.30000000000000004,0.30000000000000004,18.8
8.11,0.13919415,-0.30000000000000004,0.30000000000000004,18.8
8.11,0.12942614,-0.30000000000000004,0.30000000000000004,18.8
8.11,0.124542125,-0.30000000000000004,0.30000000000000004,18.8
8.11,0.13431014,-0.30000000000000004,0.30000000000000004,18.8
8.11,0.12942614,-0.30000000000000004,0.30000000000000004,18.8
8.11,0.13431014,-0.30000000000000004,0.30000000000000004,18.8
8.11,0.13431014,-0.30000000000000004,0.30000000000000004,18.8
8.11,0.12942614,-0.30000000000000004,0.30000000000000004,18.8
8.11,0.12942614,-0.30000000000000004,0.30000000000000004,18.8
8.11,0.124542125,-0.30000000000000004,0.30000000000000004,18.8
8.12,0.124542125,-0.30000000000000004,0.30000000000000004,18.8
8.12,0.124542125,-0.30000000000000004,0.30000000000000004,18.8
8.12,0.124542125,-0.30000000000000004,0.30000000000000004,18.8
8.12,0.124542125,-0.30000000000000004,0.30000000000000004,18.8
8.12,0.124542125,-0.30000000000000004,0.30000000000000004,18.8
8.12,0.11965812,-0.30000000000000004,0.30000000000000004,18.8
8.13,0.11965812,-0.30000000000000004,0.30000000000000004,18.8
8.13,0.114774115,-0.30000000000000004,0.30000000000000004,18.8
8.13,0.114774115,-0.30000000000000004,0.30000000000000004,18.8
8.13,0.114774115,-0.30000000000000004,0.30000000000000004,18.8
8.13,0.10989011,-0.30000000000000004,0.30000000000000004,18.8
8.13,0.10989011,-0.30000000000000004,0.30000000000000004,18.8
8.13,0.105006106,-0.30000000000000004,0.30000000000000004,18.8
8.14,0.10989011,-0.30000000000000004,0.30000000000000004,18.8
8.14,0.10989011,-0.30000000000000004,0.30000000000000004,18.8
8.14,0.1001221,-0.30000000000000004,0.30000000000000004,18.8
8.14,0.1001221,-0.30000000000000004,0.30000000000000004,18.8
8.14,0.1001221,-0.30000000000000004,0.30000000000000004,18.8
8.14,0.1001221,-0.30000000000000004,0.30000000000000004,18.8
8.14,0.0952381,-0.30000000000000004,0.30000000000000004,18.8
8.14,0.0952381,-0.30000000000000004,0.30000000000000004,18.8
8.14,0.0952381,-0.30000000000000004,0.30000000000000004,18.8
8.14,0.09035409,-0.30000000000000004,0.30000000000000004,18.8
8.15,0.09035409,-0.30000000000000004,0.30000000000000004,18.8
8.15,0.08547009,-0.30000000000000004,0.30000000000000004,18.8
8.15,0.08058608,-0.30000000000000004,0.30000000000000004,18.8
8.15,0.08547009,-0.30000000000000004,0.30000000000000004,18.8
8.15,0.08058608,-0.30000000000000004,0.30000000000000004,18.8
8.15,0.07570208,-0.30000000000000004,0.30000000000000004,18.8
8.15,0.07570208,-0.30000000000000004,0.30000000000000004,18.8
8.15,0.070818074,-0.30000000000000004,0.30000000000000004,18.8
8.15,0.070818074,-0.30000000000000004,0.30000000000000004,18.8
8.16,0.06593407,-0.30000000000000004,0.30000000000000004,18.8
8.16,0.06593407,-0.30000000000000004,0.2,18.8
8.16,0.06105006,-0.30000000000000004,0.2,18.8
8.16,0.06105006,-0.30000000000000004,0.2,18.8
8.16,0.06105006,-0.30000000000000004,0.2,18.8
8.16,0.06593407,-0.30000000000000004,0.2,18.8
8.16,0.056166057,-0.30000000000000004,0.2,18.8
8.16,0.06105006,-0.30000000000000004,0.2,18.8
8.16,0.056166057,-0.30000000000000004,0.2,18.8
8.16,0.051282052,-0.30000000000000004,0.2,18.8
8.17,0.046398047,-0.30000000000000004,0.2,18.8
8.17,0.051282052,-0.30000000000000004,0.2,18.8
8.17,0.051282052,-0.30000000000000004,0.2,18.8
8.17,0.046398047,-0.30000000000000004,0.2,18.8
8.17,0.046398047,-0.30000000000000004,0.2,18.8
8.17,0.041514043,-0.30000000000000004,0.2,18.8
8.17,0.041514043,-0.30000000000000004,0.2,18.8
8.17,0.041514043,-0.30000000000000004,0.2,18.8
8.17,0.03663004,-0.30000000000000004,0.2,18.8
8.17,0.041514043,-0.30000000000000004,0.2,18.8
8.17,0.041514043,-0.30000000000000004,0.2,18.8
8.18,0.041514043,-0.30000000000000004,0.2,18.8
8.18,0.041514043,-0.30000000000000004,0.2,18.8
8.18,0.03663004,-0.30000000000000004,0.2,18.8
8.18,0.03663004,-0.30000000000000004,0.2,18.8
8.18,0.03663004,-0.30000000000000004,0.2,18.8
8.18,0.03663004,-0.30000000000000004,0.2,18.8
8.18,0.03663004,-0.30000000000000004,0.2,18.8
8.18,0.03663004,-0.30000000000000004,0.2,18.8
8.18,0.03663004,-0.30000000000000004,0.2,18.8
8.18,0.03663004,-0.30000000000000004,0.2,18.8
8.19,0.03663004,-0.30000000000000004,0.2,18.8
8.19,0.041514043,-0.30000000000000004,0.2,18.8
8.19,0.03663004,-0.30000000000000004,0.2,18.8
8.19,0.03663004,-0.30000000000000004,0.2,18.8
8.19,0.031746034,-0.30000000000000004,0.2,18.8
8.19,0.031746034,-0.30000000000000004,0.2,18.8
8.19,0.03663004,-0.30000000000000004,0.2,18.8
8.19,0.03663004,-0.30000000000000004,0.2,18.8
8.19,0.031746034,-0.30000000000000004,0.2,18.8
8.2,0.041514043,-0.30000000000000004,0.2,18.8
8.2,0.03663004,-0.30000000000000004,0.2,18.8
8.2,0.03663004,-0.30000000000000004,0.2,18.8
8.2,0.03663004,-0.30000000000000004,0.2,18.8
8.2,0.03663004,-0.30000000000000004,0.2,18.8
8.2,0.03663004,-0.30000000000000004,0.2,18.8
8.2,0.03663004,-0.30000000000000004,0.2,18.8
8.2,0.046398047,-0.30000000000000004,0.2,18.8
8.2,0.046398047,-0.30000000000000004,0.2,18.8
8.2,0.041514043,-0.30000000000000004,0.2,18.8
8.21,0.046398047,-0.30000000000000004,0.2,18.8
8.21,0.046398047,-0.30000000000000004,0.2,18.8
8.21,0.046398047,-0.30000000000000004,0.2,18.8
8.21,0.051282052,-0.30000000000000004,0.2,18.8
8.21,0.056166057,-0.30000000000000004,0.2,18.8
8.21,0.056166057,-0.30000000000000004,0.2,18.8
8.21,0.056166057,-0.30000000000000004,0.2,18.8
8.21,0.056166057,-0.30000000000000004,0.2,18.8
8.21,0.056166057,-0.30000000000000004,0.2,18.8
8.21,0.056166057,-0.30000000000000004,0.2,18.8
8.21,0.056166057,-0.30000000000000004,0.2,18.8
8.22,0.06593407,-0.30000000000000004,0.2,18.8
8.22,0.07570208,-0.30000000000000004,0.2,18.8
8.22,0.070818074,-0.30000000000000004,0.2,18.8
8.22,0.070818074,-0.30000000000000004,0.2,18.8
8.22,0.070818074,-0.30000000000000004,0.2,18.8
8.22,0.070818074,-0.30000000000000004,0.2,18.8
8.22,0.07570208,-0.4,0.2,18.8
8.22,0.07570208,-0.4,0.2,18.8
8.22,0.07570208,-0.4,0.2,18.8
8.22,0.08058608,-0.4,0.2,18.8
8.23,0.08058608,-0.4,0.2,18.8
8.23,0.08058608,-0.4,0.2,18.8
8.23,0.08058608,-0.4,0.2,18.8
8.23,0.08058608,-0.4,0.2,18.8
8.23,0.08547009,-0.4,0.2,18.8
8.23,0.09035409,-0.4,0.2,18.8
8.23,0.08547009,-0.4,0.2,18.8
8.23,0.08547009,-0.4,0.2,18.8
8.23,0.08547009,-0.4,0.2,18.8
8.23,0.09035409,-0.4,0.1,18.8
8.23,0.08547009,-0.4,0.1,18.8
8.24,0.08547009,-0.4,0.1,18.8
8.24,0.09035409,-0.4,0.1,18.8
8.24,0.08547009,-0.4,0.1,18.8
8.24,0.08547009,-0.4,0.1,18.8
8.24,0.08547009,-0.4,0.1,18.8
8.24,0.09035409,-0.4,0.1,18.8
8.24,0.09035409,-0.4,0.1,18.8
8.24,0.09035409,-0.4,0.1,18.8
8.24,0.0952381,-0.4,0.1,18.8
8.24,0.09035409,-0.4,0.1,18.8
8.25,0.09035409,-0.4,0.1,18.8
8.25,0.09035409,-0.4,0.2,18.8
8.25,0.08547009,-0.4,0.2,18.8
8.25,0.09035409,-0.4,0.2,18.8
8.25,0.09035409,-0.4,0.2,18.8
8.25,0.09035409,-0.4,0.2,18.8
8.25,0.09035409,-0.4,0.2,18.8
8.25,0.09035409,-0.4,0.2,18.8
8.25,0.08547009,-0.4,0.2,18.8
8.25,0.08547009,-0.4,0.2,18.8
8.26,0.08547009,-0.4,0.2,18.8
8.26,0.08547009,-0.4,0.2,18.8
8.26,0.08547009,-0.4,0.2,18.8
8.26,0.08058608,-0.4,0.2,18.8
8.26,0.08547009,-0.4,0.2,18.8
8.26,0.08547009,-0.4,0.2,18.8
8.26,0.07570208,-0.4,0.2,18.8
8.26,0.07570208,-0.4,0.2,18.8
8.26,0.07570208,-0.4,0.2,18.8
8.26,0.08058608,-0.4,0.2,18.8
8.27,0.070818074,-0.4,0.2,18.8
8.27,0.070818074,-0.4,0.2,18.8
8.27,0.08058608,-0.4,0.2,18.8
8.27,0.07570208,-0.4,0.2,18.8
8.27,0.07570208,-0.4,0.2,18.8
8.27,0.070818074,-0.4,0.2,18.8
8.27,0.070818074,-0.4,0.2,18.8
8.27,0.070818074,-0.4,0.2,18.8
8.27,0.07570208,-0.4,0.2,18.8
8.27,0.08058608,-0.4,0.2,18.8
8.28,0.07570208,-0.4,0.2,18.8
8.28,0.08058608,-0.4,0.2,18.8
8.28,0.08058608,-0.4,0.2,18.8
8.28,0.08058608,-0.4,0.2,18.8
8.28,0.08547009,-0.4,0.2,18.8
8.28,0.09035409,-0.4,0.2,18.8
8.28,0.0952381,-0.4,0.2,18.8
8.28,0.1001221,-0.4,0.2,18.8
8.28,0.105006106,-0.4,0.2,18.8
8.28,0.105006106,-0.4,0.2,18.8
8.29,0.105006106,-0.4,0.2,18.8
8.29,0.1001221,-0.4,0.2,18.8
8.29,0.105006106,-0.4,0.2,18.8
8.29,0.114774115,-0.4,0.2,18.8
8.29,0.114774115,-0.4,0.2,18.8
8.29,0.124542125,-0.4,0.2,18.8
8.29,0.124542125,-0.4,0.2,18.8
8.29,0.124542125,-0.4,0.2,18.8
8.29,0.12942614,-0.4,0.2,18.8
8.29,0.12942614,-0.4,0.2,18.8
8.3,0.12942614,-0.4,0.2,18.8
8.3,0.12942614,-0.4,0.2,18.8
8.3,0.13431014,-0.4,0.2,18.8
8.3,0.12942614,-0.4,0.2,18.8
8.3,0.124542125,-0.4,0.2,18.8
8.3,0.12942614,-0.4,0.2,18.8
8.3,0.13431014,-0.4,0.2,18.8
8.3,0.12942614,-0.4,0.2,18.8
8.3,0.11965812,-0.4,0.2,18.8
8.31,0.11965812,-0.4,0.2,18.8
8.31,0.11965812,-0.4,0.2,18.8
8.31,0.11965812,-0.4,0.2,18.8
8.31,0.114774115,-0.4,0.2,18.8
8.31,0.114774115,-0.4,0.2,18.8
8.31,0.105006106,-0.4,0.2,18.8
8.31,0.1001221,-0.4,0.2,18.8
8.31,0.1001221,-0.4,0.2,18.8
8.31,0.0952381,-0.4,0.2,18.8
8.31,0.09035409,-0.4,0.2,18.8
8.32,0.09035409,-0.4,0.2,18.8
8.32,0.08058608,-0.4,0.2,18.8
8.32,0.08058608,-0.4,0.2,18.8
8.32,0.070818074,-0.4,0.2,18.8
8.32,0.070818074,-0.4,0.2,18.8
8.32,0.06593407,-0.4,0.2,18.8
8.32,0.056166057,-0.4,0.2,18.8
8.32,0.06105006,-0.4,0.2,18.8
8.32,0.056166057,-0.4,0.2,18.8
8.33,0.046398047,-0.4,0.2,18.8
8.33,0.051282052,-0.4,0.2,18.8
8.33,0.046398047,-0.4,0.2,18.8
8.33,0.041514043,-0.4,0.2,18.8
8.33,0.03663004,-0.4,0.2,18.8
8.33,0.03663004,-0.4,0.2,18.8
8.33,0.03663004,-0.4,0.2,18.8
8.33,0.03663004,-0.4,0.2,18.8
8.33,0.026862027,-0.4,0.2,18.8
8.33,0.026862027,-0.4,0.2,18.8
8.34,0.026862027,-0.4,0.2,18.8
8.34,0.026862027,-0.4,0.2,18.8
8.34,0.026862027,-0.4,0.2,18.8
8.34,0.021978023,-0.4,0.2,18.8
8.34,0.026862027,-0.4,0.2,18.8
8.34,0.021978023,-0.4,0.2,18.8
8.34,0.021978023,-0.4,0.2,18.8
8.34,0.021978023,-0.4,0.2,18.8
8.35,0.026862027,-0.4,0.2,18.8
8.35,0.021978023,-0.4,0.2,18.8
8.35,0.021978023,-0.4,0.2,18.8
8.35,0.021978023,-0.4,0.2,18.8
8.35,0.021978023,-0.4,0.2,18.8
8.35,0.021978023,-0.4,0.2,18.8
8.35,0.021978023,-0.4,0.2,18.8
8.35,0.026862027,-0.4,0.1,18.8
8.35,0.031746034,-0.4,0.1,18.8
8.35,0.026862027,-0.4,0.1,18.8
8.36,0.026862027,-0.4,0.1,18.8
8.36,0.03663004,-0.4,0.1,18.8
8.36,0.031746034,-0.4,0.1,18.8
8.36,0.031746034,-0.4,0.1,18.8
8.36,0.03663004,-0.4,0.1,18.8
8.36,0.03663004,-0.4,0.1,18.8
8.36,0.041514043,-0.4,0.1,18.8
8.36,0.041514043,-0.4,0.1,18.8
8.36,0.046398047,-0.4,0.2,18.8
8.37,0.046398047,-0.4,0.2,18.8
8.37,0.046398047,-0.4,0.2,18.8
8.37,0.051282052,-0.4,0.2,18.8
8.37,0.056166057,-0.4,0.2,18.8
8.37,0.056166057,-0.4,0.2,18.8
8.37,0.056166057,-0.4,0.2,18.8
8.37,0.056166057,-0.4,0.2,18.8
8.37,0.06105006,-0.4,0.2,18.8
8.37,0.06105006,-0.4,0.2,18.8
8.37,0.06593407,-0.4,0.2,18.8
8.38,0.06593407,-0.4,0.2,18.8
8.38,0.06593407,-0.4,0.1,18.8
8.38,0.070818074,-0.4,0.1,18.8
8.38,0.070818074,-0.4,0.1,18.8
8.38,0.070818074,-0.4,0.1,18.8
8.38,0.07570208,-0.4,0.1,18.8
8.38,0.07570208,-0.4,0.1,18.8
8.38,0.08058608,-0.4,0.1,18.8
8.38,0.08058608,-0.4,0.1,18.8
8.39,0.08058608,-0.4,0.1,18.8
8.39,0.08058608,-0.4,0.1,18.8
8.39,0.08547009,-0.4,0.1,18.8
8.39,0.08058608,-0.4,0.1,18.8
8.39,0.08547009,-0.4,0.1,18.8
8.39,0.09035409,-0.4,0.1,18.7
8.39,0.09035409,-0.4,0.1,18.7
8.39,0.09035409,-0.4,0.1,18.7
8.39,0.09035409,-0.4,0.1,18.7
8.39,0.09035409,-0.4,0.1,18.7
8.39,0.0952381,-0.4,0.1,18.7
8.4,0.0952381,-0.4,0.1,18.7
8.4,0.09035409,-0.4,0.1,18.7
8.4,0.0952381,-0.4,0.1,18.7
8.4,0.0952381,-0.4,0.1,18.7
8.4,0.0952381,-0.4,0.1,18.7
8.4,0.0952381,-0.4,0.1,18.7
8.4,0.0952381,-0.4,0.1,18.7
8.4,0.0952381,-0.4,0.2,18.7
8.4,0.0952381,-0.4,0.2,18.7
8.4,0.1001221,-0.4,0.2,18.7
8.41,0.1001221,-0.4,0.2,18.7
8.41,0.0952381,-0.4,0.2,18.7
8.41,0.1001221,-0.4,0.2,18.7
8.41,0.1001221,-0.4,0.2,18.7
8.41,0.0952381,-0.4,0.2,18.7
8.41,0.0952381,-0.4,0.2,18.7
8.41,0.0952381,-0.4,0.2,18.7
8.41,0.0952381,-0.4,0.2,18.7
8.41,0.1001221,-0.4,0.2,18.7
8.41,0.1001221,-0.4,0.2,18.7
8.42,0.1001221,-0.4,0.2,18.7
8.42,0.105006106,-0.4,0.2,18.8
8.42,0.1001221,-0.4,0.2,18.8
8.42,0.105006106,-0.4,0.2,18.8
8.42,0.105006106,-0.4,0.2,18.8
8.42,0.1001221,-0.4,0.2,18.8
8.42,0.10989011,-0.4,0.2,18.8
8.42,0.105006106,-0.4,0.2,18.8
8.42,0.105006106,-0.4,0.2,18.8
8.42,0.105006106,-0.4,0.2,18.8
8.42,0.105006106,-0.4,0.2,18.8
8.43,0.10989011,-0.4,0.2,18.8
8.43,0.10989011,-0.4,0.2,18.8
8.43,0.10989011,-0.4,0.2,18.8
8.43,0.10989011,-0.4,0.2,18.7
8.43,0.10989011,-0.4,0.2,18.7
8.43,0.10989011,-0.4,0.2,18.7
8.43,0.10989011,-0.4,0.2,18.7
8.43,0.105006106,-0.4,0.2,18.7
8.43,0.105006106,-0.4,0.2,18.7
8.44,0.1001221,-0.4,0.2,18.7
8.44,0.0952381,-0.4,0.2,18.7
8.44,0.09035409,-0.4,0.2,18.7
8.44,0.08547009,-0.4,0.2,18.7
8.44,0.08058608,-0.4,0.2,18.7
8.44,0.070818074,-0.4,0.2,18.7
8.44,0.06593407,-0.4,0.2,18.7
8.44,0.06105006,-0.30000000000000004,0.30000000000000004,18.7
8.44,0.051282052,-0.30000000000000004,0.30000000000000004,18.7
8.44,0.041514043,-0.30000000000000004,0.30000000000000004,18.7
8.45,0.041514043,-0.30000000000000004,0.30000000000000004,18.7
8.45,0.03663004,-0.30000000000000004,0.30000000000000004,18.7
8.45,0.026862027,-0.30000000000000004,0.30000000000000004,18.7
8.45,0.021978023,-0.30000000000000004,0.30000000000000004,18.7
8.45,0.012210012,-0.30000000000000004,0.30000000000000004,18.7
8.45,0.0073260074,-0.30000000000000004,0.30000000000000004,18.7
8.45,0.0073260074,-0.30000000000000004,0.30000000000000004,18.7
8.45,-0.0024420025,-0.30000000000000004,0.30000000000000004,18.7
8.45,-0.0024420025,-0.30000000000000004,0.30000000000000004,18.7
8.45,-0.0073260074,-0.30000000000000004,0.30000000000000004,18.7
8.45,-0.0073260074,-0.30000000000000004,0.30000000000000004,18.7
8.46,-0.0073260074,-0.30000000000000004,0.30000000000000004,18.7
8.46,-0.012210012,-0.30000000000000004,0.30000000000000004,18.7
8.46,-0.012210012,-0.30000000000000004,0.30000000000000004,18.7
8.46,-0.017094018,-0.30000000000000004,0.30000000000000004,18.7
8.46,-0.017094018,-0.30000000000000004,0.30000000000000004,18.7
8.46,-0.017094018,-0.30000000000000004,0.30000000000000004,18.7
8.46,-0.017094018,-0.30000000000000004,0.30000000000000004,18.7
8.46,-0.017094018,-0.30000000000000004,0.30000000000000004,18.7
8.46,-0.017094018,-0.30000000000000004,0.30000000000000004,18.7
8.47,-0.017094018,-0.30000000000000004,0.30000000000000004,18.7
8.47,-0.017094018,-0.30000000000000004,0.30000000000000004,18.7
8.47,-0.017094018,-0.30000000000000004,0.30000000000000004,18.7
8.47,-0.017094018,-0.30000000000000004,0.30000000000000004,18.7
8.47,-0.012210012,-0.30000000000000004,0.30000000000000004,18.7
8.47,-0.0073260074,-0.30000000000000004,0.30000000000000004,18.7
8.47,-0.012210012,-0.30000000000000004,0.30000000000000004,18.7
8.47,-0.0073260074,-0.30000000000000004,0.30000000000000004,18.7
8.47,-0.0073260074,-0.30000000000000004,0.30000000000000004,18.7
8.47,0.0024420025,-0.30000000000000004,0.30000000000000004,18.7
8.48,-0.0024420025,-0.30000000000000004,0.30000000000000004,18.7
8.48,0.0024420025,-0.30000000000000004,0.30000000000000004,18.7
8.48,0.0073260074,-0.30000000000000004,0.30000000000000004,18.7
8.48,0.0073260074,-0.30000000000000004,0.30000000000000004,18.7
8.48,0.017094018,-0.30000000000000004,0.30000000000000004,18.7
8.48,0.017094018,-0.30000000000000004,0.30000000000000004,18.7
8.48,0.021978023,-0.30000000000000004,0.30000000000000004,18.8
8.48,0.021978023,-0.30000000000000004,0.30000000000000004,18.8
8.48,0.026862027,-0.30000000000000004,0.30000000000000004,18.8
8.48,0.03663004,-0.30000000000000004,0.30000000000000004,18.8
8.49,0.03663004,-0.30000000000000004,0.30000000000000004,18.8
8.49,0.046398047,-0.30000000000000004,0.30000000000000004,18.8
8.49,0.046398047,-0.30000000000000004,0.30000000000000004,18.8
8.49,0.046398047,-0.30000000000000004,0.30000000000000004,18.8
8.49,0.051282052,-0.30000000000000004,0.30000000000000004,18.8
8.49,0.056166057,-0.30000000000000004,0.30000000000000004,18.8
8.49,0.056166057,-0.30000000000000004,0.30000000000000004,18.8
8.49,0.06105006,-0.30000000000000004,0.30000000000000004,18.8
8.49,0.06593407,-0.30000000000000004,0.30000000000000004,18.8
8.49,0.070818074,-0.4,0.30000000000000004,18.8
8.49,0.070818074,-0.4,0.30000000000000004,18.8
8.5,0.070818074,-0.4,0.30000000000000004,18.8
8.5,0.07570208,-0.4,0.30000000000000004,18.8
8.5,0.07570208,-0.4,0.30000000000000004,18.8
8.5,0.07570208,-0.4,0.30000000000000004,18.8
8.5,0.08058608,-0.4,0.30000000000000004,18.8
8.5,0.08547009,-0.4,0.30000000000000004,18.8
8.5,0.08058608,-0.4,0.30000000000000004,18.8
8.5,0.0952381,-0.4,0.30000000000000004,18.8
8.5,0.1001221,-0.4,0.30000000000000004,18.8
8.5,0.105006106,-0.4,0.30000000000000004,18.8
8.51,0.105006106,-0.4,0.30000000000000004,18.8
8.51,0.10989011,-0.4,0.30000000000000004,18.900000000000002
8.51,0.11965812,-0.4,0.30000000000000004,18.900000000000002
8.51,0.11965812,-0.4,0.30000000000000004,18.900000000000002
8.51,0.11965812,-0.4,0.30000000000000004,18.900000000000002
8.51,0.124542125,-0.4,0.30000000000000004,18.900000000000002
8.51,0.13431014,-0.4,0.30000000000000004,18.900000000000002
8.51,0.13431014,-0.4,0.30000000000000004,18.900000000000002
8.51,0.13431014,-0.4,0.30000000000000004,18.900000000000002
8.52,0.13919415,-0.4,0.30000000000000004,18.900000000000002
8.52,0.14407815,-0.4,0.30000000000000004,18.900000000000002
8.52,0.14407815,-0.4,0.30000000000000004,18.900000000000002
8.52,0.14896215,-0.30000000000000004,0.30000000000000004,18.900000000000002
8.52,0.14896215,-0.30000000000000004,0.30000000000000004,18.900000000000002
8.52,0.14896215,-0.30000000000000004,0.30000000000000004,18.900000000000002
8.52,0.14896215,-0.30000000000000004,0.30000000000000004,18.900000000000002
8.52,0.15384616,-0.30000000000000004,0.30000000000000004,18.900000000000002
8.52,0.15384616,-0.30000000000000004,0.30000000000000004,18.900000000000002
8.53,0.15384616,-0.30000000000000004,0.30000000000000004,18.900000000000002
8.53,0.15384616,-0.30000000000000004,0.30000000000000004,18.900000000000002
8.53,0.15873016,-0.30000000000000004,0.30000000000000004,18.900000000000002
8.53,0.15384616,-0.30000000000000004,0.30000000000000004,18.900000000000002
8.53,0.15873016,-0.30000000000000004,0.30000000000000004,18.900000000000002
8.53,0.15873016,-0.30000000000000004,0.30000000000000004,18.900000000000002
8.53,0.15873016,-0.30000000000000004,0.30000000000000004,18.900000000000002
8.53,0.15873016,-0.30000000000000004,0.30000000000000004,18.900000000000002
8.53,0.16361417,-0.30000000000000004,0.30000000000000004,18.900000000000002
8.54,0.16361417,-0.30000000000000004,0.30000000000000004,18.900000000000002
8.54,0.15873016,-0.30000000000000004,0.30000000000000004,18.900000000000002
8.54,0.15873016,-0.30000000000000004,0.30000000000000004,18.900000000000002
8.54,0.16361417,-0.30000000000000004,0.30000000000000004,18.900000000000002
8.54,0.15873016,-0.30000000000000004,0.30000000000000004,18.900000000000002
8.54,0.15873016,-0.30000000000000004,0.30000000000000004,18.900000000000002
8.54,0.15873016,-0.30000000000000004,0.30000000000000004,18.900000000000002
8.54,0.16361417,-0.30000000000000004,0.30000000000000004,18.900000000000002
8.55,0.16361417,-0.30000000000000004,0.4,18.8
8.55,0.15873016,-0.30000000000000004,0.4,18.8
8.55,0.15873016,-0.30000000000000004,0.4,18.8
8.55,0.14896215,-0.30000000000000004,0.4,18.8
8.55,0.14896215,-0.30000000000000004,0.4,18.8
8.55,0.14407815,-0.30000000000000004,0.4,18.8
8.55,0.13919415,-0.30000000000000004,0.4,18.8
8.55,0.13431014,-0.30000000000000004,0.4,18.8
8.55,0.124542125,-0.30000000000000004,0.4,18.8
8.55,0.11965812,-0.30000000000000004,0.4,18.8
8.56,0.105006106,-0.30000000000000004,0.4,18.8
8.56,0.1001221,-0.30000000000000004,0.4,18.8
8.56,0.09035409,-0.30000000000000004,0.5,18.8
8.56,0.08058608,-0.30000000000000004,0.5,18.8
8.56,0.070818074,-0.30000000000000004,0.5,18.8
8.56,0.06105006,-0.30000000000000004,0.5,18.8
8.56,0.051282052,-0.30000000000000004,0.5,18.8
8.56,0.041514043,-0.30000000000000004,0.5,18.8
8.56,0.031746034,-0.30000000000000004,0.5,18.8
8.57,0.021978023,-0.30000000000000004,0.5,18.8
8.57,0.012210012,-0.30000000000000004,0.5,18.8
8.57,0.0073260074,-0.30000000000000004,0.5,18.8
8.57,0.0024420025,-0.30000000000000004,0.5,18.8
8.57,-0.012210012,-0.30000000000000004,0.5,18.8
8.57,-0.012210012,-0.30000000000000004,0.5,18.8
8.57,-0.012210012,-0.30000000000000004,0.5,18.7
8.57,-0.021978023,-0.30000000000000004,0.5,18.7
8.57,-0.021978023,-0.30000000000000004,0.5,18.7
8.58,-0.021978023,-0.30000000000000004,0.5,18.7
8.58,-0.026862027,-0.30000000000000004,0.5,18.7
8.58,-0.031746034,-0.30000000000000004,0.5,18.7
8.58,-0.03663004,-0.30000000000000004,0.5,18.7
8.58,-0.041514043,-0.30000000000000004,0.5,18.7
8.58,-0.041514043,-0.30000000000000004,0.5,18.7
8.58,-0.046398047,-0.30000000000000004,0.5,18.7
8.58,-0.051282052,-0.30000000000000004,0.5,18.7
8.58,-0.051282052,-0.2,0.5,18.7
8.59,-0.051282052,-0.2,0.5,18.7
8.59,-0.046398047,-0.2,0.5,18.7
8.59,-0.046398047,-0.2,0.5,18.7
8.59,-0.046398047,-0.2,0.5,18.7
8.59,-0.041514043,-0.2,0.5,18.7
8.59,-0.041514043,-0.2,0.5,18.7
8.59,-0.031746034,-0.2,0.5,18.7
8.59,-0.031746034,-0.2,0.5,18.7
8.59,-0.031746034,-0.2,0.5,18.7
8.6,-0.026862027,-0.2,0.5,18.7
8.6,-0.026862027,-0.2,0.5,18.7
8.6,-0.021978023,-0.30000000000000004,0.5,18.7
8.6,-0.012210012,-0.30000000000000004,0.5,18.7
8.6,-0.0073260074,-0.30000000000000004,0.5,18.7
8.6,-0.0073260074,-0.30000000000000004,0.5,18.7
8.6,-0.0024420025,-0.30000000000000004,0.5,18.7
8.6,0.0024420025,-0.30000000000000004,0.5,18.7
8.6,0.0073260074,-0.30000000000000004,0.5,18.7
8.6,0.012210012,-0.30000000000000004,0.5,18.7
8.61,0.017094018,-0.30000000000000004,0.5,18.7
8.61,0.021978023,-0.30000000000000004,0.5,18.7
8.61,0.026862027,-0.30000000000000004,0.5,18.7
8.61,0.03663004,-0.30000000000000004,0.5,18.7
8.61,0.03663004,-0.30000000000000004,0.5,18.8
8.61,0.041514043,-0.30000000000000004,0.5,18.8
8.61,0.03663004,-0.30000000000000004,0.5,18.8
8.61,0.046398047,-0.30000000000000004,0.5,18.8
8.61,0.056166057,-0.30000000000000004,0.5,18.8
8.61,0.06105006,-0.30000000000000004,0.5,18.8
8.62,0.06105006,-0.30000000000000004,0.5,18.8
8.62,0.06593407,-0.30000000000000004,0.5,18.8
8.62,0.070818074,-0.30000000000000004,0.5,18.8
8.62,0.070818074,-0.30000000000000004,0.5,18.8
8.62,0.070818074,-0.30000000000000004,0.5,18.8
8.62,0.07570208,-0.30000000000000004,0.5,18.8
8.62,0.07570208,-0.30000000000000004,0.5,18.8
8.62,0.08058608,-0.30000000000000004,0.4,18.8
8.62,0.09035409,-0.30000000000000004,0.4,18.8
8.62,0.0952381,-0.30000000000000004,0.4,18.8
8.63,0.1001221,-0.30000000000000004,0.4,18.8
8.63,0.105006106,-0.30000000000000004,0.4,18.8
8.63,0.10989011,-0.30000000000000004,0.4,18.8
8.63,0.114774115,-0.30000000000000004,0.4,18.8
8.63,0.10989011,-0.30000000000000004,0.4,18.8
8.63,0.114774115,-0.30000000000000004,0.4,18.8
8.63,0.124542125,-0.30000000000000004,0.4,18.8
8.63,0.12942614,-0.30000000000000004,0.4,18.8
8.63,0.12942614,-0.30000000000000004,0.4,18.8
8.64,0.12942614,-0.30000000000000004,0.4,18.8
8.64,0.13431014,-0.30000000000000004,0.4,18.8
8.64,0.13431014,-0.30000000000000004,0.4,18.8
8.64,0.13431014,-0.30000000000000004,0.4,18.8
8.64,0.13919415,-0.30000000000000004,0.4,18.8
8.64,0.14407815,-0.30000000000000004,0.4,18.8
8.64,0.13431014,-0.30000000000000004,0.4,18.8
8.64,0.13919415,-0.30000000000000004,0.4,18.8
8.64,0.13919415,-0.30000000000000004,0.4,18.8
8.64,0.13919415,-0.30000000000000004,0.4,18.8
8.65,0.13431014,-0.30000000000000004,0.4,18.8
8.65,0.13431014,-0.30000000000000004,0.4,18.8
8.65,0.13431014,-0.30000000000000004,0.4,18.8
8.65,0.12942614,-0.30000000000000004,0.4,18.8
8.65,0.124542125,-0.30000000000000004,0.4,18.8
8.65,0.124542125,-0.30000000000000004,0.4,18.8
8.65,0.124542125,-0.30000000000000004,0.4,18.8
8.65,0.11965812,-0.30000000000000004,0.4,18.8
8.65,0.11965812,-0.30000000000000004,0.4,18.8
8.66,0.11965812,-0.30000000000000004,0.4,18.8
8.66,0.10989011,-0.30000000000000004,0.4,18.8
8.66,0.105006106,-0.30000000000000004,0.4,18.8
8.66,0.105006106,-0.30000000000000004,0.4,18.8
8.66,0.10989011,-0.30000000000000004,0.4,18.8
8.66,0.10989011,-0.30000000000000004,0.4,18.8
8.66,0.105006106,-0.2,0.5,18.8
8.66,0.0952381,-0.2,0.5,18.8
8.66,0.0952381,-0.2,0.5,18.8
8.67,0.09035409,-0.2,0.5,18.8
8.67,0.09035409,-0.2,0.5,18.8
8.67,0.08547009,-0.2,0.5,18.8
8.67,0.08058608,-0.2,0.5,18.8
8.67,0.07570208,-0.2,0.5,18.8
8.67,0.07570208,-0.2,0.5,18.8
8.67,0.07570208,-0.2,0.5,18.8
8.67,0.070818074,-0.2,0.5,18.8
8.67,0.06593407,-0.2,0.5,18.8
8.67,0.06593407,-0.2,0.6000000000000001,18.8
8.68,0.06105006,-0.2,0.6000000000000001,18.8
8.68,0.06105006,-0.2,0.6000000000000001,18.8
8.68,0.056166057,-0.2,0.6000000000000001,18.8
8.68,0.056166057,-0.2,0.6000000000000001,18.8
8.68,0.056166057,-0.2,0.6000000000000001,18.8
8.68,0.051282052,-0.2,0.6000000000000001,18.8
8.68,0.051282052,-0.2,0.6000000000000001,18.8
8.68,0.051282052,-0.2,0.6000000000000001,18.8
8.68,0.046398047,-0.2,0.6000000000000001,18.8
8.69,0.046398047,-0.2,0.6000000000000001,18.8
8.69,0.046398047,-0.2,0.6000000000000001,18.8
8.69,0.041514043,-0.2,0.6000000000000001,18.8
8.69,0.041514043,-0.2,0.6000000000000001,18.8
8.69,0.041514043,-0.2,0.6000000000000001,18.8
8.69,0.041514043,-0.2,0.6000000000000001,18.8
8.69,0.03663004,-0.2,0.6000000000000001,18.8
8.69,0.041514043,-0.2,0.6000000000000001,18.8
8.69,0.041514043,-0.2,0.6000000000000001,18.8
8.7,0.041514043,-0.2,0.6000000000000001,18.8
8.7,0.03663004,-0.2,0.6000000000000001,18.8
8.7,0.041514043,-0.2,0.6000000000000001,18.8
8.7,0.031746034,-0.2,0.6000000000000001,18.8
8.7,0.041514043,-0.2,0.6000000000000001,18.8
8.7,0.041514043,-0.2,0.6000000000000001,18.8
8.7,0.03663004,-0.2,0.6000000000000001,18.8
8.7,0.03663004,-0.2,0.6000000000000001,18.8
8.71,0.041514043,-0.2,0.6000000000000001,18.8
8.71,0.03663004,-0.2,0.6000000000000001,18.8
8.71,0.041514043,-0.2,0.6000000000000001,18.8
8.71,0.046398047,-0.2,0.6000000000000001,18.8
8.71,0.046398047,-0.2,0.6000000000000001,18.8
8.71,0.046398047,-0.2,0.6000000000000001,18.8
8.71,0.041514043,-0.2,0.6000000000000001,18.8
8.71,0.046398047,-0.2,0.6000000000000001,18.8
8.71,0.046398047,-0.2,0.6000000000000001,18.8
8.71,0.051282052,-0.2,0.6000000000000001,18.8
8.72,0.051282052,-0.2,0.6000000000000001,18.8
8.72,0.056166057,-0.2,0.6000000000000001,18.8
8.72,0.051282052,-0.2,0.6000000000000001,18.8
8.72,0.051282052,-0.2,0.6000000000000001,18.8
8.72,0.056166057,-0.2,0.6000000000000001,18.8
8.72,0.056166057,-0.2,0.6000000000000001,18.8
8.72,0.06105006,-0.2,0.6000000000000001,18.8
8.72,0.06105006,-0.2,0.6000000000000001,18.8
8.72,0.06593407,-0.2,0.6000000000000001,18.8
8.72,0.06105006,-0.2,0.6000000000000001,18.8
8.73,0.06105006,-0.2,0.6000000000000001,18.8
8.73,0.06593407,-0.2,0.6000000000000001,18.8
8.73,0.06593407,-0.2,0.6000000000000001,18.8
8.73,0.06593407,-0.2,0.6000000000000001,18.8
8.73,0.070818074,-0.2,0.6000000000000001,18.8
8.73,0.070818074,-0.2,0.6000000000000001,18.8
8.73,0.07570208,-0.2,0.6000000000000001,18.8
8.73,0.07570208,-0.2,0.6000000000000001,18.8
8.73,0.07570208,-0.2,0.6000000000000001,18.8
8.74,0.07570208,-0.2,0.6000000000000001,18.8
8.74,0.08058608,-0.2,0.6000000000000001,18.8
8.74,0.08058608,-0.2,0.6000000000000001,18.8
8.74,0.08058608,-0.2,0.6000000000000001,18.8
8.74,0.08547009,-0.2,0.6000000000000001,18.8
8.74,0.08058608,-0.2,0.6000000000000001,18.8
8.74,0.09035409,-0.2,0.6000000000000001,18.8
8.74,0.08547009,-0.2,0.6000000000000001,18.8
8.74,0.09035409,-0.2,0.6000000000000001,18.8
8.76,0.09035409,-0.2,0.6000000000000001,18.8
8.76,0.0952381,-0.30000000000000004,0.5,18.8
8.76,0.1001221,-0.30000000000000004,0.5,18.8
8.76,0.1001221,-0.30000000000000004,0.5,18.8
8.76,0.0952381,-0.30000000000000004,0.5,18.8
8.76,0.0952381,-0.30000000000000004,0.5,18.8
8.76,0.0952381,-0.30000000000000004,0.5,18.8
8.76,0.1001221,-0.30000000000000004,0.5,18.8
8.77,0.1001221,-0.30000000000000004,0.5,18.8
8.77,0.105006106,-0.30000000000000004,0.5,18.8
8.77,0.1001221,-0.30000000000000004,0.5,18.8
8.77,0.0952381,-0.30000000000000004,0.5,18.8
8.77,0.0952381,-0.30000000000000004,0.5,18.8
8.77,0.1001221,-0.30000000000000004,0.5,18.8
8.77,0.1001221,-0.30000000000000004,0.5,18.8
8.77,0.1001221,-0.30000000000000004,0.5,18.8
8.77,0.1001221,-0.30000000000000004,0.5,18.8
8.78,0.0952381,-0.30000000000000004,0.5,18.8
8.78,0.0952381,-0.30000000000000004,0.5,18.8
8.78,0.09035409,-0.30000000000000004,0.5,18.8
8.78,0.0952381,-0.30000000000000004,0.5,18.8
8.78,0.1001221,-0.30000000000000004,0.5,18.8
8.78,0.0952381,-0.30000000000000004,0.5,18.8
8.78,0.0952381,-0.30000000000000004,0.5,18.8
8.78,0.0952381,-0.30000000000000004,0.5,18.8
8.78,0.09035409,-0.30000000000000004,0.5,18.8
8.78,0.09035409,-0.30000000000000004,0.5,18.8
8.78,0.09035409,-0.30000000000000004,0.5,18.8
8.79,0.0952381,-0.30000000000000004,0.5,18.8
8.79,0.0952381,-0.30000000000000004,0.5,18.8
8.79,0.0952381,-0.30000000000000004,0.5,18.8
8.79,0.09035409,-0.30000000000000004,0.5,18.8
8.79,0.09035409,-0.30000000000000004,0.5,18.8
8.79,0.09035409,-0.30000000000000004,0.5,18.8
8.79,0.08547009,-0.30000000000000004,0.5,18.8
8.79,0.09035409,-0.30000000000000004,0.5,18.8
8.79,0.1001221,-0.30000000000000004,0.5,18.8
8.79,0.0952381,-0.30000000000000004,0.5,18.8
8.8,0.09035409,-0.30000000000000004,0.5,18.8
8.8,0.0952381,-0.30000000000000004,0.5,18.8
8.8,0.09035409,-0.30000000000000004,0.5,18.8
8.8,0.0952381,-0.30000000000000004,0.5,18.8
8.8,0.0952381,-0.30000000000000004,0.5,18.8
8.8,0.0952381,-0.30000000000000004,0.5,18.8
8.8,0.09035409,-0.30000000000000004,0.5,18.8
8.8,0.09035409,-0.30000000000000004,0.5,18.8
8.8,0.09035409,-0.30000000000000004,0.5,18.8
8.81,0.09035409,-0.2,0.5,18.900000000000002
8.81,0.09035409,-0.2,0.5,18.900000000000002
8.81,0.09035409,-0.2,0.5,18.900000000000002
8.81,0.0952381,-0.2,0.5,18.900000000000002
8.81,0.0952381,-0.2,0.5,18.900000000000002
8.81,0.08547009,-0.2,0.5,18.900000000000002
8.81,0.09035409,-0.2,0.5,18.900000000000002
8.81,0.08547009,-0.2,0.5,18.900000000000002
8.81,0.09035409,-0.2,0.5,18.900000000000002
8.81,0.09035409,-0.2,0.5,18.900000000000002
8.82,0.08547009,-0.2,0.5,18.900000000000002
8.82,0.08547009,-0.2,0.5,18.900000000000002
8.82,0.08547009,-0.2,0.5,18.900000000000002
8.82,0.09035409,-0.2,0.5,18.900000000000002
8.82,0.08547009,-0.2,0.6000000000000001,18.900000000000002
8.82,0.08058608,-0.2,0.6000000000000001,18.900000000000002
8.82,0.08547009,-0.2,0.6000000000000001,18.900000000000002
8.82,0.08547009,-0.2,0.6000000000000001,18.900000000000002
8.82,0.09035409,-0.2,0.6000000000000001,18.900000000000002
8.82,0.08547009,-0.2,0.6000000000000001,18.900000000000002
8.82,0.08058608,-0.2,0.6000000000000001,18.900000000000002
8.83,0.08547009,-0.2,0.6000000000000001,18.900000000000002
8.83,0.08058608,-0.2,0.6000000000000001,18.900000000000002
8.83,0.08547009,-0.2,0.6000000000000001,18.900000000000002
8.83,0.08058608,-0.2,0.6000000000000001,18.900000000000002
8.83,0.08058608,-0.2,0.6000000000000001,18.900000000000002
8.83,0.07570208,-0.2,0.6000000000000001,18.900000000000002
8.83,0.08058608,-0.2,0.6000000000000001,18.900000000000002
8.83,0.07570208,-0.2,0.6000000000000001,18.900000000000002
8.83,0.07570208,-0.2,0.6000000000000001,18.900000000000002
8.84,0.07570208,-0.2,0.6000000000000001,18.900000000000002
8.84,0.07570208,-0.2,0.6000000000000001,18.900000000000002
8.84,0.07570208,-0.2,0.6000000000000001,18.900000000000002
8.84,0.07570208,-0.2,0.6000000000000001,18.900000000000002
8.84,0.070818074,-0.2,0.6000000000000001,18.900000000000002
8.84,0.070818074,-0.2,0.6000000000000001,18.900000000000002
8.84,0.07570208,-0.2,0.6000000000000001,18.900000000000002
8.84,0.070818074,-0.2,0.6000000000000001,18.900000000000002
8.84,0.070818074,-0.2,0.6000000000000001,18.900000000000002
8.84,0.06593407,-0.2,0.6000000000000001,18.900000000000002
8.84,0.070818074,-0.2,0.6000000000000001,18.900000000000002
8.85,0.06593407,-0.2,0.6000000000000001,18.900000000000002
8.85,0.070818074,-0.2,0.6000000000000001,18.900000000000002
8.85,0.070818074,-0.2,0.6000000000000001,18.900000000000002
8.85,0.070818074,-0.2,0.6000000000000001,18.900000000000002
8.85,0.070818074,-0.2,0.6000000000000001,18.900000000000002
8.85,0.06593407,-0.2,0.6000000000000001,18.900000000000002
8.85,0.06593407,-0.2,0.6000000000000001,18.900000000000002
8.85,0.06593407,-0.2,0.6000000000000001,18.900000000000002
8.85,0.06593407,-0.2,0.6000000000000001,18.900000000000002
8.86,0.06593407,-0.2,0.6000000000000001,18.900000000000002
8.86,0.070818074,-0.2,0.6000000000000001,18.900000000000002
8.86,0.06593407,-0.2,0.5,19.0
8.86,0.06593407,-0.2,0.5,19.0
8.86,0.06105006,-0.2,0.5,19.0
8.86,0.06593407,-0.2,0.5,19.0
8.86,0.06593407,-0.2,0.5,19.0
8.86,0.070818074,-0.2,0.5,19.0
8.86,0.070818074,-0.2,0.5,19.0
8.86,0.06593407,-0.2,0.5,19.0
8.87,0.070818074,-0.2,0.5,19.0
8.87,0.06593407,-0.2,0.5,19.0
8.87,0.06593407,-0.2,0.5,19.0
8.87,0.07570208,-0.2,0.5,19.0
8.87,0.07570208,-0.2,0.5,19.0
8.87,0.070818074,-0.30000000000000004,0.5,19.0
8.87,0.07570208,-0.30000000000000004,0.5,19.0
8.87,0.070818074,-0.30000000000000004,0.5,19.0
8.87,0.070818074,-0.30000000000000004,0.5,19.0
8.87,0.07570208,-0.30000000000000004,0.5,19.0
8.87,0.07570208,-0.30000000000000004,0.5,19.0
8.88,0.07570208,-0.30000000000000004,0.5,19.0
8.88,0.07570208,-0.30000000000000004,0.5,19.0
8.88,0.08058608,-0.30000000000000004,0.5,19.0
8.88,0.08058608,-0.30000000000000004,0.5,19.0
8.88,0.08058608,-0.30000000000000004,0.5,19.0
8.88,0.08058608,-0.30000000000000004,0.5,19.0
8.88,0.08058608,-0.30000000000000004,0.5,19.0
8.88,0.08547009,-0.30000000000000004,0.4,19.0
8.88,0.09035409,-0.30000000000000004,0.4,19.0
8.88,0.09035409,-0.30000000000000004,0.4,19.0
8.89,0.09035409,-0.30000000000000004,0.4,19.0
8.89,0.09035409,-0.30000000000000004,0.4,19.0
8.89,0.09035409,-0.30000000000000004,0.4,19.0
8.89,0.0952381,-0.30000000000000004,0.4,19.0
8.89,0.0952381,-0.30000000000000004,0.4,19.0
8.89,0.0952381,-0.30000000000000004,0.4,19.0
8.89,0.1001221,-0.30000000000000004,0.4,19.0
8.89,0.1001221,-0.30000000000000004,0.4,19.0
8.89,0.1001221,-0.30000000000000004,0.4,19.0
8.89,0.1001221,-0.30000000000000004,0.4,19.0
8.9,0.1001221,-0.30000000000000004,0.4,19.0
8.9,0.1001221,-0.30000000000000004,0.4,19.0
8.9,0.105006106,-0.30000000000000004,0.4,19.0
8.9,0.10989011,-0.30000000000000004,0.4,19.0
8.9,0.105006106,-0.30000000000000004,0.4,19.0
8.9,0.105006106,-0.30000000000000004,0.4,19.0
8.9,0.105006106,-0.30000000000000004,0.4,19.0
8.9,0.105006106,-0.30000000000000004,0.4,19.0
8.9,0.105006106,-0.30000000000000004,0.4,19.0
8.9,0.10989011,-0.30000000000000004,0.4,19.0
8.91,0.114774115,-0.30000000000000004,0.4,19.0
8.91,0.114774115,-0.30000000000000004,0.4,19.0
8.91,0.105006106,-0.30000000000000004,0.4,19.0
8.91,0.10989011,-0.30000000000000004,0.4,19.0
8.91,0.114774115,-0.30000000000000004,0.30000000000000004,19.0
8.91,0.114774115,-0.30000000000000004,0.30000000000000004,19.0
8.91,0.10989011,-0.30000000000000004,0.30000000000000004,19.0
8.91,0.114774115,-0.30000000000000004,0.30000000000000004,19.0
8.91,0.11965812,-0.30000000000000004,0.30000000000000004,19.0
8.91,0.114774115,-0.30000000000000004,0.30000000000000004,19.0
8.92,0.114774115,-0.30000000000000004,0.30000000000000004,19.0
8.92,0.10989011,-0.30000000000000004,0.30000000000000004,19.0
8.92,0.10989011,-0.30000000000000004,0.30000000000000004,19.0
8.92,0.10989011,-0.30000000000000004,0.30000000000000004,19.0
8.92,0.114774115,-0.30000000000000004,0.30000000000000004,19.0
8.92,0.11965812,-0.30000000000000004,0.30000000000000004,19.0
8.92,0.11965812,-0.30000000000000004,0.30000000000000004,19.0
8.92,0.114774115,-0.30000000000000004,0.30000000000000004,18.900000000000002
8.92,0.114774115,-0.30000000000000004,0.30000000000000004,18.900000000000002
8.92,0.10989011,-0.30000000000000004,0.30000000000000004,18.900000000000002
8.93,0.114774115,-0.30000000000000004,0.30000000000000004,18.900000000000002
8.93,0.11965812,-0.30000000000000004,0.30000000000000004,18.900000000000002
8.93,0.114774115,-0.30000000000000004,0.30000000000000004,18.900000000000002
8.93,0.10989011,-0.30000000000000004,0.30000000000000004,18.900000000000002
8.93,0.114774115,-0.30000000000000004,0.30000000000000004,18.900000000000002
8.93,0.10989011,-0.30000000000000004,0.30000000000000004,18.900000000000002
8.93,0.10989011,-0.30000000000000004,0.30000000000000004,18.900000000000002
8.93,0.10989011,-0.30000000000000004,0.30000000000000004,18.900000000000002
8.93,0.10989011,-0.30000000000000004,0.30000000000000004,18.900000000000002
8.94,0.10989011,-0.30000000000000004,0.4,18.900000000000002
8.94,0.105006106,-0.30000000000000004,0.4,18.900000000000002
8.94,0.105006106,-0.30000000000000004,0.4,18.900000000000002
8.94,0.105006106,-0.30000000000000004,0.4,18.900000000000002
8.94,0.10989011,-0.30000000000000004,0.4,18.900000000000002
8.94,0.10989011,-0.30000000000000004,0.4,18.900000000000002
8.94,0.1001221,-0.30000000000000004,0.4,18.900000000000002
8.94,0.0952381,-0.30000000000000004,0.4,18.900000000000002
8.94,0.1001221,-0.30000000000000004,0.4,18.900000000000002
8.94,0.0952381,-0.30000000000000004,0.4,18.900000000000002
8.94,0.0952381,-0.30000000000000004,0.4,18.900000000000002
8.95,0.1001221,-0.30000000000000004,0.4,18.900000000000002
8.95,0.1001221,-0.30000000000000004,0.4,18.900000000000002
8.95,0.0952381,-0.30000000000000004,0.4,18.900000000000002
8.95,0.08547009,-0.30000000000000004,0.4,18.900000000000002
8.95,0.08547009,-0.30000000000000004,0.4,18.900000000000002
8.95,0.08547009,-0.30000000000000004,0.4,18.900000000000002
8.95,0.08547009,-0.30000000000000004,0.4,18.900000000000002
8.95,0.08058608,-0.30000000000000004,0.4,18.900000000000002
8.95,0.08058608,-0.30000000000000004,0.4,18.900000000000002
8.95,0.07570208,-0.30000000000000004,0.4,18.900000000000002
8.96,0.070818074,-0.30000000000000004,0.4,18.900000000000002
8.96,0.07570208,-0.30000000000000004,0.4,18.900000000000002
8.96,0.08058608,-0.30000000000000004,0.4,18.900000000000002
8.96,0.08058608,-0.30000000000000004,0.4,18.900000000000002
8.96,0.070818074,-0.30000000000000004,0.4,18.900000000000002
8.96,0.06593407,-0.30000000000000004,0.4,18.900000000000002
8.96,0.070818074,-0.30000000000000004,0.4,18.900000000000002
8.96,0.070818074,-0.30000000000000004,0.4,18.900000000000002
8.96,0.070818074,-0.30000000000000004,0.4,18.900000000000002
8.96,0.070818074,-0.30000000000000004,0.4,18.900000000000002
8.97,0.070818074,-0.30000000000000004,0.4,18.900000000000002
8.97,0.06593407,-0.30000000000000004,0.4,18.900000000000002
8.97,0.06593407,-0.30000000000000004,0.4,18.900000000000002
8.97,0.06105006,-0.30000000000000004,0.4,18.900000000000002
8.97,0.06105006,-0.30000000000000004,0.4,18.900000000000002
8.97,0.06593407,-0.30000000000000004,0.4,18.900000000000002
8.97,0.06593407,-0.30000000000000004,0.4,18.900000000000002
8.97,0.06593407,-0.30000000000000004,0.4,18.900000000000002
8.97,0.06105006,-0.30000000000000004,0.30000000000000004,18.900000000000002
8.97,0.056166057,-0.30000000000000004,0.30000000000000004,18.900000000000002
8.98,0.06105006,-0.30000000000000004,0.30000000000000004,18.900000000000002
8.98,0.06105006,-0.30000000000000004,0.30000000000000004,18.900000000000002
8.98,0.06593407,-0.30000000000000004,0.30000000000000004,18.900000000000002
8.98,0.06593407,-0.30000000000000004,0.30000000000000004,18.900000000000002
8.98,0.06105006,-0.30000000000000004,0.30000000000000004,18.900000000000002
8.98,0.06105006,-0.30000000000000004,0.30000000000000004,18.900000000000002
8.98,0.06593407,-0.30000000000000004,0.30000000000000004,18.900000000000002
8.98,0.06105006,-0.30000000000000004,0.30000000000000004,18.900000000000002
8.98,0.06593407,-0.30000000000000004,0.30000000000000004,18.900000000000002
8.99,0.06593407,-0.30000000000000004,0.30000000000000004,18.900000000000002
8.99,0.06593407,-0.30000000000000004,0.30000000000000004,18.900000000000002
8.99,0.06593407,-0.30000000000000004,0.30000000000000004,18.900000000000002
8.99,0.06593407,-0.30000000000000004,0.30000000000000004,18.900000000000002
8.99,0.06593407,-0.30000000000000004,0.30000000000000004,18.900000000000002
8.99,0.070818074,-0.30000000000000004,0.30000000000000004,18.900000000000002
8.99,0.070818074,-0.30000000000000004,0.30000000000000004,18.900000000000002
8.99,0.070818074,-0.30000000000000004,0.30000000000000004,18.900000000000002
8.99,0.07570208,-0.30000000000000004,0.30000000000000004,18.900000000000002
8.99,0.07570208,-0.30000000000000004,0.30000000000000004,18.900000000000002
9.0,0.070818074,-0.30000000000000004,0.30000000000000004,18.900000000000002
9.0,0.07570208,-0.30000000000000004,0.30000000000000004,18.900000000000002
9.0,0.07570208,-0.30000000000000004,0.30000000000000004,18.900000000000002
9.0,0.08058608,-0.30000000000000004,0.30000000000000004,18.900000000000002
9.0,0.08058608,-0.30000000000000004,0.30000000000000004,18.900000000000002
9.0,0.08547009,-0.4,0.2,18.900000000000002
9.0,0.08058608,-0.4,0.2,18.900000000000002
9.0,0.08058608,-0.4,0.2,18.900000000000002
9.0,0.08547009,-0.4,0.2,18.900000000000002
9.0,0.08058608,-0.4,0.2,18.900000000000002
9.0,0.09035409,-0.4,0.2,18.900000000000002
9.01,0.09035409,-0.4,0.2,18.900000000000002
9.01,0.09035409,-0.4,0.2,18.900000000000002
9.01,0.09035409,-0.4,0.2,18.900000000000002
9.01,0.09035409,-0.4,0.2,18.900000000000002
9.01,0.09035409,-0.4,0.2,18.900000000000002
9.01,0.0952381,-0.4,0.2,18.900000000000002
9.01,0.1001221,-0.4,0.2,18.900000000000002
9.01,0.105006106,-0.4,0.2,18.900000000000002
9.01,0.105006106,-0.4,0.2,18.900000000000002
9.02,0.1001221,-0.4,0.2,18.900000000000002
9.02,0.1001221,-0.4,0.2,18.900000000000002
9.02,0.105006106,-0.4,0.2,18.900000000000002
9.02,0.105006106,-0.4,0.2,18.900000000000002
9.02,0.10989011,-0.4,0.2,18.900000000000002
9.02,0.10989011,-0.4,0.2,18.900000000000002
9.02,0.10989011,-0.4,0.2,18.900000000000002
9.02,0.10989011,-0.4,0.2,18.900000000000002
9.02,0.105006106,-0.4,0.2,18.900000000000002
9.02,0.105006106,-0.4,0.2,18.900000000000002
9.02,0.105006106,-0.4,0.2,18.900000000000002
9.03,0.10989011,-0.4,0.2,19.0
9.03,0.114774115,-0.4,0.2,19.0
9.03,0.114774115,-0.4,0.2,19.0
9.03,0.10989011,-0.4,0.2,19.0
9.03,0.10989011,-0.4,0.2,19.0
9.03,0.10989011,-0.4,0.2,19.0
9.03,0.105006106,-0.4,0.2,19.0
9.03,0.10989011,-0.4,0.2,19.0
9.03,0.114774115,-0.4,0.2,19.0
9.04,0.10989011,-0.4,0.2,19.0
9.04,0.10989011,-0.4,0.2,19.0
9.04,0.105006106,-0.4,0.2,19.0
9.04,0.10989011,-0.4,0.2,19.0
9.04,0.10989011,-0.4,0.2,19.0
9.04,0.10989011,-0.4,0.2,19.0
9.04,0.105006106,-0.4,0.2,19.0
9.04,0.10989011,-0.4,0.2,19.0
9.04,0.10989011,-0.4,0.2,19.0
9.04,0.105006106,-0.4,0.2,19.0
9.04,0.10989011,-0.4,0.2,19.0
9.05,0.105006106,-0.4,0.2,19.0
9.05,0.105006106,-0.4,0.2,19.0
9.05,0.1001221,-0.4,0.2,19.0
9.05,0.105006106,-0.4,0.2,19.0
9.05,0.10989011,-0.4,0.2,19.0
9.05,0.105006106,-0.4,0.2,19.0
9.05,0.1001221,-0.30000000000000004,0.2,19.0
9.05,0.1001221,-0.30000000000000004,0.2,19.0
9.05,0.1001221,-0.30000000000000004,0.2,19.0
9.06,0.1001221,-0.30000000000000004,0.2,19.0
9.06,0.105006106,-0.30000000000000004,0.2,19.0
9.06,0.105006106,-0.30000000000000004,0.2,19.0
9.06,0.105006106,-0.30000000000000004,0.2,19.0
9.06,0.105006106,-0.30000000000000004,0.2,19.0
9.06,0.10989011,-0.30000000000000004,0.2,19.0
9.06,0.105006106,-0.30000000000000004,0.2,19.0
9.06,0.114774115,-0.30000000000000004,0.2,19.0
9.06,0.114774115,-0.30000000000000004,0.2,19.0
9.06,0.11965812,-0.30000000000000004,0.2,19.0
9.07,0.124542125,-0.30000000000000004,0.2,19.0
9.07,0.12942614,-0.30000000000000004,0.2,19.0
9.07,0.12942614,-0.30000000000000004,0.2,19.0
9.07,0.13431014,-0.30000000000000004,0.2,19.0
9.07,0.13431014,-0.30000000000000004,0.2,19.0
9.07,0.13431014,-0.30000000000000004,0.2,19.0
9.07,0.14407815,-0.30000000000000004,0.2,19.0
9.07,0.13919415,-0.30000000000000004,0.2,19.0
9.07,0.13919415,-0.30000000000000004,0.2,19.0
9.07,0.14407815,-0.30000000000000004,0.2,19.0
9.08,0.14896215,-0.30000000000000004,0.2,19.0
9.08,0.14896215,-0.30000000000000004,0.2,19.0
9.08,0.15873016,-0.30000000000000004,0.2,19.1
9.08,0.15873016,-0.30000000000000004,0.2,19.1
9.08,0.15384616,-0.30000000000000004,0.2,19.1
9.08,0.14896215,-0.30000000000000004,0.2,19.1
9.08,0.15384616,-0.30000000000000004,0.2,19.1
9.08,0.15384616,-0.30000000000000004,0.2,19.1
9.08,0.15384616,-0.30000000000000004,0.2,19.1
9.08,0.15873016,-0.30000000000000004,0.2,19.1
9.09,0.14896215,-0.30000000000000004,0.2,19.1
9.09,0.14896215,-0.30000000000000004,0.2,19.1
9.09,0.14407815,-0.30000000000000004,0.2,19.1
9.09,0.13919415,-0.30000000000000004,0.2,19.1
9.09,0.13919415,-0.30000000000000004,0.2,19.1
9.09,0.13919415,-0.30000000000000004,0.2,19.1
9.09,0.13431014,-0.30000000000000004,0.2,19.1
9.09,0.12942614,-0.30000000000000004,0.2,19.1
9.09,0.124542125,-0.30000000000000004,0.2,19.1
9.09,0.11965812,-0.30000000000000004,0.2,19.1
9.1,0.11965812,-0.30000000000000004,0.2,19.1
9.1,0.114774115,-0.30000000000000004,0.2,19.1
9.1,0.114774115,-0.30000000000000004,0.2,19.1
9.1,0.0952381,-0.30000000000000004,0.2,19.1
9.11,0.08547009,-0.30000000000000004,0.2,19.1
9.11,0.070818074,-0.30000000000000004,0.2,19.1
9.11,0.06593407,-0.30000000000000004,0.2,19.1
9.11,0.06593407,-0.30000000000000004,0.2,19.1
9.12,0.056166057,-0.30000000000000004,0.2,19.1
9.12,0.046398047,-0.30000000000000004,0.2,19.1
9.12,0.051282052,-0.30000000000000004,0.2,19.1
9.12,0.046398047,-0.30000000000000004,0.2,19.1
9.12,0.041514043,-0.30000000000000004,0.2,19.1
9.12,0.041514043,-0.30000000000000004,0.2,19.1
9.12,0.041514043,-0.30000000000000004,0.2,19.1
9.13,0.03663004,-0.30000000000000004,0.2,19.1
9.13,0.041514043,-0.30000000000000004,0.2,19.1
9.13,0.041514043,-0.30000000000000004,0.2,19.1
9.13,0.041514043,-0.30000000000000004,0.2,19.1
9.13,0.03663004,-0.30000000000000004,0.2,19.1
9.13,0.041514043,-0.4,0.2,19.1
9.13,0.041514043,-0.4,0.2,19.1
9.13,0.03663004,-0.4,0.2,19.1
9.13,0.041514043,-0.4,0.2,19.1
9.13,0.041514043,-0.4,0.2,19.1
9.13,0.041514043,-0.4,0.2,19.1
9.14,0.041514043,-0.4,0.2,19.1
9.14,0.051282052,-0.4,0.2,19.1
9.14,0.051282052,-0.4,0.2,19.1
9.14,0.046398047,-0.4,0.2,19.1
9.14,0.051282052,-0.4,0.2,19.1
9.14,0.051282052,-0.4,0.2,19.1
9.14,0.051282052,-0.4,0.2,19.1
9.14,0.051282052,-0.4,0.2,19.1
9.14,0.056166057,-0.4,0.2,19.0
9.14,0.06105006,-0.4,0.2,19.0
9.14,0.06105006,-0.4,0.2,19.0
9.15,0.06105006,-0.4,0.2,19.0
9.15,0.06105006,-0.4,0.2,19.0
9.15,0.06593407,-0.4,0.2,19.0
9.15,0.07570208,-0.4,0.2,19.0
9.15,0.07570208,-0.4,0.2,19.0
9.15,0.07570208,-0.4,0.2,19.0
9.15,0.08058608,-0.4,0.2,19.0
9.15,0.08058608,-0.4,0.2,19.0
9.15,0.08058608,-0.4,0.2,19.0
9.15,0.08547009,-0.4,0.2,19.0
9.16,0.08547009,-0.4,0.2,19.0
9.16,0.0952381,-0.4,0.2,19.0
9.16,0.0952381,-0.4,0.2,19.0
9.16,0.1001221,-0.4,0.2,19.0
9.16,0.1001221,-0.4,0.2,19.0
9.16,0.105006106,-0.4,0.2,19.0
9.16,0.10989011,-0.4,0.2,19.0
9.16,0.105006106,-0.4,0.2,19.0
9.16,0.10989011,-0.4,0.2,19.0
9.16,0.114774115,-0.4,0.2,19.0
9.16,0.114774115,-0.4,0.2,19.0
9.17,0.124542125,-0.4,0.2,19.0
9.17,0.124542125,-0.4,0.2,19.0
9.17,0.124542125,-0.4,0.2,19.0
9.17,0.12942614,-0.4,0.2,19.0
9.17,0.12942614,-0.4,0.2,19.0
9.17,0.12942614,-0.4,0.2,19.0
9.17,0.12942614,-0.4,0.2,19.0
9.17,0.13431014,-0.4,0.2,19.0
9.17,0.13431014,-0.4,0.2,19.0
9.18,0.13431014,-0.4,0.2,19.0
9.18,0.13919415,-0.4,0.2,19.0
9.18,0.14407815,-0.4,0.2,19.0
9.18,0.14407815,-0.4,0.2,19.0
9.18,0.14407815,-0.4,0.2,19.0
9.18,0.14896215,-0.4,0.2,19.0
9.18,0.14407815,-0.4,0.2,19.0
9.18,0.15384616,-0.4,0.2,19.0
9.18,0.15384616,-0.4,0.2,19.0
9.18,0.14407815,-0.4,0.2,19.0
9.18,0.14896215,-0.4,0.2,19.0
9.19,0.14896215,-0.4,0.2,19.0
9.19,0.14896215,-0.4,0.2,19.0
9.19,0.14896215,-0.4,0.2,19.0
9.19,0.14896215,-0.4,0.2,19.0
9.19,0.14896215,-0.4,0.2,19.0
9.19,0.15384616,-0.4,0.2,19.0
9.19,0.14896215,-0.4,0.2,19.0
9.19,0.14896215,-0.4,0.2,19.0
9.19,0.14896215,-0.4,0.2,19.0
9.2,0.14896215,-0.4,0.2,19.0
9.2,0.15384616,-0.4,0.2,19.0
9.2,0.15384616,-0.4,0.2,19.0
9.2,0.14896215,-0.4,0.2,19.0
9.2,0.14896215,-0.4,0.2,19.0
9.2,0.14896215,-0.4,0.2,19.0
9.2,0.14896215,-0.4,0.2,19.0
9.2,0.15384616,-0.4,0.2,19.0
9.2,0.15873016,-0.4,0.2,19.0
9.2,0.15384616,-0.4,0.2,19.0
9.2,0.15384616,-0.4,0.2,19.0
9.21,0.15384616,-0.4,0.2,19.0
9.21,0.15384616,-0.4,0.2,19.0
9.21,0.14896215,-0.4,0.2,19.0
9.21,0.15384616,-0.4,0.2,19.0
9.21,0.15384616,-0.4,0.2,19.0
9.21,0.15384616,-0.4,0.2,19.0
9.21,0.14896215,-0.4,0.2,19.0
9.21,0.14896215,-0.4,0.2,19.0
9.21,0.15384616,-0.4,0.2,19.0
9.22,0.14896215,-0.4,0.2,19.0
9.22,0.15384616,-0.4,0.2,19.0
9.22,0.14896215,-0.4,0.2,19.0
9.22,0.13919415,-0.4,0.2,19.0
9.22,0.13919415,-0.4,0.2,19.0
9.22,0.13431014,-0.4,0.2,19.0
9.22,0.13431014,-0.30000000000000004,0.2,19.0
9.22,0.124542125,-0.30000000000000004,0.2,19.0
9.22,0.11965812,-0.30000000000000004,0.2,19.0
9.22,0.105006106,-0.30000000000000004,0.2,19.0
9.22,0.0952381,-0.30000000000000004,0.2,19.0
9.23,0.0952381,-0.30000000000000004,0.2,19.0
9.23,0.09035409,-0.30000000000000004,0.2,19.0
9.23,0.08547009,-0.30000000000000004,0.2,19.0
9.23,0.08058608,-0.30000000000000004,0.2,19.0
9.23,0.07570208,-0.30000000000000004,0.2,19.0
9.23,0.06593407,-0.30000000000000004,0.2,19.0
9.23,0.056166057,-0.30000000000000004,0.2,19.0
9.23,0.051282052,-0.30000000000000004,0.2,19.0
9.23,0.031746034,-0.4,0.2,19.0
9.24,0.03663004,-0.4,0.2,19.0
9.24,0.031746034,-0.4,0.2,19.0
9.24,0.021978023,-0.4,0.2,19.0
9.24,0.021978023,-0.4,0.2,19.0
9.24,0.012210012,-0.4,0.2,19.0
9.24,0.0073260074,-0.4,0.2,19.0
9.24,0.0073260074,-0.4,0.2,19.0
9.24,0.0073260074,-0.4,0.2,19.0
9.24,0.0073260074,-0.4,0.2,19.0
9.24,0.0024420025,-0.4,0.2,19.0
9.25,0.0024420025,-0.4,0.2,19.0
9.25,0.0024420025,-0.4,0.2,19.0
9.25,0.0024420025,-0.4,0.2,19.0
9.25,0.0024420025,-0.4,0.2,19.0
9.25,-0.0024420025,-0.4,0.2,19.0
9.25,0.0024420025,-0.4,0.2,19.0
9.25,0.0073260074,-0.4,0.2,19.0
9.25,0.0073260074,-0.4,0.2,19.0
9.25,0.0073260074,-0.4,0.2,19.0
9.26,0.0073260074,-0.4,0.2,19.0
9.26,0.0073260074,-0.4,0.2,19.0
9.26,0.017094018,-0.4,0.2,19.0
9.26,0.017094018,-0.4,0.2,19.0
9.26,0.017094018,-0.4,0.2,19.0
9.26,0.021978023,-0.4,0.2,19.0
9.26,0.026862027,-0.4,0.2,19.0
9.26,0.026862027,-0.4,0.2,19.0
9.26,0.031746034,-0.4,0.2,19.0
9.27,0.041514043,-0.4,0.2,19.0
9.27,0.03663004,-0.4,0.2,19.0
9.27,0.046398047,-0.4,0.2,19.0
9.27,0.046398047,-0.4,0.2,19.0
9.27,0.051282052,-0.4,0.2,19.0
9.27,0.056166057,-0.4,0.2,19.0
9.27,0.06105006,-0.4,0.2,19.0
9.27,0.06105006,-0.4,0.2,19.0
9.27,0.06593407,-0.4,0.2,19.0
9.27,0.06593407,-0.4,0.2,19.0
9.28,0.070818074,-0.4,0.2,19.0
9.28,0.08058608,-0.4,0.2,19.0
9.28,0.08058608,-0.4,0.2,19.0
9.28,0.08547009,-0.4,0.2,19.0
9.28,0.0952381,-0.4,0.2,19.0
9.28,0.0952381,-0.4,0.2,19.0
9.28,0.105006106,-0.4,0.2,19.0
9.28,0.10989011,-0.4,0.2,19.0
9.29,0.114774115,-0.4,0.2,19.0
9.29,0.11965812,-0.4,0.2,19.0
9.29,0.124542125,-0.4,0.2,19.0
9.29,0.124542125,-0.4,0.2,19.0
9.29,0.12942614,-0.4,0.2,19.0
9.29,0.13431014,-0.4,0.2,19.0
9.29,0.13431014,-0.4,0.2,19.0
9.29,0.13919415,-0.4,0.2,19.0
9.29,0.13919415,-0.4,0.2,19.0
9.3,0.14407815,-0.4,0.2,19.0
9.3,0.14896215,-0.4,0.2,19.0
9.3,0.15384616,-0.4,0.2,19.0
9.3,0.15384616,-0.4,0.2,19.0
9.3,0.15873016,-0.4,0.2,19.0
9.3,0.15873016,-0.4,0.2,19.0
9.3,0.16361417,-0.4,0.2,19.0
9.3,0.16361417,-0.4,0.2,19.0
9.3,0.15873016,-0.4,0.2,19.0
9.3,0.16361417,-0.4,0.2,19.0
9.31,0.16361417,-0.4,0.2,19.0
9.31,0.16361417,-0.4,0.2,19.0
9.31,0.16361417,-0.4,0.2,19.0
9.31,0.16361417,-0.4,0.2,19.0
9.31,0.16849817,-0.4,0.2,19.0
9.31,0.16849817,-0.4,0.2,19.0
9.31,0.16361417,-0.4,0.2,19.0
9.31,0.16849817,-0.4,0.2,19.0
9.32,0.17338218,-0.4,0.2,19.0
9.32,0.16849817,-0.4,0.2,19.0
9.32,0.17338218,-0.4,0.2,19.0
9.32,0.16849817,-0.4,0.2,19.0
9.32,0.16849817,-0.4,0.2,19.0
9.32,0.16849817,-0.4,0.2,19.0
9.32,0.16849817,-0.4,0.2,19.0
9.32,0.16849817,-0.4,0.2,19.0
9.32,0.16849817,-0.4,0.2,19.0
9.33,0.16361417,-0.4,0.2,19.0
9.33,0.17338218,-0.4,0.2,19.0
9.33,0.16849817,-0.4,0.2,19.0
9.33,0.16849817,-0.4,0.2,19.0
9.33,0.16849817,-0.4,0.2,19.0
9.33,0.16849817,-0.4,0.2,19.0
9.33,0.16849817,-0.4,0.2,19.0
9.33,0.16361417,-0.4,0.2,19.0
9.33,0.15873016,-0.4,0.2,19.0
9.34,0.14896215,-0.4,0.2,19.0
9.34,0.14407815,-0.4,0.2,19.0
9.34,0.13919415,-0.4,0.2,19.0
9.34,0.13431014,-0.4,0.2,19.1
9.34,0.11965812,-0.4,0.2,19.1
9.34,0.10989011,-0.4,0.2,19.1
9.34,0.0952381,-0.4,0.2,19.1
9.35,0.07570208,-0.4,0.2,19.1
9.35,0.06593407,-0.4,0.2,19.1
9.35,0.046398047,-0.4,0.2,19.1
9.35,0.03663004,-0.4,0.2,19.1
9.35,0.026862027,-0.4,0.2,19.1
9.35,0.017094018,-0.4,0.2,19.1
9.35,0.012210012,-0.4,0.2,19.1
9.36,0.0024420025,-0.4,0.2,19.1
9.36,0.0024420025,-0.4,0.2,19.1
9.36,-0.0024420025,-0.4,0.2,19.1
9.36,-0.0073260074,-0.4,0.2,19.1
9.36,-0.012210012,-0.4,0.2,19.1
9.36,-0.012210012,-0.4,0.2,19.1
9.36,-0.0073260074,-0.4,0.2,19.1
9.36,-0.012210012,-0.4,0.2,19.200000000000003
9.36,-0.012210012,-0.4,0.2,19.200000000000003
9.37,-0.0073260074,-0.4,0.2,19.200000000000003
9.37,-0.012210012,-0.4,0.2,19.200000000000003
9.37,-0.0073260074,-0.4,0.2,19.200000000000003
9.37,-0.0024420025,-0.4,0.2,19.200000000000003
9.37,-0.0024420025,-0.4,0.2,19.200000000000003
9.37,0.0024420025,-0.4,0.2,19.200000000000003
9.37,0.012210012,-0.4,0.2,19.200000000000003
9.37,0.017094018,-0.4,0.2,19.200000000000003
9.38,0.021978023,-0.4,0.2,19.200000000000003
9.38,0.026862027,-0.4,0.2,19.200000000000003
9.38,0.026862027,-0.4,0.2,19.200000000000003
9.38,0.03663004,-0.4,0.2,19.200000000000003
9.38,0.041514043,-0.4,0.2,19.200000000000003
9.38,0.041514043,-0.4,0.2,19.200000000000003
9.38,0.051282052,-0.4,0.2,19.200000000000003
9.38,0.06105006,-0.4,0.2,19.200000000000003
9.38,0.056166057,-0.4,0.2,19.200000000000003
9.39,0.06105006,-0.4,0.2,19.200000000000003
9.39,0.070818074,-0.4,0.2,19.200000000000003
9.39,0.070818074,-0.4,0.2,19.200000000000003
9.39,0.07570208,-0.4,0.2,19.200000000000003
9.39,0.08547009,-0.4,0.2,19.3
9.39,0.0952381,-0.4,0.2,19.3
9.39,0.105006106,-0.4,0.2,19.3
9.39,0.105006106,-0.4,0.2,19.3
9.39,0.114774115,-0.4,0.2,19.3
9.39,0.124542125,-0.4,0.2,19.3
9.4,0.12942614,-0.4,0.2,19.3
9.4,0.14407815,-0.4,0.2,19.3
9.4,0.14407815,-0.4,0.2,19.3
9.4,0.14896215,-0.4,0.2,19.3
9.4,0.15873016,-0.4,0.2,19.3
9.4,0.16361417,-0.4,0.2,19.3
9.4,0.17826618,-0.4,0.2,19.3
9.4,0.18803419,-0.4,0.2,19.3
9.4,0.18315019,-0.4,0.2,19.3
9.4,0.1929182,-0.4,0.2,19.3
9.41,0.1978022,-0.4,0.2,19.3
9.41,0.1978022,-0.4,0.2,19.3
9.41,0.20757021,-0.4,0.2,19.3
9.41,0.20757021,-0.4,0.2,19.3
9.41,0.21245421,-0.4,0.2,19.3
9.41,0.21733822,-0.4,0.2,19.3
9.41,0.22710623,-0.4,0.2,19.3
9.41,0.22222222,-0.4,0.2,19.3
9.41,0.22222222,-0.4,0.2,19.3
9.41,0.22710623,-0.4,0.2,19.3
9.42,0.22710623,-0.4,0.2,19.3
9.42,0.23199023,-0.4,0.1,19.3
9.42,0.23199023,-0.4,0.1,19.3
9.42,0.23687424,-0.4,0.1,19.3
9.42,0.23199023,-0.4,0.1,19.3
9.42,0.23199023,-0.4,0.1,19.3
9.42,0.23199023,-0.4,0.1,19.3
9.42,0.23199023,-0.4,0.1,19.3
9.42,0.22710623,-0.4,0.1,19.3
9.42,0.22710623,-0.4,0.1,19.3
9.42,0.22710623,-0.4,0.1,19.3
